{
  "stage": "20",
  "description": "Structured (A=-D+J) vs Unstructured (A_k) Identification",
  "parameters": {
    "n": 8,
    "dt": 0.5,
    "n_structured_params": 31,
    "n_unstructured_params": 64,
    "rho_true": 0.6964312071732065,
    "q_scale": 0.05,
    "T_values": [
      20,
      50,
      100,
      200,
      500,
      1000,
      2000
    ],
    "n_trials": 50,
    "seed": 42
  },
  "results": {
    "20": {
      "T": 20,
      "n_trials": 50,
      "frob_struct_mean": 0.9362037297603159,
      "frob_struct_std": 0.14322306349936303,
      "frob_unstruct_mean": 2.1612093139012614,
      "frob_unstruct_std": 0.2946037853256309,
      "sign_recovery_mean": 0.8504347826086956,
      "sign_recovery_std": 0.0763832739339052,
      "sparsity_struct_mean": 1.0,
      "sparsity_struct_std": 0.0,
      "sparsity_unstruct_mean": 0.14363636363636365,
      "sparsity_unstruct_std": 0.0623418108287726,
      "rho_err_struct_mean": 0.1307572194678813,
      "rho_err_struct_std": 0.0963608183962588,
      "rho_err_unstruct_mean": 0.13958694411287945,
      "rho_err_unstruct_std": 0.10202086069780937,
      "frob_ratio_mean": 2.336001878289585
    },
    "50": {
      "T": 50,
      "n_trials": 50,
      "frob_struct_mean": 0.6124074851510544,
      "frob_struct_std": 0.08624883972060116,
      "frob_unstruct_mean": 1.1270136190558595,
      "frob_unstruct_std": 0.11665750139446829,
      "sign_recovery_mean": 0.9095652173913042,
      "sign_recovery_std": 0.05822841406185463,
      "sparsity_struct_mean": 1.0,
      "sparsity_struct_std": 0.0,
      "sparsity_unstruct_mean": 0.2927272727272727,
      "sparsity_unstruct_std": 0.07186611365595763,
      "rho_err_struct_mean": 0.11758461891889402,
      "rho_err_struct_std": 0.06353256259359262,
      "rho_err_unstruct_mean": 0.11378852959582134,
      "rho_err_unstruct_std": 0.08144422989280363,
      "frob_ratio_mean": 1.8667146806508668
    },
    "100": {
      "T": 100,
      "n_trials": 50,
      "frob_struct_mean": 0.4581058192696615,
      "frob_struct_std": 0.050103405313019184,
      "frob_unstruct_mean": 0.7673033519455064,
      "frob_unstruct_std": 0.07319005735955497,
      "sign_recovery_mean": 0.9382608695652174,
      "sign_recovery_std": 0.052239089724784665,
      "sparsity_struct_mean": 1.0,
      "sparsity_struct_std": 0.0,
      "sparsity_unstruct_mean": 0.40909090909090906,
      "sparsity_unstruct_std": 0.08850352646369838,
      "rho_err_struct_mean": 0.08467913116250958,
      "rho_err_struct_std": 0.06557934966310798,
      "rho_err_unstruct_mean": 0.09460634419503416,
      "rho_err_unstruct_std": 0.07100607700231926,
      "frob_ratio_mean": 1.6856773920650725
    },
    "200": {
      "T": 200,
      "n_trials": 50,
      "frob_struct_mean": 0.34438548340645786,
      "frob_struct_std": 0.05735518812760128,
      "frob_unstruct_mean": 0.5462846483225059,
      "frob_unstruct_std": 0.05234029588260902,
      "sign_recovery_mean": 0.9547826086956522,
      "sign_recovery_std": 0.04838409649823847,
      "sparsity_struct_mean": 1.0,
      "sparsity_struct_std": 0.0,
      "sparsity_unstruct_mean": 0.5509090909090909,
      "sparsity_unstruct_std": 0.08564346192889571,
      "rho_err_struct_mean": 0.05326260705159979,
      "rho_err_struct_std": 0.044620778659226895,
      "rho_err_unstruct_mean": 0.06227382785325964,
      "rho_err_unstruct_std": 0.05229549471619627,
      "frob_ratio_mean": 1.6123081760580495
    },
    "500": {
      "T": 500,
      "n_trials": 50,
      "frob_struct_mean": 0.21622561573100563,
      "frob_struct_std": 0.024838598957685525,
      "frob_unstruct_mean": 0.33028796689454637,
      "frob_unstruct_std": 0.03086595801753177,
      "sign_recovery_mean": 0.988695652173913,
      "sign_recovery_std": 0.02269215365339111,
      "sparsity_struct_mean": 1.0,
      "sparsity_struct_std": 0.0,
      "sparsity_unstruct_mean": 0.770909090909091,
      "sparsity_unstruct_std": 0.07812306930580373,
      "rho_err_struct_mean": 0.034807359960483744,
      "rho_err_struct_std": 0.03102786979656636,
      "rho_err_unstruct_mean": 0.04064185009745087,
      "rho_err_unstruct_std": 0.03564450594806461,
      "frob_ratio_mean": 1.540481508629745
    },
    "1000": {
      "T": 1000,
      "n_trials": 50,
      "frob_struct_mean": 0.16141084443283918,
      "frob_struct_std": 0.02061172425499525,
      "frob_unstruct_mean": 0.23747306579265018,
      "frob_unstruct_std": 0.022290572210930074,
      "sign_recovery_mean": 0.9939130434782609,
      "sign_recovery_std": 0.01508639267208475,
      "sparsity_struct_mean": 1.0,
      "sparsity_struct_std": 0.0,
      "sparsity_unstruct_mean": 0.9036363636363636,
      "sparsity_unstruct_std": 0.04440815782235726,
      "rho_err_struct_mean": 0.023388841956821484,
      "rho_err_struct_std": 0.01706599003777716,
      "rho_err_unstruct_mean": 0.02728649595053663,
      "rho_err_unstruct_std": 0.016795364989928372,
      "frob_ratio_mean": 1.484979665076371
    },
    "2000": {
      "T": 2000,
      "n_trials": 50,
      "frob_struct_mean": 0.11789952978518452,
      "frob_struct_std": 0.014969613989825194,
      "frob_unstruct_mean": 0.16809637771384162,
      "frob_unstruct_std": 0.015262305622491005,
      "sign_recovery_mean": 0.997391304347826,
      "sign_recovery_std": 0.010325514858293833,
      "sparsity_struct_mean": 1.0,
      "sparsity_struct_std": 0.0,
      "sparsity_unstruct_mean": 0.9842424242424243,
      "sparsity_unstruct_std": 0.020318854077866905,
      "rho_err_struct_mean": 0.019521247419965276,
      "rho_err_struct_std": 0.015626800029883158,
      "rho_err_unstruct_mean": 0.019832147362991256,
      "rho_err_unstruct_std": 0.014057374830504253,
      "frob_ratio_mean": 1.4363487836357194
    }
  },
  "criteria": {
    "C1_struct_better_low_T": true,
    "C2_sign_recovery": true,
    "C3_rho_err_struct_better": true,
    "C4_crossover_exists": true,
    "all_pass": true
  },
  "elapsed_seconds": 2.878772497177124
}