{
  "seed": 1414,
  "n_episodes": 20,
  "ep_costs": {
    "open_loop": [
      120.64384360735954,
      528.2291720668397,
      505.59035896384137,
      124.14098735201937,
      122.9106399080108,
      125.90197718799341,
      936.350070542879,
      565.0494475138589,
      128.33271011984573,
      121.40509132972068,
      126.27935815824006,
      119.10124309076555,
      120.66893333405237,
      133.91401393701452,
      559.0727435392749,
      536.6596893411106,
      535.1560225260959,
      859.7056137746539,
      134.27287902677645,
      127.23288160480855
    ],
    "pooled_lqr": [
      120.11139081738554,
      532.713854982339,
      502.8595375295938,
      122.84055095533881,
      121.7048545936547,
      123.73552436619612,
      823.7491546230935,
      563.0305270414212,
      128.2251468061894,
      120.70512860221811,
      125.20597155125836,
      118.21810906892752,
      119.23045846192547,
      133.94354542478746,
      555.050445840668,
      515.0522605868545,
      521.6810444082424,
      809.9654461706641,
      131.69243283882997,
      126.94051342581004
    ],
    "basin_lqr": [
      119.7743216236083,
      529.2428630472189,
      502.8254855304063,
      122.8219028688878,
      121.36883965342356,
      123.75939042203377,
      840.4594074848654,
      560.1314695378909,
      127.99968253431412,
      120.3420159181064,
      125.24449659144064,
      118.16354350913632,
      119.38151722066193,
      133.229088852921,
      553.9207555276846,
      519.9709334798721,
      521.5901112355042,
      820.9117974222153,
      131.66026485642269,
      126.63691578733794
    ],
    "hdr_main": [
      120.64384360735954,
      499.3358306971666,
      485.0239418362638,
      124.14098735201937,
      122.8811641002377,
      125.90197718799341,
      881.6452441050083,
      545.5404692346223,
      128.33271011984573,
      121.40509132972068,
      126.27935815824006,
      119.10124309076555,
      120.57693173586661,
      133.86211646531603,
      523.920564707182,
      523.5356027897793,
      516.4145021858598,
      809.1580623936769,
      134.24817766493484,
      127.29649081661361
    ],
    "pooled_lqr_estimated": [
      120.60053662871655,
      540.6865788288509,
      503.4233323396327,
      123.21678481512832,
      123.23980237815896,
      125.16356795307424,
      832.2264406274215,
      569.169499136804,
      128.29726770778348,
      121.24459013538933,
      126.34987715449576,
      118.8906762423996,
      119.80364832998778,
      134.32679703775904,
      555.9015760163753,
      521.3431524126161,
      518.9355390442063,
      822.4418388119753,
      132.81679683927584,
      127.45003985425119
    ]
  },
  "ep_basins": [
    2,
    1,
    1,
    0,
    2,
    0,
    1,
    1,
    2,
    2,
    0,
    0,
    0,
    2,
    1,
    1,
    1,
    1,
    0,
    2
  ],
  "ep_safety_rates": {
    "hdr_main": [
      0.125,
      0.84375,
      0.796875,
      0.06640625,
      0.16796875,
      0.08984375,
      0.9140625,
      0.859375,
      0.1484375,
      0.140625,
      0.08984375,
      0.07421875,
      0.05859375,
      0.16796875,
      0.84765625,
      0.80859375,
      0.81640625,
      0.8515625,
      0.125,
      0.14453125
    ],
    "pooled_lqr_estimated": [
      0.12109375,
      0.859375,
      0.8125,
      0.06640625,
      0.1640625,
      0.0859375,
      0.921875,
      0.87109375,
      0.14453125,
      0.140625,
      0.08984375,
      0.07421875,
      0.05859375,
      0.1640625,
      0.8515625,
      0.80078125,
      0.80078125,
      0.859375,
      0.12109375,
      0.14453125
    ]
  }
}