{
  "seed": 101,
  "n_episodes": 30,
  "ep_costs": {
    "open_loop": [
      123.53990686835756,
      469.01326882054195,
      124.00760012497808,
      645.8911636644326,
      474.74500220033235,
      131.18137389259647,
      141.7871947065739,
      939.2445449090305,
      1129.8599728923416,
      131.6729540986031,
      137.60593326142322,
      131.2633830478062,
      755.4221194520107,
      120.14947422651758,
      1134.7587928068572,
      118.95202602089111,
      719.631411596576,
      558.5349934078625,
      118.7144064041166,
      124.02236047810257,
      552.1498540610852,
      123.1528838687031,
      123.50218562777114,
      120.55443515326216,
      121.38401416563845,
      122.71124090025235,
      123.57088112352213,
      127.41005836134822,
      130.12232333772997,
      656.9977658340966
    ],
    "pooled_lqr": [
      121.38226446972074,
      441.10170662841495,
      121.81672550960154,
      611.5319758968226,
      469.08646780014084,
      130.18893161710568,
      141.26768882629648,
      858.530718587613,
      1035.0966020892865,
      130.25178228950057,
      135.00350254256017,
      130.11169390466753,
      716.9616499537906,
      118.80277864432317,
      1063.8968369074034,
      117.51624144146425,
      719.6826738644778,
      533.3687090935309,
      118.1293925008348,
      123.71092860617524,
      498.2664100231898,
      123.48980067987497,
      121.8162716460301,
      119.1797586666688,
      120.74739456094206,
      121.82392807792421,
      122.47628568782106,
      126.32376143853473,
      130.04834559843925,
      639.475604493869
    ],
    "basin_lqr": [
      121.5552767980013,
      444.44123179242507,
      121.65876545074879,
      613.0852416804304,
      469.5637066141648,
      130.12064534415973,
      141.02323606075,
      857.8571152635237,
      1033.653050297026,
      129.8722539821453,
      134.8960579929404,
      130.05720548682254,
      719.9356864756994,
      118.74987271738286,
      1067.083483497614,
      117.53750301268553,
      724.4836128122255,
      540.1426541605092,
      118.0892228003705,
      123.61291015161827,
      500.2423203844714,
      123.11754333247049,
      121.73063531597568,
      119.26440369690069,
      120.62380618816555,
      121.74967182713281,
      122.3151507768936,
      126.29970603851929,
      129.6058869132222,
      640.4139286803478
    ],
    "hdr_main": [
      123.51605920866191,
      444.925762295251,
      124.00760012497808,
      602.4903153268411,
      454.8019076287619,
      131.08942496918476,
      141.6723017264565,
      852.6482124354973,
      1022.2817320946529,
      131.60570459853346,
      137.62412137134473,
      131.2633830478062,
      683.9719158301681,
      120.09313357922018,
      1036.3767092195615,
      118.92615550745579,
      654.5397458760846,
      502.36000710922946,
      118.7144064041166,
      124.02236047810257,
      522.3578438930948,
      123.16703111401216,
      123.50218562777114,
      120.55443515326216,
      121.38401416563845,
      122.55696137623252,
      123.5539573173128,
      127.41005836134822,
      130.08722073848688,
      594.1334882619648
    ],
    "pooled_lqr_estimated": [
      121.63313556703237,
      437.9777258011043,
      122.16508813402325,
      611.6950906198101,
      472.51269202504113,
      131.03720392410796,
      141.6828672197927,
      859.9778051576346,
      1033.4160507993508,
      130.49193157112336,
      136.2094219290502,
      130.83191617382155,
      707.8064250744189,
      119.21589137234832,
      1053.6441193044986,
      118.62967627266421,
      716.8060424054975,
      534.941104935806,
      118.52187923807307,
      124.13239368059904,
      499.02845638746544,
      123.51949225131978,
      122.51693676722113,
      119.94705602921552,
      121.65847718156753,
      121.68609153214071,
      123.31026649074116,
      126.56408386154702,
      130.35329840511298,
      642.7662989833094
    ]
  },
  "ep_basins": [
    0,
    1,
    0,
    1,
    1,
    0,
    2,
    1,
    1,
    2,
    0,
    0,
    1,
    0,
    1,
    0,
    1,
    1,
    0,
    2,
    1,
    2,
    0,
    0,
    2,
    0,
    0,
    2,
    2,
    1
  ],
  "ep_safety_rates": {
    "hdr_main": [
      0.1484375,
      0.734375,
      0.17578125,
      0.87109375,
      0.78515625,
      0.2109375,
      0.1328125,
      0.84765625,
      0.94921875,
      0.10546875,
      0.2421875,
      0.234375,
      0.84375,
      0.13671875,
      0.91796875,
      0.17578125,
      0.84765625,
      0.828125,
      0.19140625,
      0.109375,
      0.8515625,
      0.12109375,
      0.1796875,
      0.1640625,
      0.1171875,
      0.16796875,
      0.16015625,
      0.09375,
      0.109375,
      0.84375
    ],
    "pooled_lqr_estimated": [
      0.13671875,
      0.7265625,
      0.1796875,
      0.88671875,
      0.80078125,
      0.21484375,
      0.1328125,
      0.84375,
      0.95703125,
      0.1015625,
      0.234375,
      0.2265625,
      0.875,
      0.140625,
      0.90234375,
      0.17578125,
      0.859375,
      0.8046875,
      0.19140625,
      0.109375,
      0.83203125,
      0.109375,
      0.1796875,
      0.1640625,
      0.1171875,
      0.16796875,
      0.1640625,
      0.09375,
      0.109375,
      0.85546875
    ]
  }
}