{
  "seed": 808,
  "n_episodes": 30,
  "ep_costs": {
    "open_loop": [
      703.8827552272944,
      120.79962911548763,
      128.39794782125895,
      117.33049966843134,
      119.84311430307547,
      491.68125743989947,
      122.04141854173594,
      126.39843999749058,
      124.05725146791943,
      129.6473139957691,
      125.58080733308998,
      834.9153242734977,
      123.10389802358326,
      470.5748432686516,
      128.58586652278404,
      563.425306916193,
      130.02352034180825,
      126.20813378395434,
      130.28919400261904,
      122.03370010442022,
      475.76124972448036,
      130.7558617485284,
      118.72661207993849,
      136.4867326968778,
      129.65114642993797,
      127.74608573006843,
      128.18341978735504,
      472.3371934697273,
      125.36560344180599,
      125.95534192949304
    ],
    "pooled_lqr": [
      686.7472710749753,
      119.53608131643436,
      128.34885697238363,
      116.08351298313553,
      119.75627121916646,
      493.8939933693341,
      120.17910374060303,
      125.38888920884104,
      123.80449574121909,
      129.014315181472,
      124.79972563418019,
      817.74623939995,
      122.11987159122968,
      469.8327732831117,
      128.27683496505543,
      548.8409437669179,
      129.60928828774004,
      125.83412472946101,
      129.86296440550908,
      121.84852846945408,
      436.88887119317326,
      130.75393242956173,
      116.9609490518682,
      135.25087713494773,
      129.2372169546883,
      127.2981596098608,
      126.21716243370504,
      460.65376647300144,
      125.06483112364462,
      124.98104062619826
    ],
    "basin_lqr": [
      685.5765376860942,
      119.58008577743512,
      127.84335287605644,
      116.17297490751037,
      119.4740019197205,
      490.2993556580701,
      120.07203585104084,
      125.34497992318798,
      123.72358643418298,
      128.68366652152704,
      124.74748859421544,
      822.9036698175661,
      122.25669441682166,
      470.25140093962966,
      127.68352637152624,
      549.3466359042909,
      129.35299068586437,
      125.61641700411549,
      129.50519437568855,
      120.95545299405096,
      440.59310072883306,
      130.23648317121976,
      116.94908107029602,
      135.20394720461803,
      128.7116445171965,
      127.03252342095844,
      126.0957454086294,
      459.281935564252,
      124.81713102673005,
      124.95891350330783
    ],
    "hdr_main": [
      641.9323785312816,
      120.79962911548763,
      128.39794782125895,
      117.33049966843134,
      119.83051446184365,
      476.26397384949297,
      122.04141854173594,
      126.39010884721229,
      124.05725146791943,
      129.61468884629463,
      125.55731723120809,
      774.2053257200847,
      123.10389802358326,
      455.8452407709766,
      128.59376083189144,
      529.5562775699627,
      129.93375773813898,
      126.20813378395434,
      130.1443185978164,
      122.03370010442022,
      456.4682791442632,
      130.7558617485284,
      118.72661207993849,
      136.43746512466592,
      129.60125531628208,
      127.72516201845319,
      128.1629542000909,
      457.6364696511591,
      125.3512581015035,
      125.94710266099207
    ],
    "pooled_lqr_estimated": [
      686.596996134553,
      120.45327662014024,
      128.59498268043902,
      116.56537756690507,
      120.26836911417776,
      481.1010140596904,
      121.0729632366153,
      126.31416612902214,
      124.27378088377975,
      129.33622930063822,
      125.30261047941272,
      821.2348259855395,
      122.60033294328409,
      470.2783299954554,
      128.47170879005597,
      552.7145361418302,
      129.7222492508716,
      126.33587504769426,
      130.27754265316366,
      121.21971909191473,
      440.7244673065206,
      130.28874314458378,
      118.20143258197695,
      134.7221834706479,
      129.72762197696503,
      127.69899602425882,
      127.42059248144275,
      460.7767216564685,
      126.08930892984834,
      125.24173240788443
    ],
    "hdr_tube_mpc": [
      604.0900776227498,
      120.79962911548763,
      128.39794782125895,
      117.33049966843134,
      119.83050586698786,
      471.8142859414096,
      122.04141854173594,
      126.39010884721229,
      124.05725146791943,
      129.61468884629463,
      125.55727409032373,
      747.6848840422122,
      123.10389802358326,
      450.2553769227246,
      128.59376083189144,
      514.5790421086601,
      129.93375773813898,
      126.20813378395434,
      130.1443185978164,
      122.03370010442022,
      451.29418861318703,
      130.7558617485284,
      118.72661207993849,
      136.43746512466592,
      129.60125531628208,
      127.72516201845319,
      128.1629542000909,
      456.17876157851504,
      125.3512581015035,
      125.94710398341617
    ]
  },
  "ep_basins": [
    1,
    0,
    2,
    0,
    2,
    1,
    0,
    0,
    2,
    2,
    2,
    1,
    0,
    1,
    2,
    1,
    2,
    2,
    2,
    2,
    1,
    2,
    0,
    0,
    2,
    2,
    0,
    1,
    2,
    0
  ],
  "ep_safety_rates": {
    "hdr_main": [
      0.8359375,
      0.11328125,
      0.1796875,
      0.09375,
      0.1796875,
      0.8046875,
      0.078125,
      0.109375,
      0.1640625,
      0.203125,
      0.1640625,
      0.93359375,
      0.1171875,
      0.78125,
      0.1484375,
      0.80078125,
      0.1484375,
      0.16796875,
      0.21484375,
      0.16015625,
      0.78515625,
      0.1640625,
      0.10546875,
      0.1796875,
      0.1953125,
      0.16015625,
      0.1328125,
      0.78125,
      0.1796875,
      0.10546875
    ],
    "pooled_lqr_estimated": [
      0.82421875,
      0.10546875,
      0.1796875,
      0.09375,
      0.18359375,
      0.80859375,
      0.078125,
      0.109375,
      0.1640625,
      0.203125,
      0.1640625,
      0.9375,
      0.1171875,
      0.79296875,
      0.14453125,
      0.8125,
      0.1484375,
      0.16015625,
      0.21484375,
      0.15234375,
      0.77734375,
      0.1640625,
      0.10546875,
      0.17578125,
      0.1953125,
      0.1640625,
      0.1328125,
      0.7734375,
      0.1796875,
      0.1015625
    ],
    "hdr_tube_mpc": [
      0.82421875,
      0.11328125,
      0.1796875,
      0.09375,
      0.1796875,
      0.796875,
      0.078125,
      0.109375,
      0.1640625,
      0.203125,
      0.1640625,
      0.92578125,
      0.1171875,
      0.78125,
      0.1484375,
      0.796875,
      0.1484375,
      0.16796875,
      0.21484375,
      0.16015625,
      0.77734375,
      0.1640625,
      0.10546875,
      0.1796875,
      0.1953125,
      0.16015625,
      0.1328125,
      0.77734375,
      0.1796875,
      0.10546875
    ]
  }
}