{
  "seed": 1515,
  "n_episodes": 30,
  "ep_costs": {
    "open_loop": [
      111.50334598430408,
      1083.2731232798235,
      111.88373154014772,
      717.5079325035717,
      132.91129862891603,
      573.1533923992232,
      465.9331730167098,
      584.7767497140236,
      124.78522920114672,
      645.1268135191276,
      578.768622184741,
      126.29556943252923,
      494.0615558758656,
      120.17485246482477,
      473.9860271234506,
      133.5009716566841,
      581.2033620571935,
      125.0619631926035,
      125.02008630793729,
      125.34714474998107,
      125.45216993015947,
      122.56992143660887,
      126.73884829222308,
      114.58532941775829,
      132.39663255105998,
      137.32183073764142,
      750.4986310488772,
      117.16954143736301,
      132.93189504550884,
      600.0794414282009
    ],
    "pooled_lqr": [
      110.99019143351497,
      1044.8406118894031,
      111.11755835009433,
      724.0630432475026,
      131.15314228041717,
      549.6058606031663,
      451.88032814072767,
      568.7668592926423,
      123.56077241443533,
      642.0214535240542,
      552.0009671201617,
      124.66981856193088,
      488.6783963413276,
      119.83966405691234,
      453.5023964710084,
      131.87743758502543,
      551.863001827629,
      123.79366204973566,
      124.9813075817416,
      125.40814347435871,
      124.80418626302699,
      122.70047909133086,
      124.4522330471015,
      113.97827922515732,
      131.91587384046548,
      135.1121931537434,
      734.7470539300442,
      115.87561925735308,
      132.61843889916747,
      582.4942438671213
    ],
    "basin_lqr": [
      111.02380116215149,
      1046.3631638785707,
      111.18228232518719,
      721.7346354906297,
      131.0910584724845,
      550.7246352164591,
      460.82316383557657,
      569.6457901559862,
      123.33106143103284,
      636.9916581002225,
      555.5247093811447,
      124.60808297962215,
      491.3627943387036,
      119.21270688828096,
      456.09795772265755,
      131.8690249450314,
      555.7862728823152,
      123.92957251224148,
      124.59723137972007,
      124.7087654019203,
      124.67709823532424,
      122.32088165120163,
      124.29218917762664,
      113.93792353732194,
      131.25548371185337,
      135.08164278165825,
      733.3015054219773,
      115.77465247908768,
      132.37542802732193,
      585.626606940766
    ],
    "hdr_main": [
      111.50334598430408,
      988.1730399417552,
      111.84734790957499,
      676.220333484075,
      132.84487139373255,
      524.5727774820318,
      453.0966891152831,
      540.2294355470215,
      124.7958879342232,
      600.3735157291213,
      561.443968976883,
      126.29556943252923,
      475.7026800132016,
      120.1588866983696,
      464.1093657637378,
      133.37536314078332,
      559.9779873850878,
      125.0619631926035,
      125.0167226011102,
      125.27109931266995,
      125.44073174967595,
      122.56105397495895,
      126.71034735061671,
      114.58532941775829,
      132.31156879395925,
      137.32183073764142,
      684.6025350641472,
      117.12336828914847,
      132.75910332107068,
      567.8024332862643
    ],
    "pooled_lqr_estimated": [
      111.31509854366595,
      1050.9285251618046,
      111.71979704034044,
      716.1545070274425,
      131.58044922873293,
      548.7318069820519,
      450.1370026101186,
      571.3644742161517,
      124.25400839318242,
      636.1039036493466,
      546.7315125597136,
      125.14451563066619,
      487.8667347255179,
      120.12751226019523,
      456.05080180574663,
      132.84138940374842,
      557.1859609856127,
      123.89627161238734,
      125.27155042399478,
      125.06318432944876,
      125.2863151010932,
      122.81914982954959,
      125.33550749827415,
      114.36335577559544,
      132.49536503442346,
      135.8243567483539,
      740.1315360258748,
      116.10891105226389,
      132.82059219419833,
      585.8265852481175
    ],
    "hdr_tube_mpc": [
      111.50334598430408,
      900.8563962008095,
      111.84734790957499,
      648.0772966919359,
      132.8446002230158,
      507.7321472375615,
      448.97255692279265,
      514.5303582117614,
      124.7958879342232,
      579.4861512087814,
      555.796964633524,
      126.29556943252923,
      471.2172074754169,
      120.1588866983696,
      461.9838621061757,
      133.37536314078332,
      554.5228693981389,
      125.0619631926035,
      125.0167226011102,
      125.27120205135502,
      125.44073174967595,
      122.56105397495895,
      126.71034735061671,
      114.58532941775829,
      132.31156879395925,
      137.32183073764142,
      611.8605336785504,
      117.12324775094137,
      132.75889342472547,
      554.779997101774
    ]
  },
  "ep_basins": [
    0,
    1,
    0,
    1,
    0,
    1,
    1,
    1,
    2,
    1,
    1,
    0,
    1,
    2,
    1,
    0,
    1,
    0,
    2,
    2,
    2,
    2,
    0,
    0,
    2,
    0,
    1,
    0,
    2,
    1
  ],
  "ep_safety_rates": {
    "hdr_main": [
      0.0625,
      0.859375,
      0.0546875,
      0.81640625,
      0.08984375,
      0.86328125,
      0.765625,
      0.80859375,
      0.1015625,
      0.83984375,
      0.7890625,
      0.0859375,
      0.76953125,
      0.140625,
      0.765625,
      0.09375,
      0.76171875,
      0.08203125,
      0.12890625,
      0.1484375,
      0.12890625,
      0.12109375,
      0.1015625,
      0.0859375,
      0.16796875,
      0.12109375,
      0.859375,
      0.078125,
      0.1484375,
      0.83203125
    ],
    "pooled_lqr_estimated": [
      0.0703125,
      0.86328125,
      0.0546875,
      0.83203125,
      0.0859375,
      0.8515625,
      0.75390625,
      0.8125,
      0.1015625,
      0.85546875,
      0.7890625,
      0.0859375,
      0.78125,
      0.1484375,
      0.75,
      0.09375,
      0.77734375,
      0.08203125,
      0.12890625,
      0.1484375,
      0.12890625,
      0.12109375,
      0.09765625,
      0.0859375,
      0.16796875,
      0.1171875,
      0.83984375,
      0.078125,
      0.15625,
      0.83984375
    ],
    "hdr_tube_mpc": [
      0.0625,
      0.8515625,
      0.0546875,
      0.796875,
      0.08984375,
      0.86328125,
      0.765625,
      0.8046875,
      0.1015625,
      0.8359375,
      0.78125,
      0.0859375,
      0.765625,
      0.140625,
      0.76171875,
      0.09375,
      0.7578125,
      0.08203125,
      0.12890625,
      0.1484375,
      0.12890625,
      0.12109375,
      0.1015625,
      0.0859375,
      0.16796875,
      0.12109375,
      0.85546875,
      0.078125,
      0.1484375,
      0.828125
    ]
  }
}