{
  "seed": 1616,
  "n_episodes": 30,
  "ep_costs": {
    "open_loop": [
      131.2888915003886,
      129.82609117095657,
      744.0882332082923,
      602.6874756578552,
      123.79747794802199,
      125.62015990050679,
      718.3648311002643,
      132.0726647755714,
      133.76141119137418,
      135.85403460423444,
      852.7036405119317,
      130.68944554771122,
      121.2137760080644,
      125.88307799550684,
      127.39563856134404,
      603.9041463765137,
      126.81176107244336,
      117.89634409400182,
      122.32602267171211,
      123.94646386466599,
      126.79201095677364,
      130.7038958299686,
      132.19990993922158,
      123.66103516084425,
      118.19731873994087,
      129.63241779936922,
      589.9422487958142,
      119.2401256440896,
      744.8914313113083,
      1034.0186367933359
    ],
    "pooled_lqr": [
      131.10845335586592,
      129.57013200124808,
      723.0887363169061,
      579.7871390599654,
      122.65517419977353,
      124.51602151685185,
      711.9093511425981,
      130.89894597624624,
      133.02015759186324,
      132.9152169480848,
      798.0498372607804,
      129.3420811655678,
      119.32400894196616,
      124.55810453045505,
      125.12755861907186,
      597.1696972353758,
      126.374792790002,
      116.26906292700937,
      122.33288878747169,
      123.55352485850457,
      125.95255222467397,
      129.56089649836844,
      131.58303342330802,
      122.51834313895168,
      116.20113221966004,
      128.52012666664425,
      587.9111566529424,
      118.7166305599729,
      734.2916200997023,
      966.6203114257431
    ],
    "basin_lqr": [
      130.97354460150476,
      129.10671673676129,
      720.3392088684477,
      584.5703256675781,
      122.70527031986279,
      124.54678062460025,
      713.3347692043155,
      130.6719416853033,
      132.32975025570684,
      132.78106920404466,
      800.3479312955858,
      129.42818413404595,
      119.230571446796,
      124.50865606984472,
      125.10885218900626,
      600.7588152961775,
      125.60916899513317,
      116.21610700779942,
      121.78963904483051,
      122.75282397771767,
      125.6343841674164,
      129.2511077105549,
      131.29450510803562,
      122.43691707483764,
      116.22263245434394,
      128.56544006465995,
      585.2764009987325,
      118.61379794657965,
      746.610149843435,
      972.3889538727477
    ],
    "hdr_main": [
      131.30283167271983,
      129.80878807034549,
      666.1186509998829,
      548.4889909199275,
      123.8240950179464,
      125.54396305549234,
      667.7995684150983,
      131.9549190138346,
      133.7302443388915,
      135.7731690811669,
      797.8436553717568,
      130.68944554771122,
      121.2137760080644,
      125.82657956005511,
      127.37501624935685,
      551.5280428433192,
      126.81176107244336,
      117.89634409400182,
      122.33406962803488,
      123.97998871328163,
      126.79201095677364,
      130.7038958299686,
      132.13268899724508,
      123.53893255071941,
      118.19425792320784,
      129.6047510745414,
      539.8927763530331,
      119.2401256440896,
      692.6887531956199,
      910.9590064557414
    ],
    "pooled_lqr_estimated": [
      131.32857172167792,
      129.85085090237718,
      721.0000992513495,
      590.965020158898,
      123.52318660641355,
      124.58064067823793,
      715.8020540000705,
      131.77211439517336,
      133.47648744098873,
      135.15896459235583,
      804.039601868948,
      130.50414992023468,
      119.39119885798499,
      125.55484124385002,
      125.79925043646503,
      598.8287411424513,
      126.51396325976198,
      116.98795837189965,
      121.98553745279683,
      123.44616763039006,
      126.6518846617664,
      130.3020606289276,
      131.86930088491005,
      123.61844454263407,
      116.91332475449674,
      129.75360098661403,
      590.9737022270514,
      118.96012317816935,
      744.4226650942722,
      966.8448983411663
    ]
  },
  "ep_basins": [
    2,
    2,
    1,
    1,
    0,
    0,
    1,
    2,
    2,
    0,
    1,
    0,
    0,
    0,
    0,
    1,
    2,
    0,
    2,
    2,
    2,
    2,
    2,
    0,
    0,
    0,
    1,
    2,
    1,
    1
  ],
  "ep_safety_rates": {
    "hdr_main": [
      0.09765625,
      0.0546875,
      0.90234375,
      0.78515625,
      0.109375,
      0.09375,
      0.8359375,
      0.078125,
      0.12890625,
      0.1484375,
      0.82421875,
      0.15625,
      0.109375,
      0.1171875,
      0.1328125,
      0.76171875,
      0.09765625,
      0.09375,
      0.07421875,
      0.09375,
      0.078125,
      0.13671875,
      0.0625,
      0.08984375,
      0.13671875,
      0.140625,
      0.76953125,
      0.0703125,
      0.8828125,
      0.96484375
    ],
    "pooled_lqr_estimated": [
      0.09765625,
      0.0546875,
      0.9140625,
      0.78125,
      0.1015625,
      0.09375,
      0.82421875,
      0.078125,
      0.12890625,
      0.15234375,
      0.8671875,
      0.15625,
      0.109375,
      0.11328125,
      0.12890625,
      0.7578125,
      0.09765625,
      0.09375,
      0.07421875,
      0.09375,
      0.078125,
      0.13671875,
      0.0625,
      0.09375,
      0.13671875,
      0.140625,
      0.78515625,
      0.0703125,
      0.87890625,
      0.97265625
    ]
  }
}