{
  "seed": 101,
  "n_episodes": 30,
  "ep_costs": {
    "open_loop": [
      123.53990686835756,
      469.01326882054195,
      124.00760012497808,
      645.8911636644326,
      474.74500220033235,
      131.18137389259647,
      141.7871947065739,
      939.2445449090305,
      1129.8599728923416,
      131.6729540986031,
      137.60593326142322,
      131.2633830478062,
      755.4221194520107,
      120.14947422651758,
      1134.7587928068572,
      118.95202602089111,
      719.631411596576,
      558.5349934078625,
      118.7144064041166,
      124.02236047810257,
      552.1498540610852,
      123.1528838687031,
      123.50218562777114,
      120.55443515326216,
      121.38401416563845,
      122.71124090025235,
      123.57088112352213,
      127.41005836134822,
      130.12232333772997,
      656.9977658340966
    ],
    "pooled_lqr": [
      121.38226446972074,
      441.10170662841495,
      121.81672550960154,
      611.5319758968226,
      469.08646780014084,
      130.18893161710568,
      141.26768882629648,
      858.530718587613,
      1035.0966020892865,
      130.25178228950057,
      135.00350254256017,
      130.11169390466753,
      716.9616499537906,
      118.80277864432317,
      1063.8968369074034,
      117.51624144146425,
      719.6826738644778,
      533.3687090935309,
      118.1293925008348,
      123.71092860617524,
      498.2664100231898,
      123.48980067987497,
      121.8162716460301,
      119.1797586666688,
      120.74739456094206,
      121.82392807792421,
      122.47628568782106,
      126.32376143853473,
      130.04834559843925,
      639.475604493869
    ],
    "basin_lqr": [
      121.5552767980013,
      444.44123179242507,
      121.65876545074879,
      613.0852416804304,
      469.5637066141648,
      130.12064534415973,
      141.02323606075,
      857.8571152635237,
      1033.653050297026,
      129.8722539821453,
      134.8960579929404,
      130.05720548682254,
      719.9356864756994,
      118.74987271738286,
      1067.083483497614,
      117.53750301268553,
      724.4836128122255,
      540.1426541605092,
      118.0892228003705,
      123.61291015161827,
      500.2423203844714,
      123.11754333247049,
      121.73063531597568,
      119.26440369690069,
      120.62380618816555,
      121.74967182713281,
      122.3151507768936,
      126.29970603851929,
      129.6058869132222,
      640.4139286803478
    ],
    "hdr_main": [
      123.51605922381114,
      444.9257624560918,
      124.00760012497808,
      602.4903182596967,
      454.801908351749,
      131.08942499625323,
      141.6723017709876,
      852.6482213417664,
      1022.2817399658957,
      131.60570455735063,
      137.62412140677034,
      131.2633830478062,
      683.9719222322667,
      120.09313359181738,
      1036.3767198094,
      118.92615552375584,
      654.5397508963504,
      502.36000960441146,
      118.7144064041166,
      124.02236047810257,
      522.357846018525,
      123.16703109536547,
      123.50218562777114,
      120.55443515326216,
      121.38401416563845,
      122.55696136735038,
      123.5539573231569,
      127.41005836134822,
      130.08722075836232,
      594.1334944089576
    ],
    "pooled_lqr_estimated": [
      121.60940864357197,
      438.3153730850544,
      122.27670935821158,
      614.4737858923992,
      471.14456182310147,
      130.8277816209141,
      141.53739148998463,
      859.5987311201151,
      1036.6151300221352,
      130.543251497743,
      136.192983186732,
      130.62496548655142,
      715.7124872177392,
      118.80268516214275,
      1055.2415704267908,
      118.0777149176242,
      715.5909145956967,
      534.1405893294625,
      118.27366004789769,
      123.82011439261203,
      500.2702082705026,
      123.48745224144952,
      122.10432902517898,
      119.95127662307124,
      121.386421317619,
      120.79055668172877,
      122.61321972189855,
      126.47015045794008,
      130.23252851015434,
      644.4094928760974
    ],
    "hdr_tube_mpc": [
      123.51605922381114,
      442.5174881674391,
      124.00760012497808,
      579.4348147086948,
      451.8498152642897,
      131.08895907121513,
      141.67171873307,
      772.6540362302236,
      914.7585560058042,
      131.60479316344015,
      137.62412140677034,
      131.2633830478062,
      642.0905228447604,
      120.09313359181738,
      949.3661705830708,
      118.92615552375584,
      616.3259501662965,
      474.91954824948465,
      118.7144064041166,
      124.02236047810257,
      512.3145136693934,
      123.16724118761007,
      123.50218562777114,
      120.55443515326216,
      121.38401416563845,
      122.55696136735038,
      123.5539573231569,
      127.41005836134822,
      130.0870416473248,
      552.2674058308779
    ]
  },
  "ep_basins": [
    0,
    1,
    0,
    1,
    1,
    0,
    2,
    1,
    1,
    2,
    0,
    0,
    1,
    0,
    1,
    0,
    1,
    1,
    0,
    2,
    1,
    2,
    0,
    0,
    2,
    0,
    0,
    2,
    2,
    1
  ],
  "ep_safety_rates": {
    "hdr_main": [
      0.1484375,
      0.734375,
      0.17578125,
      0.87109375,
      0.78515625,
      0.2109375,
      0.1328125,
      0.84765625,
      0.94921875,
      0.10546875,
      0.2421875,
      0.234375,
      0.84375,
      0.13671875,
      0.91796875,
      0.17578125,
      0.84765625,
      0.828125,
      0.19140625,
      0.109375,
      0.8515625,
      0.12109375,
      0.1796875,
      0.1640625,
      0.1171875,
      0.16796875,
      0.16015625,
      0.09375,
      0.109375,
      0.84375
    ],
    "pooled_lqr_estimated": [
      0.1328125,
      0.7265625,
      0.1796875,
      0.8828125,
      0.8046875,
      0.21484375,
      0.1328125,
      0.84375,
      0.9609375,
      0.1015625,
      0.23828125,
      0.23046875,
      0.875,
      0.14453125,
      0.90234375,
      0.17578125,
      0.85546875,
      0.8046875,
      0.19140625,
      0.109375,
      0.83203125,
      0.109375,
      0.1796875,
      0.1640625,
      0.1171875,
      0.16796875,
      0.16015625,
      0.09375,
      0.109375,
      0.85546875
    ],
    "hdr_tube_mpc": [
      0.1484375,
      0.734375,
      0.17578125,
      0.859375,
      0.78125,
      0.2109375,
      0.1328125,
      0.84375,
      0.9296875,
      0.10546875,
      0.2421875,
      0.234375,
      0.828125,
      0.13671875,
      0.90625,
      0.17578125,
      0.84765625,
      0.82421875,
      0.19140625,
      0.109375,
      0.8359375,
      0.12109375,
      0.1796875,
      0.1640625,
      0.1171875,
      0.16796875,
      0.16015625,
      0.09375,
      0.109375,
      0.8359375
    ]
  }
}