{
  "seed": 202,
  "n_episodes": 20,
  "ep_costs": {
    "open_loop": [
      127.6886923283054,
      123.88541042693245,
      123.76704738809637,
      121.6931201210585,
      115.43137254622468,
      884.2763200057249,
      124.19406413537504,
      900.0952642442576,
      128.51344315570728,
      124.21273523702793,
      119.82402964833197,
      726.9921989454184,
      835.7246344865911,
      112.5806266645452,
      1746.756443311078,
      953.8536056741765,
      125.57114580031107,
      122.5776879445672,
      787.637319292199,
      124.8832639617571
    ],
    "pooled_lqr": [
      127.3388668950201,
      123.5592765141819,
      122.78203772255499,
      121.05468535882262,
      113.9410311039486,
      885.3621970029357,
      124.37387745552965,
      803.5265259414689,
      128.36652779450486,
      122.58451354586562,
      119.1038902162798,
      726.1468324806852,
      836.2311533390786,
      111.37168778143968,
      1598.0873994147807,
      878.0979861946381,
      125.55689964041957,
      121.2452879342932,
      778.0795926864131,
      121.46950926488834
    ],
    "basin_lqr": [
      127.25254578289889,
      123.42249212932151,
      122.82966207820164,
      120.63455972754478,
      113.9732393732783,
      894.9085490736167,
      123.65887893691425,
      803.2576547004331,
      127.75095204409604,
      122.63311131604227,
      119.08540395568063,
      738.2729845928847,
      858.8369814738663,
      111.27571366987056,
      1601.8063764621706,
      881.6578098647111,
      125.05084631370777,
      121.20389957834007,
      778.4007099361658,
      121.12502105893785
    ],
    "hdr_main": [
      127.66809133004399,
      123.8825664702633,
      123.74600355795947,
      121.69090479590908,
      115.43137254622468,
      767.7858364211409,
      124.19406413537504,
      824.2069525752072,
      128.4604324359118,
      124.21273523702793,
      119.74639114287619,
      666.5945087566042,
      752.6128433124314,
      112.5604043187288,
      1586.6002555428486,
      850.9790840500202,
      125.55971818634674,
      122.5776879445672,
      692.9094376348012,
      124.82811340155267
    ],
    "pooled_lqr_estimated": [
      127.75530418898047,
      124.24791977431704,
      123.65226771804166,
      121.4233000338712,
      115.76036732304112,
      875.8503204931184,
      124.22945704854193,
      797.1437094435654,
      128.82284899627695,
      122.81302270103535,
      119.59928777357207,
      720.8243212587005,
      838.0656847953792,
      112.289958702695,
      1586.742532710163,
      872.9716030123337,
      125.75193249647357,
      120.92767958647997,
      777.911305855152,
      122.80388682044179
    ]
  },
  "ep_basins": [
    2,
    0,
    0,
    2,
    0,
    1,
    2,
    1,
    2,
    0,
    0,
    1,
    1,
    0,
    1,
    1,
    2,
    0,
    1,
    0
  ],
  "ep_safety_rates": {
    "hdr_main": [
      0.19140625,
      0.16015625,
      0.16796875,
      0.17578125,
      0.1875,
      0.76171875,
      0.19921875,
      0.7734375,
      0.20703125,
      0.1796875,
      0.1171875,
      0.83984375,
      0.83984375,
      0.15234375,
      0.91015625,
      0.94140625,
      0.1875,
      0.1796875,
      0.8828125,
      0.1484375
    ],
    "pooled_lqr_estimated": [
      0.1953125,
      0.15625,
      0.1640625,
      0.16796875,
      0.18359375,
      0.80078125,
      0.19921875,
      0.7734375,
      0.20703125,
      0.17578125,
      0.12109375,
      0.84375,
      0.87109375,
      0.14453125,
      0.90625,
      0.94140625,
      0.1875,
      0.17578125,
      0.85546875,
      0.140625
    ]
  }
}