{
  "seed": 1616,
  "n_episodes": 30,
  "ep_costs": {
    "open_loop": [
      131.2888915003886,
      129.82609117095657,
      744.0882332082923,
      602.6874756578552,
      123.79747794802199,
      125.62015990050679,
      718.3648311002643,
      132.0726647755714,
      133.76141119137418,
      135.85403460423444,
      852.7036405119317,
      130.68944554771122,
      121.2137760080644,
      125.88307799550684,
      127.39563856134404,
      603.9041463765137,
      126.81176107244336,
      117.89634409400182,
      122.32602267171211,
      123.94646386466599,
      126.79201095677364,
      130.7038958299686,
      132.19990993922158,
      123.66103516084425,
      118.19731873994087,
      129.63241779936922,
      589.9422487958142,
      119.2401256440896,
      744.8914313113083,
      1034.0186367933359
    ],
    "pooled_lqr": [
      131.10845335586592,
      129.57013200124808,
      723.0887363169061,
      579.7871390599654,
      122.65517419977353,
      124.51602151685185,
      711.9093511425981,
      130.89894597624624,
      133.02015759186324,
      132.9152169480848,
      798.0498372607804,
      129.3420811655678,
      119.32400894196616,
      124.55810453045505,
      125.12755861907186,
      597.1696972353758,
      126.374792790002,
      116.26906292700937,
      122.33288878747169,
      123.55352485850457,
      125.95255222467397,
      129.56089649836844,
      131.58303342330802,
      122.51834313895168,
      116.20113221966004,
      128.52012666664425,
      587.9111566529424,
      118.7166305599729,
      734.2916200997023,
      966.6203114257431
    ],
    "basin_lqr": [
      130.97354460150476,
      129.10671673676129,
      720.3392088684477,
      584.5703256675781,
      122.70527031986279,
      124.54678062460025,
      713.3347692043155,
      130.6719416853033,
      132.32975025570684,
      132.78106920404466,
      800.3479312955858,
      129.42818413404595,
      119.230571446796,
      124.50865606984472,
      125.10885218900626,
      600.7588152961775,
      125.60916899513317,
      116.21610700779942,
      121.78963904483051,
      122.75282397771767,
      125.6343841674164,
      129.2511077105549,
      131.29450510803562,
      122.43691707483764,
      116.22263245434394,
      128.56544006465995,
      585.2764009987325,
      118.61379794657965,
      746.610149843435,
      972.3889538727477
    ],
    "hdr_main": [
      131.30283166933586,
      129.8087880723611,
      666.1186633604882,
      548.4889986946777,
      123.8240950334471,
      125.54396301562517,
      667.7995774589527,
      131.95491906730925,
      133.73024435918379,
      135.77316903296102,
      797.843659087176,
      130.68944554771122,
      121.2137760080644,
      125.82657960069335,
      127.37501628400044,
      551.5280504236889,
      126.81176107244336,
      117.89634409400182,
      122.33406963013155,
      123.97998871261744,
      126.79201095677364,
      130.7038958299686,
      132.13268901468905,
      123.53893252293564,
      118.19425792322662,
      129.60475107676706,
      539.8927838907065,
      119.2401256440896,
      692.6887626138464,
      910.959025711614
    ],
    "pooled_lqr_estimated": [
      131.0643809110273,
      129.7490370211305,
      722.311246457487,
      590.0326206531693,
      122.8309331918951,
      124.3938609151472,
      714.9342201232031,
      131.66450402316715,
      133.34997408609922,
      135.18232413387278,
      805.5739908755996,
      129.94665866114588,
      119.30048958884137,
      125.38094343613123,
      125.86945846400616,
      598.159204683766,
      126.45534853345298,
      116.89585890831898,
      122.07372554403712,
      123.35645473391824,
      126.52164278704667,
      130.28707873728317,
      131.76569264498508,
      123.26124065404483,
      117.11355087037096,
      129.40974057841655,
      579.695948435842,
      118.89401800883282,
      736.3967635017082,
      964.2035983634679
    ],
    "hdr_tube_mpc": [
      131.30283166933586,
      129.8087880723611,
      617.8572954294411,
      522.4677235162565,
      123.8240950334471,
      125.54396301562517,
      646.2522903731032,
      131.954969449053,
      133.73024435918379,
      135.77316903296102,
      756.08467452039,
      130.68944554771122,
      121.2137760080644,
      125.82614070533639,
      127.37501628400044,
      530.66677394191,
      126.81176107244336,
      117.89634409400182,
      122.33406963013155,
      123.97998871261744,
      126.79201095677364,
      130.7038958299686,
      132.13268901468905,
      123.53893252293564,
      118.19425792322662,
      129.60475573551213,
      525.4727703466406,
      119.2401256440896,
      655.7750420889911,
      795.9716921072257
    ]
  },
  "ep_basins": [
    2,
    2,
    1,
    1,
    0,
    0,
    1,
    2,
    2,
    0,
    1,
    0,
    0,
    0,
    0,
    1,
    2,
    0,
    2,
    2,
    2,
    2,
    2,
    0,
    0,
    0,
    1,
    2,
    1,
    1
  ],
  "ep_safety_rates": {
    "hdr_main": [
      0.09765625,
      0.0546875,
      0.90234375,
      0.78515625,
      0.109375,
      0.09375,
      0.8359375,
      0.078125,
      0.12890625,
      0.1484375,
      0.82421875,
      0.15625,
      0.109375,
      0.1171875,
      0.1328125,
      0.76171875,
      0.09765625,
      0.09375,
      0.07421875,
      0.09375,
      0.078125,
      0.13671875,
      0.0625,
      0.08984375,
      0.13671875,
      0.140625,
      0.76953125,
      0.0703125,
      0.8828125,
      0.96484375
    ],
    "pooled_lqr_estimated": [
      0.09765625,
      0.0546875,
      0.91015625,
      0.78125,
      0.1015625,
      0.09375,
      0.81640625,
      0.078125,
      0.12890625,
      0.15234375,
      0.8671875,
      0.15625,
      0.109375,
      0.11328125,
      0.12890625,
      0.76171875,
      0.09765625,
      0.09375,
      0.07421875,
      0.09375,
      0.078125,
      0.13671875,
      0.0625,
      0.09375,
      0.140625,
      0.140625,
      0.78125,
      0.0703125,
      0.875,
      0.97265625
    ],
    "hdr_tube_mpc": [
      0.09765625,
      0.0546875,
      0.86328125,
      0.76953125,
      0.109375,
      0.09375,
      0.83203125,
      0.078125,
      0.12890625,
      0.1484375,
      0.8125,
      0.15625,
      0.109375,
      0.1171875,
      0.1328125,
      0.75,
      0.09765625,
      0.09375,
      0.07421875,
      0.09375,
      0.078125,
      0.13671875,
      0.0625,
      0.08984375,
      0.13671875,
      0.140625,
      0.76171875,
      0.0703125,
      0.87890625,
      0.91015625
    ]
  }
}