{
  "seed": 1010,
  "n_episodes": 30,
  "ep_costs": {
    "open_loop": [
      123.53306806170505,
      119.30507239628177,
      129.99838225202902,
      655.1563772906497,
      135.67618804478542,
      130.90757894916263,
      130.94766162716172,
      121.4315633268638,
      137.57478209782693,
      129.73141543314907,
      655.1457876349435,
      133.19355658734162,
      1470.9575794561056,
      121.80291289780877,
      655.2173752958315,
      129.97955147303995,
      130.91042347869305,
      124.8427566675618,
      136.14912024089807,
      670.9467149907863,
      125.31141308489376,
      782.9589440493045,
      141.22085639333477,
      871.4537941086247,
      557.1229790190616,
      131.1043015233991,
      650.2650573221529,
      130.41805369174168,
      132.27783207151896,
      472.417795749405
    ],
    "pooled_lqr": [
      122.21535046397344,
      118.69527813939565,
      129.19328534675924,
      655.7623023141779,
      135.55798711574081,
      129.19650521937257,
      130.3445787008775,
      119.71086352689507,
      136.56626304580547,
      128.77129630239403,
      650.5961874146163,
      131.62351982748694,
      1330.9344516125122,
      120.98036670686332,
      646.3338273185863,
      128.80497112229756,
      130.61214684431692,
      124.88192475150309,
      135.86970928098395,
      617.3980679807393,
      122.60733723135053,
      754.571762952245,
      140.33560026714238,
      868.5791616154264,
      552.9954855527175,
      130.30942353223537,
      656.7971680627762,
      129.5677858801508,
      131.50979298891266,
      484.6858960770986
    ],
    "basin_lqr": [
      122.52950733191413,
      118.64792993758236,
      129.03409620239682,
      660.4197348315715,
      134.86565176174844,
      129.23985310275538,
      130.02370571426206,
      119.71966479833604,
      136.34864611501558,
      128.76212895980584,
      650.2814891839269,
      131.75782692199255,
      1335.9625918396655,
      120.87855035329719,
      653.8060275466938,
      128.83142952907713,
      130.62136001518874,
      124.65664240998676,
      135.48111206911898,
      622.186743308041,
      122.58614859759508,
      756.5032175806423,
      139.92274048746162,
      866.8882909873546,
      555.2559450707118,
      130.2538916106847,
      661.5260632848414,
      129.28526708211098,
      131.48774380527956,
      480.060144086005
    ],
    "hdr_main": [
      123.53306806170505,
      119.30507239628177,
      129.9978892496536,
      631.9312332077408,
      135.66098012798346,
      130.90757894916263,
      130.94766162716172,
      121.37905715566473,
      137.4711740032603,
      129.61598079473217,
      589.2484696903106,
      133.04030453927686,
      1327.4569353932216,
      121.7926547707743,
      621.1030686585301,
      129.97955147303995,
      130.9108106324656,
      124.8427566675618,
      136.16767308618813,
      646.3244617840847,
      125.15021533269355,
      738.4152319045829,
      141.26655859325996,
      811.0085516741013,
      525.1683089687976,
      131.11216613914394,
      621.3693222276548,
      130.42334721822698,
      132.30163505335867,
      463.11539537297926
    ],
    "pooled_lqr_estimated": [
      122.90301227379707,
      118.75009732016527,
      129.75869713206924,
      660.206552495909,
      135.5030609270302,
      129.45925706728343,
      130.61798559855058,
      119.98717026351173,
      136.9028986685393,
      129.7699606759742,
      653.2499979807898,
      132.08739516775913,
      1340.0546819383535,
      120.98553567348665,
      641.2178826039782,
      128.5803446074582,
      130.27506382101828,
      125.35499113665485,
      135.90327814647006,
      620.2583564866247,
      123.73143542271886,
      760.0362749515537,
      140.58726213773278,
      867.6438529137669,
      557.9961535658938,
      131.04645608961454,
      646.2262634224182,
      130.10094883822012,
      131.94210161166887,
      472.988960854418
    ],
    "hdr_tube_mpc": [
      123.53306806170505,
      119.30507239628177,
      129.9978892496536,
      626.4467395620485,
      135.66098012798346,
      130.90757894916263,
      130.94766162716172,
      121.3789515215807,
      137.47112190440953,
      129.61598079473217,
      569.7879916934478,
      133.0401686664215,
      1190.4471033198458,
      121.7926547707743,
      594.3488282918369,
      129.97955147303995,
      130.9108106324656,
      124.8427566675618,
      136.16767308618813,
      642.185913180933,
      125.14884428543365,
      695.6397190948634,
      141.266374025623,
      756.1457506705792,
      513.0823524156901,
      131.11216613914394,
      593.6705399152743,
      130.42334721822698,
      132.30163505335867,
      461.4555850029933
    ]
  },
  "ep_basins": [
    0,
    0,
    2,
    1,
    2,
    0,
    2,
    0,
    2,
    0,
    1,
    0,
    1,
    2,
    1,
    0,
    2,
    2,
    2,
    1,
    0,
    1,
    2,
    1,
    1,
    2,
    1,
    2,
    2,
    1
  ],
  "ep_safety_rates": {
    "hdr_main": [
      0.0859375,
      0.09765625,
      0.1796875,
      0.71875,
      0.1796875,
      0.109375,
      0.14453125,
      0.03515625,
      0.2265625,
      0.09765625,
      0.65625,
      0.0859375,
      0.98828125,
      0.125,
      0.75,
      0.09375,
      0.18359375,
      0.1328125,
      0.21484375,
      0.796875,
      0.08984375,
      0.91015625,
      0.21484375,
      0.87890625,
      0.77734375,
      0.2109375,
      0.79296875,
      0.1796875,
      0.19140625,
      0.6953125
    ],
    "pooled_lqr_estimated": [
      0.0859375,
      0.09765625,
      0.18359375,
      0.74609375,
      0.18359375,
      0.10546875,
      0.14453125,
      0.03515625,
      0.2265625,
      0.1015625,
      0.66015625,
      0.0859375,
      0.9921875,
      0.125,
      0.74609375,
      0.08984375,
      0.18359375,
      0.1328125,
      0.21484375,
      0.79296875,
      0.0859375,
      0.90234375,
      0.2109375,
      0.8984375,
      0.81640625,
      0.203125,
      0.80078125,
      0.1796875,
      0.19140625,
      0.68359375
    ],
    "hdr_tube_mpc": [
      0.0859375,
      0.09765625,
      0.1796875,
      0.71875,
      0.1796875,
      0.109375,
      0.14453125,
      0.03515625,
      0.2265625,
      0.09765625,
      0.64453125,
      0.0859375,
      0.98046875,
      0.125,
      0.75390625,
      0.09375,
      0.18359375,
      0.1328125,
      0.21484375,
      0.8046875,
      0.08984375,
      0.91015625,
      0.21484375,
      0.85546875,
      0.76171875,
      0.2109375,
      0.7890625,
      0.1796875,
      0.19140625,
      0.6953125
    ]
  }
}