{
  "seed": 404,
  "n_episodes": 20,
  "ep_costs": {
    "open_loop": [
      133.76155301026066,
      117.07529701734735,
      125.81931177905925,
      119.75458846521443,
      126.0146798295151,
      125.34017560391838,
      131.17328326809724,
      567.1871865672424,
      124.29770186627218,
      553.0299641774318,
      115.34503676553969,
      126.04349820040984,
      133.7624149656935,
      118.58586148173276,
      128.2398699633493,
      124.50204763404531,
      493.2791573333028,
      585.5377055225634,
      129.7403699688432,
      878.8432281176716
    ],
    "pooled_lqr": [
      131.97139596175754,
      116.0131163431902,
      125.57789953952916,
      118.23075041441868,
      125.4370769019043,
      124.58071151770505,
      130.79500486843148,
      516.6301822585491,
      123.63905008812084,
      531.0458422805159,
      113.97150015621988,
      124.01122123215303,
      132.43485643129605,
      116.59068451844846,
      127.08709923657894,
      123.72495537838265,
      467.3599309682313,
      571.73034418165,
      127.27042275141226,
      870.1738621851184
    ],
    "basin_lqr": [
      131.92627563823544,
      116.09626790255318,
      125.13312775903857,
      118.1327651624812,
      124.96257642950195,
      124.51924161138678,
      130.31613699343526,
      514.4237033218602,
      123.26821772935669,
      532.3633841566814,
      113.94532152290351,
      123.75300676762994,
      132.6908671176849,
      116.35444379878692,
      127.23780104991779,
      123.85621133817796,
      470.99649115060583,
      570.1880612551978,
      127.20944042611443,
      873.8428323496082
    ],
    "hdr_main": [
      133.76155301026066,
      117.06801876444317,
      125.81722034865601,
      119.75458846521443,
      126.0146798295151,
      125.28525049337055,
      131.16795621260152,
      525.5864420397347,
      124.29770186627218,
      526.8061105020827,
      115.34006538201322,
      126.02533752370641,
      133.78724034621405,
      118.58586148173276,
      128.04886665187,
      124.50204763404531,
      484.5149511038665,
      547.3929978436554,
      129.7403699688432,
      779.3481064098364
    ],
    "pooled_lqr_estimated": [
      132.33423697466736,
      116.45844701243671,
      125.64969105377865,
      118.51389929527934,
      125.84247645492647,
      125.0395013797761,
      131.3831828818263,
      515.3610952741407,
      124.07747896749845,
      526.6997482974434,
      114.38279023784652,
      124.43978117634342,
      132.31716065165762,
      117.77069695947623,
      127.59682798448647,
      123.89451405373435,
      471.61919323262794,
      573.9760436639358,
      127.81674326792223,
      884.4215540919183
    ]
  },
  "ep_basins": [
    0,
    0,
    2,
    0,
    2,
    0,
    2,
    1,
    2,
    1,
    0,
    0,
    0,
    0,
    0,
    0,
    1,
    1,
    0,
    1
  ],
  "ep_safety_rates": {
    "hdr_main": [
      0.15234375,
      0.1171875,
      0.19921875,
      0.125,
      0.18359375,
      0.13671875,
      0.22265625,
      0.7890625,
      0.21484375,
      0.78125,
      0.14453125,
      0.1328125,
      0.10546875,
      0.125,
      0.15625,
      0.1796875,
      0.76953125,
      0.76953125,
      0.13671875,
      0.84375
    ],
    "pooled_lqr_estimated": [
      0.1484375,
      0.1171875,
      0.19140625,
      0.125,
      0.17578125,
      0.13671875,
      0.22265625,
      0.77734375,
      0.2109375,
      0.7578125,
      0.14453125,
      0.12890625,
      0.109375,
      0.12890625,
      0.15625,
      0.1796875,
      0.74609375,
      0.7578125,
      0.140625,
      0.86328125
    ]
  }
}