{
  "seed": 1111,
  "n_episodes": 20,
  "ep_costs": {
    "open_loop": [
      136.0030141991495,
      127.60411869784791,
      124.79297773474966,
      118.0265134103132,
      632.4273797532863,
      644.9987657488177,
      486.4314713352709,
      476.2256391030344,
      118.03265264335336,
      127.70984609788904,
      119.98652574851484,
      129.7256131892614,
      130.53385611331618,
      125.20048527082697,
      121.26275251608827,
      127.65411399840056,
      126.54134099302914,
      545.8440032369122,
      123.24557969723413,
      131.24004373608062
    ],
    "pooled_lqr": [
      135.87593250315703,
      127.48233426160552,
      122.98983597769364,
      116.42145774768505,
      582.7483123347625,
      632.1927035381572,
      479.61549513923063,
      462.13859319555706,
      116.32094451103505,
      127.9193766021549,
      119.37938180209301,
      129.02686014006105,
      130.619618814759,
      124.60366203738361,
      119.99840057655663,
      125.67940737223876,
      124.55588468080144,
      542.8101203017648,
      121.8406074136273,
      130.69121866805426
    ],
    "basin_lqr": [
      135.34840935093393,
      127.1562618399304,
      123.18847668206449,
      116.44842037455453,
      585.7275055291025,
      633.6277089384658,
      480.4353543795623,
      463.1034336802888,
      116.46134220653403,
      127.47744457905517,
      118.85939520678355,
      128.89524590311217,
      130.1180180019481,
      124.40930973255759,
      120.21973580852124,
      125.65824464346395,
      124.85980166562344,
      543.936825870573,
      121.81072776498137,
      130.4483528511269
    ],
    "hdr_main": [
      135.9666183906523,
      127.60411869784791,
      124.79297773474966,
      118.0265134103132,
      601.121185282157,
      608.2278618001388,
      469.4805621484589,
      463.93556077942014,
      118.03265264335336,
      127.70984609788904,
      119.9455593767434,
      129.69969171599408,
      130.55500683085546,
      125.16829196350102,
      121.25943572076831,
      127.55169419592484,
      126.52293230735127,
      536.3470325664066,
      123.24557969723413,
      131.20685022577317
    ],
    "pooled_lqr_estimated": [
      135.82563000453388,
      127.68075332889292,
      124.05725954290153,
      117.00063055781148,
      586.5007658836362,
      640.2105494785951,
      480.76445467860077,
      464.20567569565515,
      117.9061679176816,
      127.81890326717901,
      119.96225165126562,
      129.6779757198913,
      130.87557026633914,
      125.08176797126661,
      120.66968550476359,
      127.40137728142827,
      125.49925783993751,
      547.4017716520813,
      122.81761423945277,
      131.28026181856802
    ]
  },
  "ep_basins": [
    2,
    2,
    0,
    0,
    1,
    1,
    1,
    1,
    0,
    2,
    2,
    2,
    2,
    2,
    0,
    0,
    0,
    1,
    0,
    2
  ],
  "ep_safety_rates": {
    "hdr_main": [
      0.09765625,
      0.1015625,
      0.21484375,
      0.1875,
      0.75,
      0.82421875,
      0.796875,
      0.7578125,
      0.13671875,
      0.140625,
      0.11328125,
      0.1015625,
      0.1484375,
      0.10546875,
      0.140625,
      0.1953125,
      0.12109375,
      0.8125,
      0.17578125,
      0.1484375
    ],
    "pooled_lqr_estimated": [
      0.1015625,
      0.1015625,
      0.20703125,
      0.1796875,
      0.76953125,
      0.8359375,
      0.8125,
      0.7578125,
      0.13671875,
      0.140625,
      0.1171875,
      0.09765625,
      0.140625,
      0.109375,
      0.13671875,
      0.19921875,
      0.125,
      0.81640625,
      0.1796875,
      0.15234375
    ]
  }
}