{
  "seed": 606,
  "n_episodes": 20,
  "ep_costs": {
    "open_loop": [
      1424.4392900006421,
      1843.6287265411609,
      132.6845731281188,
      124.01333265982723,
      1353.865905455631,
      126.63006176145922,
      132.66608930636178,
      130.20355107754702,
      125.49036787849546,
      125.47864982046353,
      127.42208548897325,
      124.00897416443269,
      1608.4085455421666,
      128.8991225188209,
      1467.451853259945,
      857.782194092401,
      129.08640400440987,
      1982.0411966912022,
      124.78674729480731,
      136.68495737300864
    ],
    "pooled_lqr": [
      1422.8944120146446,
      1786.1697804708567,
      131.97512741094584,
      123.4836738690411,
      1201.3528511703928,
      125.67278635696533,
      132.0052542553906,
      129.53864104738506,
      125.32145921981495,
      124.80223165811681,
      126.87857026588831,
      123.31792780190172,
      1573.2137227738328,
      128.25530966622662,
      1312.859065462377,
      787.5534461149866,
      128.1584844459649,
      1876.9891898197673,
      124.8561271442873,
      136.01302538852693
    ],
    "basin_lqr": [
      1417.8396561646646,
      1782.5376886600745,
      131.6822219548446,
      123.25453895317636,
      1206.3824254830183,
      125.58947116507315,
      131.76751486577572,
      129.23377775087295,
      124.97580140984266,
      124.66011349036506,
      126.5223469832197,
      123.18836487133451,
      1567.8201496241563,
      127.91034425253312,
      1302.4215141091863,
      783.3911035306414,
      127.98957763797398,
      1880.5458891230167,
      124.8597198207407,
      135.97381081253198
    ],
    "hdr_main": [
      1234.7199015966892,
      1630.0617104289734,
      132.66973814634352,
      124.01372320082916,
      1205.6363651290064,
      126.56882311590009,
      132.66608930636178,
      130.22067129728782,
      125.49036787849546,
      125.47864982046353,
      127.4217308223324,
      124.00897416443269,
      1423.0541032730234,
      128.8457599853326,
      1307.366166326318,
      781.7760640929262,
      129.05384226606316,
      1792.2732488131849,
      124.78674729480731,
      136.6643771830645
    ],
    "pooled_lqr_estimated": [
      1412.5625715714998,
      1763.2632716013518,
      132.3933349631634,
      123.80732830776341,
      1206.426408000872,
      125.3707063476119,
      132.5999355921228,
      130.0034907602043,
      125.38487367538075,
      125.41952700267043,
      127.27359853269239,
      124.31616215734797,
      1561.030326756754,
      128.3555301070226,
      1295.8231360783773,
      787.5634542284031,
      128.29630281783784,
      1861.8330918349163,
      124.91010994392273,
      136.6171807828732
    ]
  },
  "ep_basins": [
    1,
    1,
    2,
    2,
    1,
    0,
    2,
    2,
    2,
    2,
    2,
    2,
    1,
    2,
    1,
    1,
    0,
    1,
    0,
    2
  ],
  "ep_safety_rates": {
    "hdr_main": [
      0.94140625,
      0.9921875,
      0.12890625,
      0.10546875,
      0.91796875,
      0.1171875,
      0.109375,
      0.14453125,
      0.14453125,
      0.11328125,
      0.1015625,
      0.10546875,
      0.96875,
      0.1328125,
      0.96484375,
      0.92578125,
      0.11328125,
      0.984375,
      0.05859375,
      0.12890625
    ],
    "pooled_lqr_estimated": [
      0.90625,
      0.984375,
      0.125,
      0.109375,
      0.93359375,
      0.11328125,
      0.11328125,
      0.14453125,
      0.13671875,
      0.109375,
      0.1015625,
      0.1015625,
      0.9375,
      0.1328125,
      0.96875,
      0.93359375,
      0.109375,
      0.96484375,
      0.05859375,
      0.12890625
    ]
  }
}