{
  "seed": 707,
  "n_episodes": 30,
  "ep_costs": {
    "open_loop": [
      599.5408573931462,
      120.73984499007375,
      118.50143460594677,
      136.88739321985898,
      120.46061602731656,
      429.3572687157043,
      117.62968110122966,
      119.1861920744891,
      130.8406260652543,
      127.98836785924642,
      526.9838963714334,
      601.2159129468484,
      136.2981296627194,
      131.78261913909262,
      523.3526908193296,
      508.99460931468735,
      128.98330630125426,
      584.9208541692307,
      126.94136926419492,
      115.9145877312954,
      132.8200149709131,
      125.97043156029588,
      125.1901346776711,
      116.51000786881957,
      128.82791817474734,
      140.21131652582224,
      124.84645644582176,
      125.9766634175285,
      115.06657868520114,
      120.10976791720302
    ],
    "pooled_lqr": [
      602.2113252836685,
      120.5428103999747,
      117.52370098607511,
      133.70668133558488,
      119.11826288303105,
      423.23294801987737,
      116.60090153567823,
      118.06974107010976,
      128.97517102096597,
      127.95184300205948,
      520.1829013999219,
      588.3345847732573,
      136.3450358259762,
      130.65531992898048,
      513.8479733732445,
      492.71807519301035,
      126.58084274950885,
      583.5458007130005,
      126.09039949403748,
      114.4761550879218,
      131.69755494776572,
      125.89179209297644,
      124.54157471029814,
      115.55750408646352,
      128.420604800318,
      139.44518655233074,
      123.46545592741877,
      125.59241781822675,
      112.72042648376089,
      119.09828653876599
    ],
    "basin_lqr": [
      600.1757901662729,
      119.96020179803129,
      117.52096672179772,
      133.6121008880813,
      118.87015303928474,
      423.0789112140934,
      116.67384669558609,
      118.1234309623485,
      128.8938676393807,
      127.7280282443676,
      521.8968758985847,
      593.2668756798662,
      135.71652049226094,
      130.77066698673684,
      512.5345264126031,
      492.5897886457342,
      126.56491770472829,
      587.6169705648035,
      125.84984869835887,
      114.24636485380088,
      131.71434577959872,
      125.31756505668123,
      124.21934113195454,
      115.6178224320407,
      128.01710977850635,
      139.4034327513701,
      123.43151808809897,
      125.22928850192079,
      112.72728686624814,
      119.07312116204776
    ],
    "hdr_main": [
      576.6737357956356,
      120.73631382309641,
      118.50143460594677,
      136.87232119618747,
      120.46061602731656,
      415.4778778510898,
      117.62968110122966,
      119.1861920744891,
      130.8406260652543,
      127.9402539218622,
      506.8935121562425,
      574.3423221357846,
      136.28602082548517,
      131.7657821117115,
      506.2696319058895,
      485.2772777808069,
      128.8330958502706,
      561.2691091371973,
      126.87744737243648,
      115.9145877312954,
      132.8043852289408,
      125.97043156029588,
      125.1901346776711,
      116.51000786881957,
      128.82791817474734,
      140.2100737851682,
      124.84645644582176,
      125.9766634175285,
      115.05988000456834,
      120.10976791720302
    ],
    "pooled_lqr_estimated": [
      605.9353600263368,
      120.57698773739455,
      117.97038500984576,
      134.8588447471097,
      118.8234261672398,
      423.85915932376747,
      117.19290436807168,
      117.91906955888291,
      128.83735492745774,
      128.20829455473742,
      524.6968734402359,
      584.764588736585,
      136.51903537854147,
      131.1757079324661,
      515.8766126919295,
      495.49096844905694,
      128.00478461990997,
      569.5442050331771,
      126.4118050139677,
      114.71183229930033,
      131.8681180244712,
      125.99786529687516,
      124.93359334070928,
      115.62346057802145,
      128.5604438709134,
      139.85429851506538,
      123.8050953863171,
      125.56445275882726,
      114.23285997156859,
      119.96742630929413
    ],
    "hdr_tube_mpc": [
      571.7075765707294,
      120.73631382309641,
      118.50143460594677,
      136.87230986704705,
      120.46061602731656,
      410.5218441619658,
      117.62968110122966,
      119.1861920744891,
      130.8406260652543,
      127.94008573570447,
      502.1631509682945,
      566.0008212194641,
      136.28602082548517,
      131.7657821117115,
      502.260848302549,
      481.5283368314297,
      128.83237395503733,
      556.848723550591,
      126.87744737243648,
      115.9145877312954,
      132.8043852289408,
      125.97043156029588,
      125.1901346776711,
      116.51000786881957,
      128.82791817474734,
      140.2100737851682,
      124.84645644582176,
      125.9766634175285,
      115.05988000456834,
      120.10976791720302
    ]
  },
  "ep_basins": [
    1,
    2,
    0,
    0,
    0,
    1,
    0,
    0,
    0,
    2,
    1,
    1,
    2,
    0,
    1,
    1,
    0,
    1,
    2,
    0,
    0,
    2,
    2,
    0,
    2,
    2,
    0,
    2,
    0,
    0
  ],
  "ep_safety_rates": {
    "hdr_main": [
      0.87109375,
      0.19140625,
      0.09375,
      0.1796875,
      0.1015625,
      0.7421875,
      0.11328125,
      0.12890625,
      0.171875,
      0.19921875,
      0.83203125,
      0.87109375,
      0.2109375,
      0.15625,
      0.78515625,
      0.7578125,
      0.15234375,
      0.85546875,
      0.21875,
      0.13671875,
      0.16015625,
      0.2421875,
      0.24609375,
      0.1328125,
      0.234375,
      0.23828125,
      0.140625,
      0.171875,
      0.125,
      0.1875
    ],
    "pooled_lqr_estimated": [
      0.87109375,
      0.1875,
      0.09765625,
      0.1796875,
      0.09375,
      0.75390625,
      0.11328125,
      0.12890625,
      0.1640625,
      0.19921875,
      0.84375,
      0.859375,
      0.21484375,
      0.15625,
      0.79296875,
      0.77734375,
      0.1484375,
      0.84765625,
      0.21484375,
      0.1328125,
      0.16015625,
      0.23828125,
      0.2421875,
      0.1328125,
      0.234375,
      0.234375,
      0.140625,
      0.171875,
      0.125,
      0.1953125
    ],
    "hdr_tube_mpc": [
      0.8671875,
      0.19140625,
      0.09375,
      0.1796875,
      0.1015625,
      0.7421875,
      0.11328125,
      0.12890625,
      0.171875,
      0.19921875,
      0.82421875,
      0.8671875,
      0.2109375,
      0.15625,
      0.78515625,
      0.7578125,
      0.15234375,
      0.85546875,
      0.21875,
      0.13671875,
      0.16015625,
      0.2421875,
      0.24609375,
      0.1328125,
      0.234375,
      0.23828125,
      0.140625,
      0.171875,
      0.125,
      0.1875
    ]
  }
}