{
  "seed": 606,
  "n_episodes": 30,
  "ep_costs": {
    "open_loop": [
      1177.184660244086,
      1938.4727138553526,
      117.92608538030545,
      130.9933965305092,
      1078.950580991465,
      127.08975444432778,
      132.76819273261523,
      135.45514155113813,
      132.51085461491553,
      128.06589220184404,
      123.77812040340278,
      128.4938624124818,
      1014.2239878614491,
      127.38417501478905,
      1352.1359947285725,
      1442.271981210319,
      126.21151544204834,
      2145.220179944387,
      125.46644351946995,
      132.86558074150193,
      1680.5395648231638,
      125.29012726422485,
      680.8325054706627,
      127.00559679041689,
      133.79781449808743,
      2026.7629811817105,
      120.70135214687224,
      2581.221672871595,
      131.56847681070312,
      125.369539691952
    ],
    "pooled_lqr": [
      1143.4912637624116,
      1883.9892124235785,
      117.41431123982501,
      130.67652760886628,
      1010.2655081545271,
      125.39120554798333,
      132.57597094200403,
      134.8180080224888,
      131.85047337237452,
      127.91556321490313,
      123.36638681641487,
      128.39895408564192,
      1050.5126292993332,
      126.62730632200281,
      1306.053929053779,
      1372.5923390398652,
      124.37765474630143,
      2018.3411299714646,
      123.31606103217881,
      132.30883787410366,
      1547.4992380703145,
      124.75838321922751,
      693.7382564655891,
      126.4929187898052,
      132.6147799294294,
      1912.449735035884,
      118.59569074554568,
      2448.654604975812,
      129.71698730718342,
      123.69192284829981
    ],
    "basin_lqr": [
      1141.5141110657148,
      1888.3676508751537,
      117.1378312985997,
      130.46355852450262,
      1015.891280099075,
      125.42360954614293,
      132.35233131070726,
      134.53635247166943,
      131.6117030761842,
      127.48045294472476,
      123.1597299787292,
      128.0158314814085,
      1052.8592853122348,
      125.95217343176775,
      1301.111966896093,
      1371.6033860111288,
      124.2991070766877,
      2027.6160659479185,
      123.22228143594221,
      131.871474878692,
      1548.222498657932,
      124.2496958807099,
      703.6930398255439,
      126.01816434221612,
      132.52791828041424,
      1903.7434504296152,
      118.47846913765761,
      2452.7362694037483,
      129.53996464543744,
      123.74029544264282
    ],
    "hdr_main": [
      1031.9988297812133,
      1735.1148628888686,
      117.90191258424261,
      130.99475341934473,
      957.4936479154251,
      127.08975444432778,
      132.7817643134753,
      135.43865373062866,
      132.5174044829833,
      128.06589220184404,
      123.77818460534026,
      128.42873970586612,
      907.0516495995151,
      127.35695751299355,
      1190.5348473646577,
      1277.2340484394756,
      126.1664032952003,
      1922.5791886022039,
      125.46644351946995,
      132.8468400311643,
      1480.5397599683404,
      125.28016083422008,
      614.478477410145,
      127.00559679041689,
      133.79781449808743,
      1796.3167762036667,
      120.62539451745221,
      2314.2079011729725,
      131.56847681070312,
      125.369539691952
    ],
    "pooled_lqr_estimated": [
      1134.1674394868091,
      1888.6457855646374,
      117.68646531258044,
      130.97253407323709,
      1002.7539676792682,
      125.54412737288536,
      133.39137475155366,
      135.44210154333595,
      132.82758713832075,
      128.18311557085266,
      123.2567009910071,
      128.81138243620953,
      1056.6249164067988,
      126.98836848542415,
      1301.3139369889807,
      1362.9486439195005,
      125.44530961052658,
      2021.38519553574,
      124.81152977796526,
      132.96019897870983,
      1547.5540290007823,
      124.66486414865437,
      724.1081634411249,
      127.6326178809729,
      132.25569971023873,
      1900.8206466509832,
      119.410441037749,
      2457.447799672573,
      131.59290906952052,
      123.51246948899055
    ]
  },
  "ep_basins": [
    1,
    1,
    2,
    2,
    1,
    0,
    2,
    2,
    2,
    2,
    2,
    2,
    1,
    2,
    1,
    1,
    0,
    1,
    0,
    2,
    1,
    2,
    1,
    2,
    0,
    1,
    0,
    1,
    0,
    0
  ],
  "ep_safety_rates": {
    "hdr_main": [
      0.98046875,
      0.94140625,
      0.0546875,
      0.11328125,
      0.92578125,
      0.1171875,
      0.12890625,
      0.1484375,
      0.11328125,
      0.0703125,
      0.1328125,
      0.109375,
      0.90234375,
      0.1328125,
      0.9296875,
      0.921875,
      0.12109375,
      0.94140625,
      0.06640625,
      0.12890625,
      0.97265625,
      0.09375,
      0.828125,
      0.15234375,
      0.12109375,
      0.984375,
      0.0859375,
      0.98046875,
      0.1015625,
      0.1015625
    ],
    "pooled_lqr_estimated": [
      0.9375,
      0.94921875,
      0.05078125,
      0.11328125,
      0.9296875,
      0.12109375,
      0.12890625,
      0.14453125,
      0.11328125,
      0.0703125,
      0.125,
      0.10546875,
      0.921875,
      0.13671875,
      0.93359375,
      0.8984375,
      0.11328125,
      0.95703125,
      0.06640625,
      0.125,
      0.96875,
      0.09375,
      0.87890625,
      0.15234375,
      0.1171875,
      0.94140625,
      0.0859375,
      0.98046875,
      0.1015625,
      0.08984375
    ]
  }
}