{
  "seed": 1313,
  "n_episodes": 30,
  "ep_costs": {
    "open_loop": [
      129.89463170549018,
      427.828263135813,
      129.74356479275076,
      704.5051011894797,
      127.39589125359362,
      129.25114194051537,
      637.8474159499941,
      117.37137390348155,
      121.79968704414388,
      492.6957512314778,
      541.0097034101072,
      518.3149217170217,
      127.96807004124402,
      121.33167801441583,
      116.03516391605179,
      767.3463973288758,
      466.4301136905003,
      123.14535937519425,
      126.11747944026838,
      653.4186216247574,
      514.4249078623458,
      122.2694546664818,
      128.37387028929453,
      126.28898749645543,
      125.69955410994125,
      722.3353612725405,
      584.9548594841943,
      636.4572868072718,
      127.0953717802799,
      122.51586164926083
    ],
    "pooled_lqr": [
      129.24061992367444,
      420.1703457086943,
      129.44115199319387,
      693.6077954955048,
      127.46247144174353,
      127.39520400126423,
      631.0482602493705,
      116.8334854945996,
      119.55855148251986,
      483.26995699590276,
      534.1634212105799,
      514.8668526993102,
      126.94917452680984,
      121.57903470185443,
      115.55496817744142,
      751.5598188203492,
      446.41690007208405,
      122.12526530616351,
      124.50669650915268,
      633.8275078247274,
      515.3153474886268,
      121.38935536668629,
      128.03084427133334,
      124.59146204781524,
      125.32067197394288,
      714.248776751718,
      569.8058215638712,
      604.274174818243,
      126.92897111935888,
      121.6504301466575
    ],
    "basin_lqr": [
      128.9175178174162,
      418.5294497477925,
      128.62586869621094,
      692.2079433627853,
      126.94264706217251,
      127.40059749898019,
      628.9680078486549,
      116.56014114942936,
      119.38241458961721,
      484.78353557754565,
      537.0698083944757,
      512.7016709611216,
      126.96203493671483,
      120.68379546471638,
      115.24981710919745,
      753.1849333189616,
      447.1114947989299,
      122.04515606737563,
      124.39064052416316,
      634.472822351548,
      516.1036236054385,
      120.86047418121963,
      127.66914154308475,
      124.43638818425497,
      125.34060855723753,
      717.1306919236932,
      571.291964652703,
      607.1259628561802,
      126.5166454330588,
      121.7241658531679
    ],
    "hdr_main": [
      129.87700849885476,
      414.8813345998964,
      129.7298598099905,
      673.511942303657,
      127.36023437302967,
      129.22026966273762,
      602.2754853345457,
      117.3323326667035,
      121.72623053479518,
      473.38011908671336,
      513.2560431246255,
      500.8581481167966,
      127.96807004124402,
      121.33167801441583,
      116.03114749325253,
      690.5133024744644,
      454.1997005803317,
      123.14374460980017,
      126.11747944026838,
      617.2448114479345,
      497.2059512499775,
      122.2694546664818,
      128.36803012420467,
      126.28898749645543,
      125.69955410994125,
      657.0258703939481,
      550.1695157162342,
      585.1266677555057,
      127.0953717802799,
      122.51586164926083
    ],
    "pooled_lqr_estimated": [
      129.518006390537,
      421.0902299718517,
      129.78036588598067,
      690.2590810643065,
      127.10621595249998,
      128.1970170684466,
      631.0349822334039,
      117.48034907984035,
      120.54253208567934,
      482.10511167958754,
      528.6527313376101,
      516.1610214102514,
      127.52316130366454,
      121.22690046518885,
      115.9740208488992,
      757.4425889972634,
      451.4007745779435,
      121.84582300535483,
      125.04858186886497,
      636.5012185531122,
      507.0048282084183,
      121.79232024923131,
      128.30580176854278,
      124.87005623558628,
      125.8534619966034,
      705.7583620366738,
      569.4308371101539,
      605.4042239790167,
      127.2482676037916,
      121.30183803839743
    ],
    "hdr_tube_mpc": [
      129.87695324147117,
      412.9294607571013,
      129.7298598099905,
      656.9238008317316,
      127.36014210563269,
      129.22026966273762,
      588.3482225861534,
      117.3323326667035,
      121.72623053479518,
      470.8367602675831,
      503.14631691949927,
      493.3621139454682,
      127.96807004124402,
      121.33167801441583,
      116.03114749325253,
      635.606445441039,
      451.91169740464363,
      123.14374460980017,
      126.11747944026838,
      601.2598485454668,
      491.92235893418655,
      122.2694546664818,
      128.36819421710993,
      126.28898749645543,
      125.69955410994125,
      619.3656623799595,
      526.0918103550528,
      559.8366696602069,
      127.0953717802799,
      122.51586164926083
    ]
  },
  "ep_basins": [
    2,
    1,
    2,
    1,
    2,
    0,
    1,
    2,
    0,
    1,
    1,
    1,
    0,
    2,
    2,
    1,
    1,
    0,
    0,
    1,
    1,
    2,
    2,
    0,
    2,
    1,
    1,
    1,
    2,
    0
  ],
  "ep_safety_rates": {
    "hdr_main": [
      0.21484375,
      0.6953125,
      0.234375,
      0.890625,
      0.24609375,
      0.1015625,
      0.85546875,
      0.20703125,
      0.10546875,
      0.76953125,
      0.85546875,
      0.7734375,
      0.09765625,
      0.203125,
      0.22265625,
      0.8125,
      0.734375,
      0.09765625,
      0.10546875,
      0.8359375,
      0.79296875,
      0.17578125,
      0.20703125,
      0.109375,
      0.25390625,
      0.828125,
      0.8125,
      0.828125,
      0.1953125,
      0.1015625
    ],
    "pooled_lqr_estimated": [
      0.2109375,
      0.69140625,
      0.234375,
      0.87109375,
      0.24609375,
      0.09765625,
      0.87109375,
      0.19921875,
      0.10546875,
      0.78515625,
      0.8671875,
      0.7734375,
      0.09765625,
      0.203125,
      0.21875,
      0.80859375,
      0.72265625,
      0.09765625,
      0.10546875,
      0.85546875,
      0.79296875,
      0.171875,
      0.2109375,
      0.11328125,
      0.25390625,
      0.828125,
      0.8125,
      0.8046875,
      0.1953125,
      0.09765625
    ],
    "hdr_tube_mpc": [
      0.21484375,
      0.69921875,
      0.234375,
      0.88671875,
      0.24609375,
      0.1015625,
      0.8359375,
      0.20703125,
      0.10546875,
      0.76953125,
      0.84375,
      0.77734375,
      0.09765625,
      0.203125,
      0.22265625,
      0.7890625,
      0.73828125,
      0.09765625,
      0.10546875,
      0.8359375,
      0.79296875,
      0.17578125,
      0.20703125,
      0.109375,
      0.25390625,
      0.82421875,
      0.8125,
      0.81640625,
      0.1953125,
      0.1015625
    ]
  }
}