{
  "seed": 505,
  "n_episodes": 20,
  "ep_costs": {
    "open_loop": [
      118.60355025874067,
      1061.7436636740981,
      132.6178619571546,
      120.07803396860629,
      126.7031574165835,
      134.24917570637848,
      131.78421178415272,
      128.9708209902615,
      130.08544346165607,
      1060.5785148863931,
      117.17414168966373,
      890.4213710567002,
      125.75353237372651,
      131.7258555899901,
      831.9958278543736,
      134.1547043408593,
      132.7262554570743,
      749.7231537793593,
      130.8478322745076,
      820.2749948588198
    ],
    "pooled_lqr": [
      117.53776024078155,
      1047.4452752464292,
      131.09157291760462,
      119.18193280308746,
      125.6161039592798,
      133.72228854660406,
      131.54866703533358,
      126.8893075081795,
      129.36334786456231,
      1057.9610463426866,
      116.5978908306298,
      854.4637943198612,
      123.33701843815724,
      131.45384015608934,
      821.0977848808194,
      132.66335929971135,
      131.69183712824946,
      752.9132013153385,
      130.48051131793088,
      761.762955443678
    ],
    "basin_lqr": [
      117.65184050943985,
      1050.8209929181064,
      131.13840330625334,
      119.27269155368663,
      125.60740870810325,
      132.66849733443928,
      130.97191487651514,
      126.87020414354818,
      129.22931275854273,
      1059.6377436361051,
      116.32149907812182,
      855.9110721482316,
      123.20412416393847,
      130.96787801884258,
      825.0645516223115,
      132.63794544809699,
      131.91518676193286,
      750.2476216077789,
      129.97746988024267,
      769.9012600761081
    ],
    "hdr_main": [
      118.59244586179362,
      974.1295761357262,
      132.6178619571546,
      120.07803396860629,
      126.56637952861858,
      134.20284054316707,
      131.78421178415272,
      128.9708209902615,
      130.08544346165607,
      967.6214814614046,
      117.17337923115655,
      844.7374683077521,
      125.75353237372651,
      131.72742466389604,
      779.3830729861747,
      134.1513708904763,
      132.7262554570743,
      696.2267912920321,
      130.72468571765276,
      772.8637177883721
    ],
    "pooled_lqr_estimated": [
      118.12296685683862,
      1054.7655097756397,
      131.73391631762968,
      119.09706288273439,
      126.24003420247028,
      133.78756126665417,
      131.70286494601936,
      129.10912886019446,
      129.76285387618705,
      1057.6888209863694,
      117.62484126751316,
      855.0803393083722,
      124.14520509549897,
      131.43695931478356,
      822.3696863233677,
      133.57935843748518,
      132.05167540508467,
      758.116802533875,
      130.88135307039497,
      767.6133701914603
    ]
  },
  "ep_basins": [
    0,
    1,
    0,
    0,
    0,
    2,
    2,
    0,
    2,
    1,
    2,
    1,
    0,
    2,
    1,
    0,
    0,
    1,
    2,
    1
  ],
  "ep_safety_rates": {
    "hdr_main": [
      0.09765625,
      0.87890625,
      0.11328125,
      0.12890625,
      0.0859375,
      0.234375,
      0.234375,
      0.08984375,
      0.25,
      0.953125,
      0.1953125,
      0.89453125,
      0.09375,
      0.23828125,
      0.92578125,
      0.12890625,
      0.08203125,
      0.9140625,
      0.20703125,
      0.89453125
    ],
    "pooled_lqr_estimated": [
      0.09765625,
      0.86328125,
      0.11328125,
      0.12890625,
      0.0859375,
      0.234375,
      0.23828125,
      0.08984375,
      0.24609375,
      0.9609375,
      0.19140625,
      0.91015625,
      0.08984375,
      0.23828125,
      0.9140625,
      0.12890625,
      0.0859375,
      0.91796875,
      0.20703125,
      0.8984375
    ]
  }
}