{
  "seed": 1919,
  "n_episodes": 30,
  "ep_costs": {
    "open_loop": [
      124.51727184769861,
      128.034761251509,
      126.94744686114106,
      133.52279299268926,
      121.01152562640043,
      120.84252170375001,
      126.05187161019019,
      119.1520895935243,
      119.87027725547173,
      799.2785054618926,
      118.4420306390023,
      654.98408908342,
      128.7278567738384,
      123.72989929782305,
      124.68383891328618,
      454.5486420279415,
      137.97635360099915,
      120.93818865693319,
      118.47537175484337,
      118.14929611977958,
      133.1680161859911,
      122.69353383220448,
      131.17734143140194,
      125.67697130967998,
      470.7061103452491,
      127.62165521737667,
      127.36618105280304,
      128.78673494296243,
      551.2491299654329,
      122.58921379097828
    ],
    "pooled_lqr": [
      124.38087094828226,
      126.01169842014944,
      126.5799365871705,
      133.25597177738882,
      119.04974734594329,
      120.48474129026768,
      125.47493107389519,
      117.75344181744616,
      119.54251250915871,
      790.9396803896597,
      117.26053870239795,
      653.1457166284678,
      127.79531727564944,
      121.01773083249005,
      124.72486868721789,
      452.61461531022064,
      136.8185863072065,
      119.72248543249727,
      117.70933528809543,
      117.2693829424987,
      132.98261605332152,
      122.3644571910721,
      129.80487317348513,
      124.22371950168308,
      462.68955757767714,
      126.80683082326992,
      126.51905612122549,
      127.22475147726834,
      545.8591995279231,
      122.42535701898285
    ],
    "basin_lqr": [
      123.77622166527948,
      126.23799700731546,
      126.10528260908733,
      133.02397674244844,
      118.97263150431955,
      120.07862107361917,
      125.1385159927555,
      117.83739583835539,
      119.21588602359807,
      790.5007015376735,
      117.29840567465666,
      652.2369202532813,
      127.89860664931314,
      121.00091172301497,
      124.39677603868122,
      454.30372562552094,
      136.89476524196186,
      119.78983992008676,
      117.3673797707525,
      117.29640214913097,
      132.64914752524652,
      121.96278494466843,
      129.94240261376038,
      124.18762097349926,
      462.95891536411744,
      126.53016481017023,
      126.22236296512152,
      127.21557432210197,
      547.0669464501281,
      121.75668147942409
    ],
    "hdr_main": [
      124.50960820243837,
      128.034761251509,
      126.94744686114106,
      133.5354533582182,
      121.01152562640043,
      120.84534314365452,
      126.05187161019019,
      119.1520895935243,
      119.87433345738724,
      705.4980619855585,
      118.36302076955964,
      585.5024373194213,
      128.70662397448342,
      123.66201296452294,
      124.63652726901843,
      443.743587878288,
      137.94074627276532,
      120.87804270133645,
      118.433876298236,
      118.12732957269479,
      133.1680161859911,
      122.686176111945,
      131.17734143140194,
      125.64101261098716,
      457.77289394893427,
      127.62165521737667,
      127.36618105280304,
      128.78673494296243,
      513.9011458232243,
      122.58921379097828
    ],
    "pooled_lqr_estimated": [
      123.90984128382696,
      127.2643677484218,
      127.00754270813859,
      133.62539001889616,
      119.71045636671417,
      120.65719539701277,
      126.0616050224868,
      119.01426896312516,
      119.68816466527132,
      788.8260736308279,
      117.94201345241521,
      653.1750137437778,
      127.6997941533663,
      120.53817222392415,
      124.91479204860981,
      448.2272430175615,
      136.8405430787267,
      120.29567214015597,
      117.95719013647933,
      117.27784804404324,
      133.19272484921942,
      122.55228647540268,
      130.363274904213,
      124.81031253565504,
      467.06127377611557,
      127.73160011435012,
      126.97796006110691,
      128.31827425436742,
      545.6206696238622,
      122.35788969741913
    ],
    "hdr_tube_mpc": [
      124.50960820243837,
      128.034761251509,
      126.94744686114106,
      133.5354533582182,
      121.01152562640043,
      120.84534314365452,
      126.05187161019019,
      119.1520895935243,
      119.87433345738724,
      652.5021597686128,
      118.36288535131929,
      536.3252371005966,
      128.70662397448342,
      123.66201296452294,
      124.63654667522162,
      441.50992351558597,
      137.94074627276532,
      120.87804270133645,
      118.4342926419469,
      118.12732957269479,
      133.1680161859911,
      122.686176111945,
      131.17734143140194,
      125.64101261098716,
      455.8811502781842,
      127.62165521737667,
      127.36618105280304,
      128.78673494296243,
      500.45929099445266,
      122.58921379097828
    ]
  },
  "ep_basins": [
    2,
    0,
    2,
    2,
    0,
    2,
    2,
    0,
    2,
    1,
    0,
    1,
    0,
    0,
    2,
    1,
    0,
    0,
    2,
    0,
    2,
    2,
    0,
    0,
    1,
    2,
    2,
    0,
    1,
    2
  ],
  "ep_safety_rates": {
    "hdr_main": [
      0.13671875,
      0.08984375,
      0.11328125,
      0.13671875,
      0.09375,
      0.0546875,
      0.11328125,
      0.12109375,
      0.12890625,
      0.765625,
      0.0546875,
      0.828125,
      0.125,
      0.06640625,
      0.11328125,
      0.6484375,
      0.19921875,
      0.05859375,
      0.05859375,
      0.09765625,
      0.1328125,
      0.10546875,
      0.07421875,
      0.1015625,
      0.70703125,
      0.16796875,
      0.12890625,
      0.16015625,
      0.70703125,
      0.09375
    ],
    "pooled_lqr_estimated": [
      0.13671875,
      0.08984375,
      0.11328125,
      0.13671875,
      0.09375,
      0.0546875,
      0.11328125,
      0.125,
      0.12890625,
      0.76953125,
      0.0546875,
      0.84375,
      0.125,
      0.06640625,
      0.109375,
      0.640625,
      0.19921875,
      0.05859375,
      0.0546875,
      0.09765625,
      0.1328125,
      0.10546875,
      0.07421875,
      0.08984375,
      0.71484375,
      0.16796875,
      0.12890625,
      0.16015625,
      0.6875,
      0.09375
    ],
    "hdr_tube_mpc": [
      0.13671875,
      0.08984375,
      0.11328125,
      0.13671875,
      0.09375,
      0.0546875,
      0.11328125,
      0.12109375,
      0.12890625,
      0.73828125,
      0.0546875,
      0.80859375,
      0.125,
      0.06640625,
      0.11328125,
      0.64453125,
      0.19921875,
      0.05859375,
      0.05859375,
      0.09765625,
      0.1328125,
      0.10546875,
      0.07421875,
      0.1015625,
      0.70703125,
      0.16796875,
      0.12890625,
      0.16015625,
      0.703125,
      0.09375
    ]
  }
}