{
  "seed": 202,
  "n_episodes": 30,
  "ep_costs": {
    "open_loop": [
      125.95291441401797,
      110.49536815187372,
      125.34179250777323,
      116.08832084002478,
      134.87747880224217,
      896.5103329364572,
      125.80793135278469,
      797.7600437220993,
      127.47687296289445,
      124.91028287485858,
      118.33856135748769,
      604.3307674207574,
      560.2300682626229,
      124.43411453704573,
      643.2546698257026,
      832.3880359355154,
      115.49455420636227,
      123.22152518352092,
      1933.3795732607064,
      127.05454323096973,
      815.7805473082637,
      1354.9299987314755,
      1544.8264508653535,
      125.39904025156517,
      1187.0638041971986,
      126.53625819835207,
      130.2995898050182,
      124.05618543654359,
      130.017278516347,
      122.41591160713105
    ],
    "pooled_lqr": [
      125.9950552839358,
      109.66684428543587,
      122.48848430471632,
      115.74956560477223,
      132.71342680309036,
      852.0762972826004,
      125.80359140247707,
      784.4057677658467,
      127.55899653505374,
      121.76470741853353,
      116.66773565617676,
      546.4439790140905,
      551.7555117846748,
      123.56527366302667,
      638.9850314869192,
      787.4615081156585,
      115.7019693590413,
      121.00674912986496,
      1905.0377336378135,
      125.58078363737923,
      829.5848985945685,
      1259.365730613105,
      1494.311424161566,
      125.20200377839588,
      1136.7557222075973,
      125.82388619980318,
      128.97240396511881,
      123.94833501765451,
      128.33928572721908,
      120.86129022101204
    ],
    "basin_lqr": [
      125.46413481706253,
      109.65413185768651,
      122.43823075607973,
      115.54501262620416,
      132.8356046817041,
      856.6222828640258,
      125.29434206178836,
      785.1965640838449,
      127.215437796358,
      121.40594011782636,
      116.60664063090778,
      547.8569077744316,
      551.8418394410501,
      123.51418953330955,
      638.0178359660609,
      787.1702481240314,
      115.21415380275326,
      120.87730838442533,
      1910.7497918094386,
      125.62489707752297,
      822.2198758052309,
      1264.7557955613006,
      1494.57007696719,
      124.96758438568381,
      1152.7115770720366,
      125.41020800664546,
      129.1357800706233,
      123.68177135054503,
      128.4119385899226,
      120.78122991646352
    ],
    "hdr_main": [
      125.89313884119882,
      110.49536815187372,
      125.34179250777323,
      116.09396791176114,
      134.81190935213485,
      799.5441765756028,
      125.79650373882038,
      729.0951193770866,
      127.4713011115057,
      124.85558198130622,
      118.33437619507191,
      569.8433103791501,
      485.7905921646723,
      124.4336301936923,
      592.9551018977209,
      746.3597187949703,
      115.48527667699517,
      123.20347672346792,
      1754.8623888152827,
      127.05454323096973,
      745.754424038944,
      1174.3333738805038,
      1370.830852641497,
      125.38273455770171,
      1016.0023611479302,
      126.53625819835207,
      130.28692808871605,
      124.03214423406142,
      129.97056266604588,
      122.41591160713105
    ],
    "pooled_lqr_estimated": [
      126.14657360179994,
      110.03263643775102,
      123.63941601447316,
      115.9737611737686,
      134.13616019830474,
      844.8683858791228,
      125.97604008706679,
      771.474382057214,
      127.92111922248054,
      123.08695137065119,
      118.1537987914021,
      528.1451617937718,
      548.2007699951329,
      124.60688903394889,
      646.1321514484998,
      787.7362684204924,
      115.22820739684911,
      121.10393952817701,
      1894.7423776254727,
      126.45109687705562,
      826.6608653005786,
      1247.035742709713,
      1474.2042958087197,
      125.60288896885525,
      1115.3615563754436,
      126.61575946607516,
      129.78987356688097,
      124.0260868883958,
      128.8321115197222,
      121.57723588061233
    ]
  },
  "ep_basins": [
    2,
    0,
    0,
    2,
    0,
    1,
    2,
    1,
    2,
    0,
    0,
    1,
    1,
    0,
    1,
    1,
    2,
    0,
    1,
    0,
    1,
    1,
    1,
    2,
    1,
    2,
    0,
    2,
    0,
    0
  ],
  "ep_safety_rates": {
    "hdr_main": [
      0.16015625,
      0.09375,
      0.1875,
      0.1875,
      0.2265625,
      0.921875,
      0.19140625,
      0.87890625,
      0.1953125,
      0.15234375,
      0.1171875,
      0.83984375,
      0.734375,
      0.125,
      0.8203125,
      0.80859375,
      0.2109375,
      0.19140625,
      0.859375,
      0.125,
      0.890625,
      0.9453125,
      0.91796875,
      0.171875,
      0.796875,
      0.17578125,
      0.234375,
      0.20703125,
      0.16015625,
      0.1484375
    ],
    "pooled_lqr_estimated": [
      0.16015625,
      0.09765625,
      0.171875,
      0.18359375,
      0.2265625,
      0.91796875,
      0.19140625,
      0.8671875,
      0.1953125,
      0.14453125,
      0.1171875,
      0.83984375,
      0.74609375,
      0.125,
      0.83203125,
      0.80859375,
      0.20703125,
      0.1875,
      0.859375,
      0.125,
      0.8984375,
      0.92578125,
      0.921875,
      0.171875,
      0.80859375,
      0.171875,
      0.2265625,
      0.203125,
      0.15625,
      0.14453125
    ]
  }
}