{
  "seed": 1313,
  "n_episodes": 30,
  "ep_costs": {
    "open_loop": [
      129.89463170549018,
      427.828263135813,
      129.74356479275076,
      704.5051011894797,
      127.39589125359362,
      129.25114194051537,
      637.8474159499941,
      117.37137390348155,
      121.79968704414388,
      492.6957512314778,
      541.0097034101072,
      518.3149217170217,
      127.96807004124402,
      121.33167801441583,
      116.03516391605179,
      767.3463973288758,
      466.4301136905003,
      123.14535937519425,
      126.11747944026838,
      653.4186216247574,
      514.4249078623458,
      122.2694546664818,
      128.37387028929453,
      126.28898749645543,
      125.69955410994125,
      722.3353612725405,
      584.9548594841943,
      636.4572868072718,
      127.0953717802799,
      122.51586164926083
    ],
    "pooled_lqr": [
      129.24061992367444,
      420.1703457086943,
      129.44115199319387,
      693.6077954955048,
      127.46247144174353,
      127.39520400126423,
      631.0482602493705,
      116.8334854945996,
      119.55855148251986,
      483.26995699590276,
      534.1634212105799,
      514.8668526993102,
      126.94917452680984,
      121.57903470185443,
      115.55496817744142,
      751.5598188203492,
      446.41690007208405,
      122.12526530616351,
      124.50669650915268,
      633.8275078247274,
      515.3153474886268,
      121.38935536668629,
      128.03084427133334,
      124.59146204781524,
      125.32067197394288,
      714.248776751718,
      569.8058215638712,
      604.274174818243,
      126.92897111935888,
      121.6504301466575
    ],
    "basin_lqr": [
      128.9175178174162,
      418.5294497477925,
      128.62586869621094,
      692.2079433627853,
      126.94264706217251,
      127.40059749898019,
      628.9680078486549,
      116.56014114942936,
      119.38241458961721,
      484.78353557754565,
      537.0698083944757,
      512.7016709611216,
      126.96203493671483,
      120.68379546471638,
      115.24981710919745,
      753.1849333189616,
      447.1114947989299,
      122.04515606737563,
      124.39064052416316,
      634.472822351548,
      516.1036236054385,
      120.86047418121963,
      127.66914154308475,
      124.43638818425497,
      125.34060855723753,
      717.1306919236932,
      571.291964652703,
      607.1259628561802,
      126.5166454330588,
      121.7241658531679
    ],
    "hdr_main": [
      129.87700848211168,
      414.88133314248813,
      129.72985981067578,
      673.511940692319,
      127.36023436805183,
      129.22026965771138,
      602.2754824316495,
      117.33233266089277,
      121.72623055668954,
      473.3801183343942,
      513.2560410022027,
      500.8581454472441,
      127.96807004124402,
      121.33167801441583,
      116.03114749343854,
      690.5132988035737,
      454.1997002738881,
      123.14374460779833,
      126.11747944026838,
      617.2448090729548,
      497.2059514262849,
      122.2694546664818,
      128.36803012880287,
      126.28898749645543,
      125.69955410994125,
      657.025864393684,
      550.1695146849295,
      585.1266654947324,
      127.0953717802799,
      122.51586164926083
    ],
    "pooled_lqr_estimated": [
      129.5223866655092,
      418.9748653836912,
      129.97131333232008,
      690.4718354543135,
      127.2396337907548,
      128.49188609021203,
      629.5194296975455,
      117.5560003555667,
      120.51575906984857,
      491.77760522227663,
      532.136746892118,
      516.3674123473074,
      127.79176389458267,
      121.23708119679273,
      116.04107206795906,
      758.8820277212805,
      446.6195563959853,
      122.29683402887164,
      125.352032788298,
      633.8092622292069,
      514.5413752646278,
      121.8072081770603,
      128.28283970336318,
      124.9427615201657,
      125.86839444448397,
      714.9865341557453,
      573.366252431198,
      604.7235289393291,
      127.34610341483828,
      121.2712592058328
    ]
  },
  "ep_basins": [
    2,
    1,
    2,
    1,
    2,
    0,
    1,
    2,
    0,
    1,
    1,
    1,
    0,
    2,
    2,
    1,
    1,
    0,
    0,
    1,
    1,
    2,
    2,
    0,
    2,
    1,
    1,
    1,
    2,
    0
  ],
  "ep_safety_rates": {
    "hdr_main": [
      0.21484375,
      0.6953125,
      0.234375,
      0.890625,
      0.24609375,
      0.1015625,
      0.85546875,
      0.20703125,
      0.10546875,
      0.76953125,
      0.85546875,
      0.7734375,
      0.09765625,
      0.203125,
      0.22265625,
      0.8125,
      0.734375,
      0.09765625,
      0.10546875,
      0.8359375,
      0.79296875,
      0.17578125,
      0.20703125,
      0.109375,
      0.25390625,
      0.828125,
      0.8125,
      0.828125,
      0.1953125,
      0.1015625
    ],
    "pooled_lqr_estimated": [
      0.2109375,
      0.703125,
      0.234375,
      0.87109375,
      0.24609375,
      0.1015625,
      0.8671875,
      0.1953125,
      0.10546875,
      0.78515625,
      0.87890625,
      0.76953125,
      0.09765625,
      0.203125,
      0.21875,
      0.80078125,
      0.7265625,
      0.09765625,
      0.10546875,
      0.83984375,
      0.7890625,
      0.17578125,
      0.2109375,
      0.1171875,
      0.25390625,
      0.83203125,
      0.80859375,
      0.8125,
      0.1953125,
      0.09765625
    ]
  }
}