{
  "seed": 1414,
  "n_episodes": 30,
  "ep_costs": {
    "open_loop": [
      118.9816433148238,
      422.1401899216036,
      768.6875977218364,
      124.71836956173053,
      120.13238792452572,
      130.09507505930392,
      426.5763477614855,
      748.3928657644827,
      123.3382283614324,
      117.78074124586281,
      118.1389138271265,
      117.1674723421341,
      126.43068492317242,
      127.80421488501777,
      752.5776012903233,
      573.9819129590169,
      595.0561408604896,
      800.9507874495786,
      127.28001448664243,
      119.00076701634342,
      128.25045423880266,
      129.19845685162937,
      118.5589323961879,
      495.27955082709576,
      127.31803709619608,
      124.4453478464796,
      122.25995263709561,
      126.66950647055293,
      586.3406152129295,
      507.8619931714029
    ],
    "pooled_lqr": [
      118.65444557803625,
      418.42591780597576,
      773.6163307852942,
      123.53248926430838,
      120.02599303373383,
      128.59784793778803,
      430.8565733670391,
      731.907161542391,
      122.72904532583073,
      117.22685898618516,
      116.21166424980055,
      116.15805455040146,
      124.61545456229236,
      127.53948504663589,
      744.2488232188173,
      549.4776269120144,
      574.3971456683404,
      779.0158342568411,
      125.87550022783302,
      118.3298210993365,
      127.43082561868566,
      127.49348900609097,
      118.52275516153782,
      489.8593890579152,
      126.36309800603529,
      124.04271807319061,
      121.04040304880023,
      126.12307158463523,
      570.9899878885248,
      502.5438030498628
    ],
    "basin_lqr": [
      118.34942039469342,
      423.83482629513713,
      776.8117025244514,
      123.59240631209298,
      119.6387973919171,
      128.60241388595006,
      435.4827086109896,
      735.481169485771,
      122.6500579101292,
      116.99624862859969,
      116.22521545704092,
      116.1132851529463,
      124.56076563575299,
      127.32541532843533,
      747.0203369410839,
      550.6940308970252,
      577.2016836984349,
      784.5388498759557,
      125.99098708321728,
      118.34628192862598,
      127.18499819488987,
      127.59789163975948,
      118.2021258602985,
      496.1984047672862,
      126.36262371954386,
      123.68586779288175,
      121.0591716402454,
      126.07162122728795,
      573.9264110256546,
      503.8482129243428
    ],
    "hdr_main": [
      118.9816433148238,
      407.67900677238634,
      706.9551607889734,
      124.71836956173053,
      120.1374704675296,
      130.01767301176247,
      414.41804474143936,
      703.515109617375,
      123.35094171873628,
      117.78074124586281,
      118.12964193220509,
      117.17855750280943,
      126.37795681764841,
      127.80421488501777,
      697.3887644053099,
      546.3573712709346,
      571.8807068009266,
      738.731522633047,
      127.28001448664243,
      119.00076701634342,
      128.25045423880266,
      129.20183790875944,
      118.54172180583102,
      440.8608998766734,
      127.31803709619608,
      124.38968355670008,
      122.25995263709561,
      126.66627030045441,
      555.7146134217276,
      490.77675117070794
    ],
    "pooled_lqr_estimated": [
      118.48430174134302,
      420.8060884906697,
      782.5089862107598,
      123.49905120546457,
      120.49777300425075,
      129.62430263021167,
      436.9504630079228,
      734.5485874796217,
      123.07754873906848,
      117.61695504156586,
      117.0193806618446,
      116.0050335883941,
      125.55240089256016,
      128.07549453467033,
      745.1684090171781,
      548.9625588724251,
      574.1671221593696,
      774.1442264468949,
      126.02118143207889,
      118.93902800041693,
      127.80352202392432,
      128.66099794640422,
      118.84884160161448,
      487.1239781514407,
      127.31077181332014,
      124.33308491822827,
      121.54542735598095,
      126.71785847546562,
      568.448580680866,
      493.86377633000507
    ]
  },
  "ep_basins": [
    2,
    1,
    1,
    0,
    2,
    0,
    1,
    1,
    2,
    2,
    0,
    0,
    0,
    2,
    1,
    1,
    1,
    1,
    0,
    2,
    2,
    0,
    2,
    1,
    0,
    2,
    0,
    2,
    1,
    1
  ],
  "ep_safety_rates": {
    "hdr_main": [
      0.109375,
      0.7578125,
      0.9140625,
      0.046875,
      0.10546875,
      0.1015625,
      0.80078125,
      0.8515625,
      0.1328125,
      0.14453125,
      0.0546875,
      0.04296875,
      0.06640625,
      0.15234375,
      0.87109375,
      0.7890625,
      0.796875,
      0.88671875,
      0.08203125,
      0.109375,
      0.10546875,
      0.07421875,
      0.140625,
      0.734375,
      0.0703125,
      0.1328125,
      0.04296875,
      0.16015625,
      0.8203125,
      0.77734375
    ],
    "pooled_lqr_estimated": [
      0.10546875,
      0.76171875,
      0.9140625,
      0.046875,
      0.10546875,
      0.09765625,
      0.82421875,
      0.8671875,
      0.125,
      0.1484375,
      0.05859375,
      0.04296875,
      0.06640625,
      0.15234375,
      0.8671875,
      0.7890625,
      0.80078125,
      0.88671875,
      0.08203125,
      0.11328125,
      0.10546875,
      0.078125,
      0.140625,
      0.7421875,
      0.0703125,
      0.1328125,
      0.0390625,
      0.16015625,
      0.82421875,
      0.78515625
    ]
  }
}