{
  "seed": 1919,
  "n_episodes": 30,
  "ep_costs": {
    "open_loop": [
      124.51727184769861,
      128.034761251509,
      126.94744686114106,
      133.52279299268926,
      121.01152562640043,
      120.84252170375001,
      126.05187161019019,
      119.1520895935243,
      119.87027725547173,
      799.2785054618926,
      118.4420306390023,
      654.98408908342,
      128.7278567738384,
      123.72989929782305,
      124.68383891328618,
      454.5486420279415,
      137.97635360099915,
      120.93818865693319,
      118.47537175484337,
      118.14929611977958,
      133.1680161859911,
      122.69353383220448,
      131.17734143140194,
      125.67697130967998,
      470.7061103452491,
      127.62165521737667,
      127.36618105280304,
      128.78673494296243,
      551.2491299654329,
      122.58921379097828
    ],
    "pooled_lqr": [
      124.38087094828226,
      126.01169842014944,
      126.5799365871705,
      133.25597177738882,
      119.04974734594329,
      120.48474129026768,
      125.47493107389519,
      117.75344181744616,
      119.54251250915871,
      790.9396803896597,
      117.26053870239795,
      653.1457166284678,
      127.79531727564944,
      121.01773083249005,
      124.72486868721789,
      452.61461531022064,
      136.8185863072065,
      119.72248543249727,
      117.70933528809543,
      117.2693829424987,
      132.98261605332152,
      122.3644571910721,
      129.80487317348513,
      124.22371950168308,
      462.68955757767714,
      126.80683082326992,
      126.51905612122549,
      127.22475147726834,
      545.8591995279231,
      122.42535701898285
    ],
    "basin_lqr": [
      123.77622166527948,
      126.23799700731546,
      126.10528260908733,
      133.02397674244844,
      118.97263150431955,
      120.07862107361917,
      125.1385159927555,
      117.83739583835539,
      119.21588602359807,
      790.5007015376735,
      117.29840567465666,
      652.2369202532813,
      127.89860664931314,
      121.00091172301497,
      124.39677603868122,
      454.30372562552094,
      136.89476524196186,
      119.78983992008676,
      117.3673797707525,
      117.29640214913097,
      132.64914752524652,
      121.96278494466843,
      129.94240261376038,
      124.18762097349926,
      462.95891536411744,
      126.53016481017023,
      126.22236296512152,
      127.21557432210197,
      547.0669464501281,
      121.75668147942409
    ],
    "hdr_main": [
      124.50960819845037,
      128.034761251509,
      126.94744686114106,
      133.5354533410495,
      121.01152562640043,
      120.84534314961658,
      126.05187161019019,
      119.1520895935243,
      119.87433345519558,
      705.4980540990691,
      118.36302075815927,
      585.5024313460551,
      128.70662396832023,
      123.662012951377,
      124.63652724062551,
      443.7435867236404,
      137.94074628198675,
      120.8780427068018,
      118.43387634251151,
      118.1273295675082,
      133.1680161859911,
      122.68617610108475,
      131.17734143140194,
      125.64101260330068,
      457.7728940112292,
      127.62165521737667,
      127.36618105280304,
      128.78673494296243,
      513.9011422899365,
      122.58921379097828
    ],
    "pooled_lqr_estimated": [
      123.91101145083395,
      127.98775845440801,
      127.09832820542988,
      133.64360839888283,
      119.8576605703164,
      120.8086251760441,
      126.2335890429907,
      119.2036119685656,
      119.86377161169673,
      791.0970044846285,
      118.18897848194173,
      653.5287109709103,
      128.12204857620128,
      120.50613942640008,
      124.9244093264652,
      452.1381504307432,
      136.83777271077986,
      120.50104038143755,
      118.00616746747095,
      117.33294297436989,
      133.31030917470136,
      122.54356172208105,
      130.6071473618511,
      125.0004213777951,
      466.81148448551664,
      127.69451179911631,
      126.99919421011042,
      128.88869062641348,
      546.9020829599206,
      122.2682126106559
    ]
  },
  "ep_basins": [
    2,
    0,
    2,
    2,
    0,
    2,
    2,
    0,
    2,
    1,
    0,
    1,
    0,
    0,
    2,
    1,
    0,
    0,
    2,
    0,
    2,
    2,
    0,
    0,
    1,
    2,
    2,
    0,
    1,
    2
  ],
  "ep_safety_rates": {
    "hdr_main": [
      0.13671875,
      0.08984375,
      0.11328125,
      0.13671875,
      0.09375,
      0.0546875,
      0.11328125,
      0.12109375,
      0.12890625,
      0.765625,
      0.0546875,
      0.828125,
      0.125,
      0.06640625,
      0.11328125,
      0.6484375,
      0.19921875,
      0.05859375,
      0.05859375,
      0.09765625,
      0.1328125,
      0.10546875,
      0.07421875,
      0.1015625,
      0.70703125,
      0.16796875,
      0.12890625,
      0.16015625,
      0.70703125,
      0.09375
    ],
    "pooled_lqr_estimated": [
      0.13671875,
      0.08984375,
      0.11328125,
      0.13671875,
      0.09375,
      0.0546875,
      0.11328125,
      0.12109375,
      0.12890625,
      0.76953125,
      0.0546875,
      0.8515625,
      0.125,
      0.06640625,
      0.109375,
      0.64453125,
      0.19921875,
      0.05859375,
      0.0546875,
      0.09765625,
      0.1328125,
      0.10546875,
      0.078125,
      0.08984375,
      0.71484375,
      0.16796875,
      0.12890625,
      0.16015625,
      0.6953125,
      0.09375
    ]
  }
}