{
  "seed": 808,
  "n_episodes": 30,
  "ep_costs": {
    "open_loop": [
      703.8827552272944,
      120.79962911548763,
      128.39794782125895,
      117.33049966843134,
      119.84311430307547,
      491.68125743989947,
      122.04141854173594,
      126.39843999749058,
      124.05725146791943,
      129.6473139957691,
      125.58080733308998,
      834.9153242734977,
      123.10389802358326,
      470.5748432686516,
      128.58586652278404,
      563.425306916193,
      130.02352034180825,
      126.20813378395434,
      130.28919400261904,
      122.03370010442022,
      475.76124972448036,
      130.7558617485284,
      118.72661207993849,
      136.4867326968778,
      129.65114642993797,
      127.74608573006843,
      128.18341978735504,
      472.3371934697273,
      125.36560344180599,
      125.95534192949304
    ],
    "pooled_lqr": [
      686.7472710749753,
      119.53608131643436,
      128.34885697238363,
      116.08351298313553,
      119.75627121916646,
      493.8939933693341,
      120.17910374060303,
      125.38888920884104,
      123.80449574121909,
      129.014315181472,
      124.79972563418019,
      817.74623939995,
      122.11987159122968,
      469.8327732831117,
      128.27683496505543,
      548.8409437669179,
      129.60928828774004,
      125.83412472946101,
      129.86296440550908,
      121.84852846945408,
      436.88887119317326,
      130.75393242956173,
      116.9609490518682,
      135.25087713494773,
      129.2372169546883,
      127.2981596098608,
      126.21716243370504,
      460.65376647300144,
      125.06483112364462,
      124.98104062619826
    ],
    "basin_lqr": [
      685.5765376860942,
      119.58008577743512,
      127.84335287605644,
      116.17297490751037,
      119.4740019197205,
      490.2993556580701,
      120.07203585104084,
      125.34497992318798,
      123.72358643418298,
      128.68366652152704,
      124.74748859421544,
      822.9036698175661,
      122.25669441682166,
      470.25140093962966,
      127.68352637152624,
      549.3466359042909,
      129.35299068586437,
      125.61641700411549,
      129.50519437568855,
      120.95545299405096,
      440.59310072883306,
      130.23648317121976,
      116.94908107029602,
      135.20394720461803,
      128.7116445171965,
      127.03252342095844,
      126.0957454086294,
      459.281935564252,
      124.81713102673005,
      124.95891350330783
    ],
    "hdr_main": [
      641.9323773370849,
      120.79962911548763,
      128.39794782125895,
      117.33049966843134,
      119.83051445813217,
      476.2639722997138,
      122.04141854173594,
      126.39010884721094,
      124.05725146791943,
      129.61468884051106,
      125.55731722143388,
      774.2053246092834,
      123.10389802358326,
      455.8452394172574,
      128.5937608322884,
      529.556274595516,
      129.93375775045934,
      126.20813378395434,
      130.14431867119336,
      122.03370010442022,
      456.4682763812179,
      130.7558617485284,
      118.72661207993849,
      136.43746510216528,
      129.6012553007235,
      127.72516201803818,
      128.16295419092233,
      457.63646908829054,
      125.35125809693307,
      125.94710262705416
    ],
    "pooled_lqr_estimated": [
      686.2595007583411,
      120.66267687425129,
      128.7853422335491,
      116.77819864876292,
      120.36854110572847,
      487.31360568217417,
      121.26556734961969,
      126.58628008577924,
      124.4945359730419,
      129.54857655070222,
      125.33469997212191,
      822.9194119469828,
      122.823697503434,
      472.2987767012759,
      128.55538010757178,
      552.3598400421209,
      129.8412371549719,
      126.47352470968211,
      130.13734915466858,
      121.38868551947063,
      438.6413422046874,
      130.2480113635535,
      118.46187548444288,
      135.37224636750904,
      129.82243971630268,
      127.69263638297271,
      127.66694401464306,
      458.69735372785516,
      126.29683122256516,
      125.17115024006429
    ]
  },
  "ep_basins": [
    1,
    0,
    2,
    0,
    2,
    1,
    0,
    0,
    2,
    2,
    2,
    1,
    0,
    1,
    2,
    1,
    2,
    2,
    2,
    2,
    1,
    2,
    0,
    0,
    2,
    2,
    0,
    1,
    2,
    0
  ],
  "ep_safety_rates": {
    "hdr_main": [
      0.8359375,
      0.11328125,
      0.1796875,
      0.09375,
      0.1796875,
      0.8046875,
      0.078125,
      0.109375,
      0.1640625,
      0.203125,
      0.1640625,
      0.93359375,
      0.1171875,
      0.78125,
      0.1484375,
      0.80078125,
      0.1484375,
      0.16796875,
      0.21484375,
      0.16015625,
      0.78515625,
      0.1640625,
      0.10546875,
      0.1796875,
      0.1953125,
      0.16015625,
      0.1328125,
      0.78125,
      0.1796875,
      0.10546875
    ],
    "pooled_lqr_estimated": [
      0.82421875,
      0.10546875,
      0.1796875,
      0.09375,
      0.18359375,
      0.8125,
      0.08203125,
      0.10546875,
      0.1640625,
      0.203125,
      0.1640625,
      0.93359375,
      0.1171875,
      0.796875,
      0.14453125,
      0.80859375,
      0.15234375,
      0.16015625,
      0.21875,
      0.15625,
      0.77734375,
      0.16015625,
      0.10546875,
      0.17578125,
      0.1953125,
      0.1640625,
      0.1328125,
      0.77734375,
      0.1796875,
      0.1015625
    ]
  }
}