{
  "seed": 1616,
  "n_episodes": 20,
  "ep_costs": {
    "open_loop": [
      124.60917772284948,
      134.35842733175505,
      650.5889103032247,
      1244.2894173363525,
      122.46622294898559,
      124.13237288780762,
      551.5290001685338,
      127.22635755819759,
      128.633691027528,
      124.63406138515928,
      782.040294928496,
      120.1682827490029,
      135.8296187692523,
      129.0619959962081,
      124.23867796810984,
      500.00444250502625,
      138.65053540601167,
      123.07298773734175,
      129.8643353954829,
      134.56829934830148
    ],
    "pooled_lqr": [
      123.90134685254672,
      133.36920298615564,
      584.6423844632512,
      1240.7377892410952,
      120.82789006131647,
      123.1327560942497,
      544.6325991814566,
      126.81612223080013,
      128.55444591274818,
      122.68668451769243,
      761.6485288885472,
      119.25480876747612,
      134.95153865787003,
      127.05765767339084,
      122.91597142029053,
      497.42696905474423,
      137.65221394156734,
      121.74879685457643,
      129.14239200407974,
      134.2739995935323
    ],
    "basin_lqr": [
      123.51033857632119,
      133.20921491182798,
      586.1395260799562,
      1233.608326989819,
      120.81620608142347,
      123.15993158029924,
      547.2828576226725,
      126.48257652353281,
      127.71923728264288,
      122.71708408628557,
      764.6414891412709,
      119.09147306260412,
      134.94597184685063,
      126.94893277199812,
      123.08346026731658,
      497.2191809743888,
      137.6027538041293,
      121.7973494394059,
      128.83795821041892,
      133.95608239681468
    ],
    "hdr_main": [
      124.59189592027134,
      134.35842733175505,
      609.1778732820627,
      1077.8394225046857,
      122.3459994277819,
      123.9131170166943,
      504.0937212977422,
      127.22635755819759,
      128.633691027528,
      124.63406138515928,
      733.0133360186835,
      120.16251961548893,
      135.8296187692523,
      129.0619959962081,
      124.18371659114287,
      480.51014068765534,
      138.63326783881612,
      123.07298773734175,
      129.8643353954829,
      134.55013732991077
    ],
    "pooled_lqr_estimated": [
      124.37360687008002,
      133.90227325464468,
      583.0853899082846,
      1247.2424900308752,
      121.16251271512851,
      123.52576661932962,
      549.3056698607221,
      126.81263202129811,
      128.3343921527173,
      123.89016741041307,
      774.9141899129135,
      119.21872519738285,
      135.07222304797875,
      127.53473393807722,
      123.89278106912164,
      498.0491712816942,
      137.80701127813717,
      122.78221243068026,
      129.98916312764234,
      134.64093809757424
    ]
  },
  "ep_basins": [
    2,
    2,
    1,
    1,
    0,
    0,
    1,
    2,
    2,
    0,
    1,
    0,
    0,
    0,
    0,
    1,
    2,
    0,
    2,
    2
  ],
  "ep_safety_rates": {
    "hdr_main": [
      0.08203125,
      0.09765625,
      0.86328125,
      0.91015625,
      0.09765625,
      0.12890625,
      0.84765625,
      0.109375,
      0.08984375,
      0.13671875,
      0.81640625,
      0.09765625,
      0.11328125,
      0.12890625,
      0.09375,
      0.7890625,
      0.09765625,
      0.0703125,
      0.09375,
      0.09765625
    ],
    "pooled_lqr_estimated": [
      0.08203125,
      0.09765625,
      0.875,
      0.90625,
      0.09765625,
      0.12109375,
      0.86328125,
      0.109375,
      0.08984375,
      0.1328125,
      0.83984375,
      0.09765625,
      0.11328125,
      0.12109375,
      0.08984375,
      0.78515625,
      0.09375,
      0.0703125,
      0.09375,
      0.09765625
    ]
  }
}