{
  "seed": 505,
  "n_episodes": 30,
  "ep_costs": {
    "open_loop": [
      132.99017322448418,
      646.2351748658889,
      135.5016897060004,
      132.925940281868,
      135.8398603591304,
      121.54634459995806,
      136.89734707766334,
      134.51882306673735,
      126.15429313654589,
      845.9904210443837,
      129.3098098379747,
      873.539806303072,
      121.95398128218051,
      133.47126636192849,
      567.9954286333104,
      125.12465381603906,
      126.16270694461397,
      585.47973354229,
      128.4913837677884,
      824.127762993066,
      121.03581979419191,
      777.9178612263103,
      898.9595213197521,
      113.18725789816192,
      117.99573228790284,
      128.23999201965307,
      128.8944107223023,
      1017.9994589251073,
      118.5537133190278,
      123.76452977582449
    ],
    "pooled_lqr": [
      132.13272549310935,
      640.7808352264487,
      133.12593133604236,
      130.33438340050074,
      135.3521067513239,
      121.42472088166834,
      136.2712540116258,
      133.2763401475691,
      125.61286025424252,
      795.4490579856164,
      129.102377517054,
      858.5038394583746,
      120.44704433771308,
      132.60468508537272,
      564.0074192114382,
      122.97889517716811,
      125.21694895250472,
      572.3676663080143,
      128.2240577412562,
      818.6146131113703,
      119.01385229392692,
      758.9809974547048,
      900.7473701020107,
      112.95313258645184,
      116.88905399915225,
      126.6841962995785,
      128.74341636980745,
      1006.207213233184,
      116.46238066736257,
      121.45311222190378
    ],
    "basin_lqr": [
      132.03660493458025,
      640.1774876159678,
      133.12786146874777,
      130.29673574303683,
      135.4651648561238,
      120.93009950723898,
      135.8143767462611,
      133.40144949352114,
      125.57524947177163,
      804.8820344290496,
      128.44152590992644,
      855.3588828118291,
      120.41848248017706,
      132.40198143558123,
      569.3630110637064,
      122.8066318764117,
      125.25173487503453,
      573.1921771256872,
      127.82098200508901,
      814.9391855381019,
      118.96966481886822,
      759.7553115897974,
      899.5762191011038,
      112.76491628360661,
      116.86160393019277,
      126.62285787301757,
      128.48008171685558,
      1006.9210180616715,
      116.40486021441056,
      121.44988102200607
    ],
    "hdr_main": [
      132.9959006213872,
      609.0887012777711,
      135.5016897060004,
      132.925940281868,
      135.62618160241277,
      121.50848134011159,
      136.89096133499456,
      134.50335137712483,
      126.14353521934551,
      797.6718127031248,
      129.30697924722767,
      818.6016200611821,
      121.95398128218051,
      133.4624246692541,
      542.1276470740778,
      125.08847820810448,
      126.14566063225352,
      555.1744253932897,
      128.4913837677884,
      774.0480705953242,
      121.03581979419191,
      742.3951102438674,
      834.1467862445523,
      113.18725789816192,
      117.98965284866077,
      128.23999201965307,
      128.8944107223023,
      941.7549489795548,
      118.5537133190278,
      123.76452977582449
    ],
    "pooled_lqr_estimated": [
      132.69761856650985,
      645.1012904950684,
      134.52773087622515,
      132.37308707818167,
      135.16946720803128,
      121.72139400316983,
      136.33825113109143,
      133.56030406194577,
      126.27478384207323,
      792.4349134840047,
      129.08931865423656,
      865.1434152733406,
      121.0798779819782,
      133.10909784408463,
      559.9143486775196,
      123.8006063431827,
      124.4643239475427,
      575.0173973933761,
      127.83777030306021,
      820.8510600428365,
      119.77263795850716,
      767.6418676747029,
      903.0617244122564,
      113.0000460813037,
      117.16751232610441,
      126.47037528550159,
      129.02304928441953,
      1008.498423773419,
      116.67121730441303,
      121.58760086903663
    ],
    "hdr_tube_mpc": [
      132.9959006213872,
      582.4679603542136,
      135.5016897060004,
      132.925940281868,
      135.62618160241277,
      121.50848134011159,
      136.8909158358152,
      134.50335137712483,
      126.14353521934551,
      773.004375653151,
      129.30697924722767,
      793.8020681346658,
      121.95398128218051,
      133.4624246692541,
      532.4256844886509,
      125.08847820810448,
      126.14566063225352,
      546.9647674760557,
      128.4913837677884,
      745.1879472213217,
      121.03581979419191,
      719.3696607031386,
      791.8863903067114,
      113.18725789816192,
      117.98965284866077,
      128.23999201965307,
      128.8944107223023,
      891.1762094161353,
      118.5537133190278,
      123.76452977582449
    ]
  },
  "ep_basins": [
    0,
    1,
    0,
    0,
    0,
    2,
    2,
    0,
    2,
    1,
    2,
    1,
    0,
    2,
    1,
    0,
    0,
    1,
    2,
    1,
    0,
    1,
    1,
    2,
    0,
    0,
    2,
    1,
    0,
    0
  ],
  "ep_safety_rates": {
    "hdr_main": [
      0.13671875,
      0.8828125,
      0.1796875,
      0.1015625,
      0.08984375,
      0.17578125,
      0.21484375,
      0.125,
      0.2265625,
      0.94140625,
      0.2265625,
      0.85546875,
      0.140625,
      0.1796875,
      0.8359375,
      0.1015625,
      0.0703125,
      0.8671875,
      0.15234375,
      0.90234375,
      0.1015625,
      0.91015625,
      0.9296875,
      0.1796875,
      0.06640625,
      0.07421875,
      0.23046875,
      0.92578125,
      0.08203125,
      0.109375
    ],
    "pooled_lqr_estimated": [
      0.1328125,
      0.87890625,
      0.171875,
      0.09375,
      0.0859375,
      0.1796875,
      0.2109375,
      0.125,
      0.2265625,
      0.9453125,
      0.2265625,
      0.8828125,
      0.14453125,
      0.17578125,
      0.84375,
      0.09765625,
      0.06640625,
      0.87109375,
      0.14453125,
      0.91015625,
      0.10546875,
      0.8984375,
      0.94140625,
      0.1796875,
      0.06640625,
      0.0703125,
      0.23046875,
      0.921875,
      0.08203125,
      0.109375
    ],
    "hdr_tube_mpc": [
      0.13671875,
      0.88671875,
      0.1796875,
      0.1015625,
      0.08984375,
      0.17578125,
      0.21484375,
      0.125,
      0.2265625,
      0.94140625,
      0.2265625,
      0.83984375,
      0.140625,
      0.1796875,
      0.828125,
      0.1015625,
      0.0703125,
      0.8671875,
      0.15234375,
      0.89453125,
      0.1015625,
      0.8984375,
      0.9296875,
      0.1796875,
      0.06640625,
      0.07421875,
      0.23046875,
      0.92578125,
      0.08203125,
      0.109375
    ]
  }
}