{
  "seed": 1010,
  "n_episodes": 30,
  "ep_costs": {
    "open_loop": [
      123.53306806170505,
      119.30507239628177,
      129.99838225202902,
      655.1563772906497,
      135.67618804478542,
      130.90757894916263,
      130.94766162716172,
      121.4315633268638,
      137.57478209782693,
      129.73141543314907,
      655.1457876349435,
      133.19355658734162,
      1470.9575794561056,
      121.80291289780877,
      655.2173752958315,
      129.97955147303995,
      130.91042347869305,
      124.8427566675618,
      136.14912024089807,
      670.9467149907863,
      125.31141308489376,
      782.9589440493045,
      141.22085639333477,
      871.4537941086247,
      557.1229790190616,
      131.1043015233991,
      650.2650573221529,
      130.41805369174168,
      132.27783207151896,
      472.417795749405
    ],
    "pooled_lqr": [
      122.21535046397344,
      118.69527813939565,
      129.19328534675924,
      655.7623023141779,
      135.55798711574081,
      129.19650521937257,
      130.3445787008775,
      119.71086352689507,
      136.56626304580547,
      128.77129630239403,
      650.5961874146163,
      131.62351982748694,
      1330.9344516125122,
      120.98036670686332,
      646.3338273185863,
      128.80497112229756,
      130.61214684431692,
      124.88192475150309,
      135.86970928098395,
      617.3980679807393,
      122.60733723135053,
      754.571762952245,
      140.33560026714238,
      868.5791616154264,
      552.9954855527175,
      130.30942353223537,
      656.7971680627762,
      129.5677858801508,
      131.50979298891266,
      484.6858960770986
    ],
    "basin_lqr": [
      122.52950733191413,
      118.64792993758236,
      129.03409620239682,
      660.4197348315715,
      134.86565176174844,
      129.23985310275538,
      130.02370571426206,
      119.71966479833604,
      136.34864611501558,
      128.76212895980584,
      650.2814891839269,
      131.75782692199255,
      1335.9625918396655,
      120.87855035329719,
      653.8060275466938,
      128.83142952907713,
      130.62136001518874,
      124.65664240998676,
      135.48111206911898,
      622.186743308041,
      122.58614859759508,
      756.5032175806423,
      139.92274048746162,
      866.8882909873546,
      555.2559450707118,
      130.2538916106847,
      661.5260632848414,
      129.28526708211098,
      131.48774380527956,
      480.060144086005
    ],
    "hdr_main": [
      123.53306806170505,
      119.30507239628177,
      129.997889240657,
      631.9312333004398,
      135.66098012508974,
      130.90757894916263,
      130.94766162716172,
      121.37905711820414,
      137.47117409113386,
      129.6159808197412,
      589.2484681187474,
      133.04030442989495,
      1327.4569331481703,
      121.79265476603945,
      621.1030662343156,
      129.97955147303995,
      130.91081063040662,
      124.8427566675618,
      136.16767308073938,
      646.3244601973156,
      125.15021521773545,
      738.4152276985509,
      141.26655855995725,
      811.0085511568631,
      525.1683069387474,
      131.11216614080462,
      621.3693193460911,
      130.4233472098487,
      132.30163504305492,
      463.11539412432137
    ],
    "pooled_lqr_estimated": [
      123.02811321160165,
      118.93655619056271,
      129.7833450469584,
      663.9909856751843,
      135.55154892019348,
      129.7014722446954,
      130.7042157575098,
      120.50266897046998,
      136.8675680602645,
      130.0020516496782,
      654.6917102929789,
      132.5663053649036,
      1339.8258997302516,
      121.16151999721322,
      651.6847520682833,
      128.7326632898704,
      130.46795891440965,
      125.43923949046915,
      136.16165722685477,
      621.6874672815906,
      123.68893281568833,
      755.8575717452496,
      140.63462940061734,
      869.2062246825543,
      560.2926413129957,
      131.03589468737286,
      650.1926971044351,
      130.07264534641325,
      131.96001282426903,
      494.89821665011436
    ]
  },
  "ep_basins": [
    0,
    0,
    2,
    1,
    2,
    0,
    2,
    0,
    2,
    0,
    1,
    0,
    1,
    2,
    1,
    0,
    2,
    2,
    2,
    1,
    0,
    1,
    2,
    1,
    1,
    2,
    1,
    2,
    2,
    1
  ],
  "ep_safety_rates": {
    "hdr_main": [
      0.0859375,
      0.09765625,
      0.1796875,
      0.71875,
      0.1796875,
      0.109375,
      0.14453125,
      0.03515625,
      0.2265625,
      0.09765625,
      0.65625,
      0.0859375,
      0.98828125,
      0.125,
      0.75,
      0.09375,
      0.18359375,
      0.1328125,
      0.21484375,
      0.796875,
      0.08984375,
      0.91015625,
      0.21484375,
      0.87890625,
      0.77734375,
      0.2109375,
      0.79296875,
      0.1796875,
      0.19140625,
      0.6953125
    ],
    "pooled_lqr_estimated": [
      0.0859375,
      0.09765625,
      0.18359375,
      0.74609375,
      0.1796875,
      0.10546875,
      0.14453125,
      0.03515625,
      0.2265625,
      0.1015625,
      0.6640625,
      0.0859375,
      0.9921875,
      0.125,
      0.76171875,
      0.08984375,
      0.18359375,
      0.1328125,
      0.21484375,
      0.79296875,
      0.0859375,
      0.90234375,
      0.2109375,
      0.8984375,
      0.81640625,
      0.20703125,
      0.80859375,
      0.1796875,
      0.19140625,
      0.69140625
    ]
  }
}