{
  "seed": 909,
  "n_episodes": 30,
  "ep_costs": {
    "open_loop": [
      1148.9583027782471,
      714.0816547908288,
      118.12293979643954,
      123.45218970974197,
      138.764195993928,
      134.18908916564547,
      119.01267016057992,
      113.86583817259572,
      127.56219110266623,
      534.1259695559454,
      136.49206936436389,
      129.21180682956663,
      131.20841889387302,
      125.48843105356603,
      796.4293902402464,
      530.492500921938,
      558.3765706383699,
      137.97983264628127,
      128.70400798834592,
      130.88458237031693,
      786.5967221855863,
      619.7648037965846,
      124.19719569234653,
      579.3297455231899,
      127.3128796860156,
      126.71328330897948,
      557.4485604238297,
      812.880101372537,
      129.66430577715164,
      453.0227492058744
    ],
    "pooled_lqr": [
      1160.3318764495523,
      676.9548703208649,
      117.30080291037439,
      121.15732039686786,
      138.18274274594052,
      133.401233062613,
      118.74179849189214,
      112.43963583380521,
      127.59344201326306,
      522.6618149817223,
      135.60536698987687,
      128.7440228874193,
      130.21491742534022,
      125.2710156541191,
      789.3752599310997,
      516.2056930113403,
      559.2431073493606,
      137.07287058171903,
      127.92535122824611,
      130.1802056421858,
      721.4664141364896,
      571.7079945033742,
      123.64513329852974,
      570.5424606420904,
      126.06034590400657,
      125.98520129825262,
      516.8070673161866,
      795.8732524256691,
      129.25270172179697,
      429.7940923207197
    ],
    "basin_lqr": [
      1148.7835822569796,
      683.1838947380934,
      117.21990753032591,
      121.26221976707323,
      137.8165127671789,
      132.9137590318658,
      118.48384555663412,
      112.57137889598762,
      127.25813713498958,
      523.4046529265681,
      135.21582949392763,
      128.36962034969844,
      129.60753351919868,
      124.81725785514188,
      791.2831762616023,
      519.7123626271987,
      566.852079840475,
      136.8618685835385,
      127.6835223192026,
      130.0344501959245,
      720.4740285294334,
      570.6884172264422,
      123.84934428570928,
      574.4102006928232,
      125.94573505975144,
      125.86889432027745,
      525.1234129265753,
      795.5021576017314,
      129.08558934168633,
      428.90400253127996
    ],
    "hdr_main": [
      1032.4315395123253,
      643.3756820465856,
      118.12293979643954,
      123.39681077462659,
      138.77140218770398,
      134.17534437291135,
      118.97894738563933,
      113.85738484642366,
      127.5617154755825,
      514.3922871680127,
      136.37658316516988,
      129.20037098544054,
      131.20841889387302,
      125.50776526122337,
      717.5658558007573,
      495.5171588990964,
      520.4219098647937,
      137.98072502677118,
      128.59325492361535,
      130.863808114362,
      719.0317082741543,
      584.7219858938779,
      124.19719569234653,
      537.0705672877109,
      127.29657573707348,
      126.67427632923201,
      527.2355452403882,
      736.9444885344757,
      129.66430577715164,
      444.65612655804136
    ],
    "pooled_lqr_estimated": [
      1141.2721935923573,
      696.3627949700245,
      117.29265108800391,
      121.92275754986646,
      139.3741327891106,
      133.5709183361347,
      118.77153713225802,
      113.49712529479659,
      127.71638690354615,
      528.2604930628352,
      135.91769799365377,
      128.80570820215166,
      129.9172151143508,
      125.64169821110225,
      780.7538520955683,
      514.4404842953667,
      556.1034590714339,
      137.5026895311856,
      128.79193300311252,
      130.37951446534547,
      717.5345587216315,
      576.768539711199,
      123.42480605011124,
      569.777978068203,
      127.5232567637896,
      126.3071185737641,
      516.0498360892536,
      799.4275955437606,
      129.71654602489593,
      434.57792195426686
    ]
  },
  "ep_basins": [
    1,
    1,
    0,
    0,
    2,
    2,
    2,
    0,
    2,
    1,
    2,
    2,
    2,
    2,
    1,
    1,
    1,
    2,
    2,
    2,
    1,
    1,
    0,
    1,
    2,
    2,
    1,
    1,
    2,
    1
  ],
  "ep_safety_rates": {
    "hdr_main": [
      0.79296875,
      0.734375,
      0.13671875,
      0.13671875,
      0.28125,
      0.17578125,
      0.1875,
      0.11328125,
      0.2109375,
      0.65234375,
      0.22265625,
      0.2421875,
      0.1875,
      0.20703125,
      0.7734375,
      0.703125,
      0.70703125,
      0.21875,
      0.21484375,
      0.109375,
      0.8046875,
      0.8359375,
      0.13671875,
      0.6875,
      0.22265625,
      0.1484375,
      0.7265625,
      0.8515625,
      0.1953125,
      0.7265625
    ],
    "pooled_lqr_estimated": [
      0.81640625,
      0.75390625,
      0.13671875,
      0.13671875,
      0.2890625,
      0.17578125,
      0.1875,
      0.1171875,
      0.2109375,
      0.68359375,
      0.22265625,
      0.23046875,
      0.1796875,
      0.203125,
      0.796875,
      0.70703125,
      0.7265625,
      0.21875,
      0.21484375,
      0.109375,
      0.8203125,
      0.796875,
      0.13671875,
      0.7109375,
      0.22265625,
      0.1484375,
      0.73046875,
      0.87890625,
      0.19140625,
      0.71484375
    ]
  }
}