{
  "seed": 1212,
  "n_episodes": 30,
  "ep_costs": {
    "open_loop": [
      122.70933707788656,
      127.24752049472858,
      120.31846069878758,
      132.19855412103206,
      122.86872890030831,
      745.8238185304632,
      127.50649645526917,
      766.7747532142665,
      127.81240534662103,
      121.61057833744046,
      123.84223118010681,
      918.5557474207966,
      125.61677304198548,
      124.40183764197006,
      134.62667719913892,
      125.59133856946276,
      138.03635907080033,
      130.79038750272568,
      768.9070949434154,
      124.65712777229622,
      131.6600921409853,
      131.8950532900687,
      127.47544655397756,
      137.95308417520835,
      124.37944455831762,
      132.70314797577757,
      958.6177786675989,
      636.435086600479,
      126.63567530905853,
      130.04426225699586
    ],
    "pooled_lqr": [
      122.48864958033231,
      125.35752636589626,
      119.34353335829151,
      129.99162503966454,
      120.61767917410195,
      726.7122844350749,
      127.33154414929099,
      752.712048411449,
      126.38400314695978,
      119.13020041655886,
      122.96962750279292,
      901.2687008752615,
      125.66903413180242,
      123.81362583501782,
      133.05586041110988,
      124.62952509530345,
      136.8677246363811,
      130.27057399733226,
      751.6070103688298,
      124.49005958154204,
      131.24170537298983,
      130.63408369679573,
      126.797598389459,
      137.5185799912271,
      122.38714333274596,
      132.44239036874106,
      949.5243971641835,
      614.1500340789848,
      125.22594170624511,
      128.63669040443352
    ],
    "basin_lqr": [
      122.02961813274486,
      125.30787801466374,
      119.37836468554754,
      129.94039599431974,
      120.67455108256412,
      727.5847042019114,
      127.0155155830584,
      755.4139380039801,
      126.37417709383472,
      118.98337702792453,
      122.808270514807,
      907.4861449588585,
      125.32662788781951,
      123.42491835587678,
      132.9924185540821,
      124.51965790078272,
      136.53663968784193,
      130.02395392509163,
      756.5084049353904,
      124.1850991518679,
      131.1498011092981,
      130.8096551778096,
      126.30691425963629,
      137.4496113164372,
      122.4182728108356,
      131.92497330466006,
      956.9289990359795,
      615.358284758832,
      125.16211018901073,
      128.73718691632214
    ],
    "hdr_main": [
      122.70933707788656,
      127.24752049472858,
      120.31846069878758,
      132.14100066709898,
      122.7984037183865,
      707.6107619426854,
      127.50237796671337,
      724.7099305750785,
      127.82456595636889,
      121.57434259647378,
      123.84223118010681,
      841.2797447299376,
      125.61677304198548,
      124.39137725175355,
      134.62667719913892,
      125.55992106170896,
      138.03635907080033,
      130.79038750272568,
      720.5445568382312,
      124.61889675992019,
      131.61812265126966,
      131.7029179202974,
      127.47544655397756,
      137.9369770159007,
      124.37325695884753,
      132.69282815144135,
      893.0122976661755,
      613.9390564622837,
      126.55345745869883,
      130.04426225699586
    ],
    "pooled_lqr_estimated": [
      122.89214419131027,
      125.34375414609846,
      119.5381249085563,
      131.60225368119382,
      121.15411530925523,
      728.3974967254993,
      127.52834351921422,
      759.4541108060367,
      126.50808927626694,
      120.35203241533533,
      122.95011173450737,
      901.8641961756006,
      125.77881733303207,
      124.07397665140311,
      133.0336918722015,
      125.02184571395303,
      138.00915835491165,
      130.97904402309368,
      752.2424413313354,
      124.45697058756905,
      131.91676881748725,
      131.13147843963932,
      127.26119922195531,
      138.12534701730098,
      123.07365375547609,
      132.18239878837278,
      942.7842821085709,
      620.8510833772461,
      125.99151477110799,
      128.8020463634731
    ],
    "hdr_tube_mpc": [
      122.70933707788656,
      127.24752049472858,
      120.31846069878758,
      132.14100066709898,
      122.7984037183865,
      672.4266366976797,
      127.50237796671337,
      687.4912903553419,
      127.82456595636889,
      121.57434259647378,
      123.84223118010681,
      751.7841992255667,
      125.61677304198548,
      124.39137725175355,
      134.62667719913892,
      125.55976193784088,
      138.03635907080033,
      130.79038750272568,
      681.4082154471931,
      124.61889675992019,
      131.61812265126966,
      131.70292967131314,
      127.47544655397756,
      137.9383566903139,
      124.37325695884753,
      132.69282815144135,
      845.7976446890793,
      605.4984513448945,
      126.55345745869883,
      130.04426225699586
    ]
  },
  "ep_basins": [
    2,
    0,
    0,
    0,
    0,
    1,
    2,
    1,
    0,
    0,
    0,
    1,
    2,
    2,
    0,
    2,
    2,
    2,
    1,
    2,
    2,
    0,
    2,
    2,
    0,
    2,
    1,
    1,
    0,
    0
  ],
  "ep_safety_rates": {
    "hdr_main": [
      0.1328125,
      0.0625,
      0.04296875,
      0.0703125,
      0.03515625,
      0.91796875,
      0.15234375,
      0.9296875,
      0.05078125,
      0.06640625,
      0.0859375,
      0.859375,
      0.1328125,
      0.1328125,
      0.07421875,
      0.10546875,
      0.16796875,
      0.12109375,
      0.84765625,
      0.12890625,
      0.1328125,
      0.0703125,
      0.10546875,
      0.203125,
      0.0546875,
      0.19140625,
      0.92578125,
      0.8515625,
      0.0625,
      0.06640625
    ],
    "pooled_lqr_estimated": [
      0.1328125,
      0.0625,
      0.04296875,
      0.0625,
      0.03515625,
      0.9140625,
      0.1484375,
      0.90625,
      0.05078125,
      0.0625,
      0.08203125,
      0.86328125,
      0.125,
      0.13671875,
      0.0703125,
      0.10546875,
      0.1640625,
      0.12109375,
      0.83984375,
      0.12890625,
      0.13671875,
      0.07421875,
      0.10546875,
      0.203125,
      0.0546875,
      0.19140625,
      0.921875,
      0.84765625,
      0.06640625,
      0.06640625
    ],
    "hdr_tube_mpc": [
      0.1328125,
      0.0625,
      0.04296875,
      0.0703125,
      0.03515625,
      0.9140625,
      0.15234375,
      0.90625,
      0.05078125,
      0.06640625,
      0.0859375,
      0.8671875,
      0.1328125,
      0.1328125,
      0.07421875,
      0.10546875,
      0.16796875,
      0.12109375,
      0.84765625,
      0.12890625,
      0.1328125,
      0.0703125,
      0.10546875,
      0.203125,
      0.0546875,
      0.19140625,
      0.92578125,
      0.83984375,
      0.0625,
      0.06640625
    ]
  }
}