{
  "seed": 909,
  "n_episodes": 30,
  "ep_costs": {
    "open_loop": [
      1148.9583027782471,
      714.0816547908288,
      118.12293979643954,
      123.45218970974197,
      138.764195993928,
      134.18908916564547,
      119.01267016057992,
      113.86583817259572,
      127.56219110266623,
      534.1259695559454,
      136.49206936436389,
      129.21180682956663,
      131.20841889387302,
      125.48843105356603,
      796.4293902402464,
      530.492500921938,
      558.3765706383699,
      137.97983264628127,
      128.70400798834592,
      130.88458237031693,
      786.5967221855863,
      619.7648037965846,
      124.19719569234653,
      579.3297455231899,
      127.3128796860156,
      126.71328330897948,
      557.4485604238297,
      812.880101372537,
      129.66430577715164,
      453.0227492058744
    ],
    "pooled_lqr": [
      1160.3318764495523,
      676.9548703208649,
      117.30080291037439,
      121.15732039686786,
      138.18274274594052,
      133.401233062613,
      118.74179849189214,
      112.43963583380521,
      127.59344201326306,
      522.6618149817223,
      135.60536698987687,
      128.7440228874193,
      130.21491742534022,
      125.2710156541191,
      789.3752599310997,
      516.2056930113403,
      559.2431073493606,
      137.07287058171903,
      127.92535122824611,
      130.1802056421858,
      721.4664141364896,
      571.7079945033742,
      123.64513329852974,
      570.5424606420904,
      126.06034590400657,
      125.98520129825262,
      516.8070673161866,
      795.8732524256691,
      129.25270172179697,
      429.7940923207197
    ],
    "basin_lqr": [
      1148.7835822569796,
      683.1838947380934,
      117.21990753032591,
      121.26221976707323,
      137.8165127671789,
      132.9137590318658,
      118.48384555663412,
      112.57137889598762,
      127.25813713498958,
      523.4046529265681,
      135.21582949392763,
      128.36962034969844,
      129.60753351919868,
      124.81725785514188,
      791.2831762616023,
      519.7123626271987,
      566.852079840475,
      136.8618685835385,
      127.6835223192026,
      130.0344501959245,
      720.4740285294334,
      570.6884172264422,
      123.84934428570928,
      574.4102006928232,
      125.94573505975144,
      125.86889432027745,
      525.1234129265753,
      795.5021576017314,
      129.08558934168633,
      428.90400253127996
    ],
    "hdr_main": [
      1032.4315440987825,
      643.3756869240942,
      118.12293979643954,
      123.39681079484637,
      138.77140218974262,
      134.17534436152658,
      118.97894739249857,
      113.85738485271142,
      127.56171548123817,
      514.3922871670351,
      136.37658321295578,
      129.20037099176236,
      131.20841889387302,
      125.50776528052742,
      717.5658617677617,
      495.51715733745084,
      520.4219105264797,
      137.98072502639215,
      128.59325494375238,
      130.86380813561817,
      719.0317116864269,
      584.7219858202192,
      124.19719569234653,
      537.0705680829436,
      127.2965757276072,
      126.67427634894216,
      527.2355489086563,
      736.944496529621,
      129.66430577715164,
      444.6561295525431
    ],
    "pooled_lqr_estimated": [
      1146.240096180693,
      688.6676422392866,
      117.18957432808554,
      122.09303231583932,
      139.2571400664405,
      133.6211017947,
      118.4764726648392,
      113.16927190874729,
      127.64003225607556,
      528.00068276847,
      135.88001907400215,
      128.62492580173455,
      130.05753873719047,
      125.55533714654338,
      771.0723996010283,
      514.2712819459106,
      551.6458603739254,
      137.5773663256931,
      128.7153613243013,
      130.36501426081006,
      716.1457815771973,
      576.4310002549021,
      123.20394522176124,
      568.2036429982054,
      127.45172185284525,
      126.33402875419638,
      520.9233300141263,
      803.8303614182066,
      129.50247121780677,
      438.7160763094842
    ],
    "hdr_tube_mpc": [
      971.1504643062251,
      607.2432241711156,
      118.12293979643954,
      123.39681079484637,
      138.77140218974262,
      134.17534436152658,
      118.97894996009398,
      113.85738485271142,
      127.56171548123817,
      511.4651598892812,
      136.37610023349862,
      129.20037099176236,
      131.20841889387302,
      125.50776528052742,
      678.181985349717,
      481.07594569926573,
      509.7322841297303,
      137.98072502639215,
      128.59325494375238,
      130.86380813561817,
      701.1725207083921,
      572.6803538451843,
      124.19719569234653,
      524.2458557753409,
      127.2965757276072,
      126.67419243485784,
      521.4944265228924,
      666.2961231613095,
      129.66430577715164,
      443.7621063911674
    ]
  },
  "ep_basins": [
    1,
    1,
    0,
    0,
    2,
    2,
    2,
    0,
    2,
    1,
    2,
    2,
    2,
    2,
    1,
    1,
    1,
    2,
    2,
    2,
    1,
    1,
    0,
    1,
    2,
    2,
    1,
    1,
    2,
    1
  ],
  "ep_safety_rates": {
    "hdr_main": [
      0.79296875,
      0.734375,
      0.13671875,
      0.13671875,
      0.28125,
      0.17578125,
      0.1875,
      0.11328125,
      0.2109375,
      0.65234375,
      0.22265625,
      0.2421875,
      0.1875,
      0.20703125,
      0.7734375,
      0.703125,
      0.70703125,
      0.21875,
      0.21484375,
      0.109375,
      0.8046875,
      0.8359375,
      0.13671875,
      0.6875,
      0.22265625,
      0.1484375,
      0.7265625,
      0.8515625,
      0.1953125,
      0.7265625
    ],
    "pooled_lqr_estimated": [
      0.8125,
      0.75,
      0.1328125,
      0.1328125,
      0.2890625,
      0.17578125,
      0.1875,
      0.109375,
      0.2109375,
      0.6875,
      0.22265625,
      0.23046875,
      0.1796875,
      0.203125,
      0.796875,
      0.70703125,
      0.72265625,
      0.21875,
      0.21484375,
      0.109375,
      0.83203125,
      0.79296875,
      0.13671875,
      0.69921875,
      0.22265625,
      0.1484375,
      0.73046875,
      0.87890625,
      0.19140625,
      0.734375
    ],
    "hdr_tube_mpc": [
      0.7734375,
      0.70703125,
      0.13671875,
      0.13671875,
      0.28125,
      0.17578125,
      0.1875,
      0.11328125,
      0.2109375,
      0.65234375,
      0.22265625,
      0.2421875,
      0.1875,
      0.20703125,
      0.76953125,
      0.6796875,
      0.69140625,
      0.21875,
      0.21484375,
      0.109375,
      0.78515625,
      0.828125,
      0.13671875,
      0.67578125,
      0.22265625,
      0.1484375,
      0.72265625,
      0.828125,
      0.1953125,
      0.72265625
    ]
  }
}