{
  "seed": 1717,
  "n_episodes": 30,
  "ep_costs": {
    "open_loop": [
      128.8145653802516,
      624.6135275370901,
      138.89198092297394,
      132.0274699486448,
      627.7747933517211,
      122.87800762919183,
      135.92556657765115,
      128.73362873826736,
      118.9732878781035,
      137.502421839304,
      133.13810585581982,
      122.37645386053974,
      123.90241221778969,
      559.6538125542352,
      482.4577349668288,
      562.6032402493868,
      132.13348240518044,
      118.86267604150645,
      129.51450051684586,
      130.84560572245323,
      126.34761409569187,
      137.71707935067275,
      132.61741889791298,
      125.30589851938318,
      656.4173977086367,
      128.53618252101776,
      121.31704436582419,
      138.74952913382626,
      588.9749400755039,
      128.09958030723485
    ],
    "pooled_lqr": [
      128.76071292869983,
      569.0694308246261,
      138.03396766287577,
      130.11154455039662,
      601.2692334001807,
      120.972750626727,
      135.39373842091092,
      127.63912977970301,
      118.12795157461284,
      136.93999739154557,
      131.67075618185214,
      121.61887743809105,
      123.13732885886095,
      530.5986379268265,
      480.48233321938034,
      550.2220817607124,
      129.67896493593608,
      117.96533583309824,
      129.4742712054435,
      129.65367724050276,
      123.62286220200347,
      137.1733824708675,
      131.93288869350832,
      124.63767938464072,
      637.0314302045329,
      128.21602238746482,
      121.33612913984042,
      137.2760109771834,
      570.5608039652748,
      125.22886568921112
    ],
    "basin_lqr": [
      128.60859031343483,
      567.9418479377962,
      137.84767731208785,
      130.08327742949152,
      600.6346558983244,
      120.96450664553426,
      135.08262728120664,
      127.41729363959689,
      118.16105829083592,
      136.50636089240305,
      131.69537314899688,
      121.43775364894161,
      122.69612563297282,
      537.9893225265155,
      482.4820091065233,
      548.6135753364587,
      129.82022316172336,
      117.93115411488989,
      129.09674517513508,
      129.68808383199368,
      123.71260094323317,
      136.6183271591853,
      131.15275569928392,
      124.42492168164353,
      646.4317953154901,
      127.46261107388689,
      120.773313810729,
      137.22359642675434,
      570.31113095701,
      124.97195370823403
    ],
    "hdr_main": [
      128.8336002262836,
      596.5279174638163,
      138.8969962716599,
      132.0274699486448,
      599.7056666179378,
      122.87800762919183,
      135.87615603704262,
      128.73362873826736,
      118.9732878781035,
      137.502421839304,
      133.10242387990917,
      122.3224532632204,
      123.85669984999397,
      535.3691541519418,
      466.761335453032,
      549.4672533713583,
      132.1271755206346,
      118.86267604150645,
      129.51450051684586,
      130.81579965799264,
      126.28156331777616,
      137.68947812604398,
      132.54255993630156,
      125.29037894275402,
      621.3509473061524,
      128.52402898891393,
      121.31704436582419,
      138.69800177949182,
      551.054356070995,
      128.09958030723485
    ],
    "pooled_lqr_estimated": [
      128.87948186864543,
      567.2170326790225,
      139.04247825932973,
      130.85103899648215,
      597.6236052366355,
      122.41897064768737,
      135.8737042895978,
      129.0744249763849,
      118.98529779253383,
      137.6135957613596,
      132.4164363068075,
      122.31285394521949,
      122.983103893499,
      537.2726123720613,
      480.0572299221599,
      548.9222728404357,
      131.307190466589,
      117.98196910160955,
      129.78063059638592,
      130.18257692322348,
      124.96786753517709,
      137.76695908778285,
      131.6662406596194,
      125.10943629770165,
      635.726330327879,
      128.77110008312232,
      121.24270139366337,
      138.05058695864835,
      575.7466286316185,
      126.93584595521381
    ]
  },
  "ep_basins": [
    2,
    1,
    2,
    0,
    1,
    0,
    2,
    2,
    0,
    2,
    0,
    0,
    2,
    1,
    1,
    1,
    0,
    0,
    2,
    2,
    0,
    2,
    2,
    2,
    1,
    2,
    2,
    0,
    1,
    0
  ],
  "ep_safety_rates": {
    "hdr_main": [
      0.1328125,
      0.796875,
      0.16796875,
      0.125,
      0.84765625,
      0.0625,
      0.14453125,
      0.1484375,
      0.0703125,
      0.1640625,
      0.07421875,
      0.1015625,
      0.10546875,
      0.859375,
      0.7890625,
      0.80859375,
      0.0859375,
      0.05859375,
      0.15234375,
      0.17578125,
      0.12109375,
      0.15234375,
      0.17578125,
      0.109375,
      0.84375,
      0.1328125,
      0.14453125,
      0.1015625,
      0.83984375,
      0.0859375
    ],
    "pooled_lqr_estimated": [
      0.1328125,
      0.80859375,
      0.16796875,
      0.125,
      0.8359375,
      0.0546875,
      0.140625,
      0.1484375,
      0.06640625,
      0.16015625,
      0.07421875,
      0.1015625,
      0.10546875,
      0.859375,
      0.8046875,
      0.81640625,
      0.0859375,
      0.05859375,
      0.15234375,
      0.17578125,
      0.12109375,
      0.15234375,
      0.171875,
      0.109375,
      0.84375,
      0.12890625,
      0.14453125,
      0.1015625,
      0.83984375,
      0.0859375
    ]
  }
}