{
  "seed": 1212,
  "n_episodes": 30,
  "ep_costs": {
    "open_loop": [
      122.70933707788656,
      127.24752049472858,
      120.31846069878758,
      132.19855412103206,
      122.86872890030831,
      745.8238185304632,
      127.50649645526917,
      766.7747532142665,
      127.81240534662103,
      121.61057833744046,
      123.84223118010681,
      918.5557474207966,
      125.61677304198548,
      124.40183764197006,
      134.62667719913892,
      125.59133856946276,
      138.03635907080033,
      130.79038750272568,
      768.9070949434154,
      124.65712777229622,
      131.6600921409853,
      131.8950532900687,
      127.47544655397756,
      137.95308417520835,
      124.37944455831762,
      132.70314797577757,
      958.6177786675989,
      636.435086600479,
      126.63567530905853,
      130.04426225699586
    ],
    "pooled_lqr": [
      122.48864958033231,
      125.35752636589626,
      119.34353335829151,
      129.99162503966454,
      120.61767917410195,
      726.7122844350749,
      127.33154414929099,
      752.712048411449,
      126.38400314695978,
      119.13020041655886,
      122.96962750279292,
      901.2687008752615,
      125.66903413180242,
      123.81362583501782,
      133.05586041110988,
      124.62952509530345,
      136.8677246363811,
      130.27057399733226,
      751.6070103688298,
      124.49005958154204,
      131.24170537298983,
      130.63408369679573,
      126.797598389459,
      137.5185799912271,
      122.38714333274596,
      132.44239036874106,
      949.5243971641835,
      614.1500340789848,
      125.22594170624511,
      128.63669040443352
    ],
    "basin_lqr": [
      122.02961813274486,
      125.30787801466374,
      119.37836468554754,
      129.94039599431974,
      120.67455108256412,
      727.5847042019114,
      127.0155155830584,
      755.4139380039801,
      126.37417709383472,
      118.98337702792453,
      122.808270514807,
      907.4861449588585,
      125.32662788781951,
      123.42491835587678,
      132.9924185540821,
      124.51965790078272,
      136.53663968784193,
      130.02395392509163,
      756.5084049353904,
      124.1850991518679,
      131.1498011092981,
      130.8096551778096,
      126.30691425963629,
      137.4496113164372,
      122.4182728108356,
      131.92497330466006,
      956.9289990359795,
      615.358284758832,
      125.16211018901073,
      128.73718691632214
    ],
    "hdr_main": [
      122.70933707788656,
      127.24752049472858,
      120.31846069878758,
      132.14100066006395,
      122.79840368878143,
      707.6107583907519,
      127.502377968097,
      724.7099254604116,
      127.82456592959217,
      121.57434258344556,
      123.84223118010681,
      841.2797420483987,
      125.61677304198548,
      124.3913772510143,
      134.62667719913892,
      125.55992105673137,
      138.03635907080033,
      130.79038750272568,
      720.5445513834271,
      124.61889673068546,
      131.61812262847562,
      131.702917914781,
      127.47544655397756,
      137.93697701571512,
      124.37325695232263,
      132.69282814854853,
      893.0122928165258,
      613.939055242012,
      126.55345749097121,
      130.04426225699586
    ],
    "pooled_lqr_estimated": [
      123.1271049516473,
      125.18510614015275,
      119.82227152447165,
      131.6829640768062,
      121.64958589903107,
      729.889414031966,
      127.49637520278061,
      750.813395650005,
      126.70792847961144,
      120.42083546561061,
      122.9596611830064,
      901.0319157157612,
      125.97859968244734,
      124.16709135842373,
      134.17304160774597,
      125.10025023764832,
      138.05886955946553,
      131.24259352550123,
      754.0185230489823,
      124.8092582784334,
      132.15347249016463,
      131.30037746559455,
      127.50964424111187,
      138.30699693426462,
      123.32942471563358,
      132.2332147685701,
      946.1840921475684,
      619.8433883711511,
      125.81604325786536,
      129.14139706219777
    ]
  },
  "ep_basins": [
    2,
    0,
    0,
    0,
    0,
    1,
    2,
    1,
    0,
    0,
    0,
    1,
    2,
    2,
    0,
    2,
    2,
    2,
    1,
    2,
    2,
    0,
    2,
    2,
    0,
    2,
    1,
    1,
    0,
    0
  ],
  "ep_safety_rates": {
    "hdr_main": [
      0.1328125,
      0.0625,
      0.04296875,
      0.0703125,
      0.03515625,
      0.91796875,
      0.15234375,
      0.9296875,
      0.05078125,
      0.06640625,
      0.0859375,
      0.859375,
      0.1328125,
      0.1328125,
      0.07421875,
      0.10546875,
      0.16796875,
      0.12109375,
      0.84765625,
      0.12890625,
      0.1328125,
      0.0703125,
      0.10546875,
      0.203125,
      0.0546875,
      0.19140625,
      0.92578125,
      0.8515625,
      0.0625,
      0.06640625
    ],
    "pooled_lqr_estimated": [
      0.1328125,
      0.0625,
      0.04296875,
      0.0625,
      0.03515625,
      0.91015625,
      0.1484375,
      0.90234375,
      0.05078125,
      0.0625,
      0.08203125,
      0.86328125,
      0.12890625,
      0.13671875,
      0.0703125,
      0.10546875,
      0.1640625,
      0.12109375,
      0.84375,
      0.12890625,
      0.13671875,
      0.078125,
      0.10546875,
      0.203125,
      0.0546875,
      0.19140625,
      0.921875,
      0.84765625,
      0.06640625,
      0.06640625
    ]
  }
}