{
  "seed": 1818,
  "n_episodes": 30,
  "ep_costs": {
    "open_loop": [
      123.49239150948605,
      696.9537810278889,
      524.9190520639442,
      404.4732809792304,
      121.73310617629977,
      719.0631108760506,
      124.5098412605283,
      127.97116641810639,
      137.9116051092048,
      551.893410619341,
      456.6994920800422,
      134.03698805307147,
      137.17581515065723,
      505.2311705682937,
      526.3746915673996,
      134.8373563118226,
      136.96166890978935,
      131.15015600310136,
      127.44947109848928,
      119.8992207263971,
      126.59264931329868,
      123.21458169554488,
      570.1429737444189,
      126.1082277862106,
      116.66025117364224,
      130.07531843274342,
      125.98229952925436,
      133.7183978659268,
      134.63176574132802,
      121.71299792797437
    ],
    "pooled_lqr": [
      121.8161194304788,
      667.0855324220914,
      516.1490868482144,
      395.1798748562302,
      120.00986300094465,
      717.8028074852486,
      124.30469138893994,
      127.87155216388176,
      137.1214270187391,
      525.0947510748192,
      441.69116521272974,
      131.59473503239337,
      136.5012117463645,
      499.45867651935174,
      513.5490613195685,
      132.0492955421218,
      136.32977936944167,
      130.90318493851413,
      125.19758828089688,
      119.4145058259888,
      126.52306418211433,
      121.50057782513268,
      552.3753422329306,
      124.81164552959814,
      114.37382064062113,
      130.2179633441317,
      126.24813576296677,
      133.39701190703556,
      133.27971166002882,
      120.55467731039387
    ],
    "basin_lqr": [
      121.82139388445083,
      672.1654730078106,
      515.2060326050913,
      396.1114277966053,
      120.2507486915448,
      718.8217646198448,
      123.85917889575164,
      127.41333208326047,
      136.5391910633949,
      527.2921427385216,
      442.91453272621385,
      131.50573302422313,
      136.1104350150911,
      501.5555648253408,
      514.1250402455777,
      132.09738804453778,
      135.84077355471499,
      130.45024834840177,
      125.21061276959541,
      118.69006429133161,
      125.88864487774273,
      121.53080723695801,
      552.4405463453658,
      124.65140478955782,
      114.44368750234018,
      129.83576790494945,
      125.43570999496566,
      133.03180462129117,
      133.1067243918423,
      120.52143000259959
    ],
    "hdr_main": [
      123.49239150948605,
      676.3577198521714,
      514.9431319449073,
      396.9515334621372,
      121.71062534090375,
      694.8200119677077,
      124.5098412605283,
      127.97796137466514,
      137.87807001140268,
      543.6590503471526,
      451.40852372093985,
      134.03698805307147,
      137.12607952040904,
      493.58304735674693,
      518.4573243574087,
      134.8373563118226,
      136.94726776710496,
      130.98049750265335,
      127.32428244286496,
      119.8992207263971,
      126.59264931329868,
      123.21458169554488,
      560.5616815957138,
      126.07330286629488,
      116.65934467190782,
      130.06223317605637,
      125.98229952925436,
      133.73400300175925,
      134.63045319920425,
      121.71299792797437
    ],
    "pooled_lqr_estimated": [
      122.23167658226052,
      666.2829651808672,
      516.8808647841304,
      395.4422323309562,
      120.99582686263078,
      713.1840180719278,
      124.08494540260037,
      127.76026247815494,
      137.35848782696917,
      531.4725857127013,
      444.5828125952017,
      131.57835258166293,
      136.48409230911975,
      501.9969004537702,
      518.2026425011652,
      134.43045009589338,
      136.40489288078308,
      130.76281297460923,
      126.0280554284634,
      119.12918445271329,
      126.11441132501886,
      122.53526846117323,
      554.5021679366458,
      125.15506951140434,
      114.97138061521606,
      129.96281370800762,
      126.10781483072716,
      133.49017510953408,
      134.2882335157378,
      119.956630256716
    ],
    "hdr_tube_mpc": [
      123.49239150948605,
      672.9505323118672,
      513.624933602145,
      396.1927326218701,
      121.71062534090375,
      682.7806561650943,
      124.5098412605283,
      127.97796137466514,
      137.87807001140268,
      542.5196015295587,
      451.11546234054185,
      134.03698805307147,
      137.12598803367146,
      492.62977590820475,
      517.654729159137,
      134.8373563118226,
      136.94726776710496,
      130.98048254946482,
      127.32428244286496,
      119.8992207263971,
      126.59264931329868,
      123.21458169554488,
      558.3582040872548,
      126.07330286629488,
      116.65934467190782,
      130.06223317605637,
      125.98229952925436,
      133.73403254007496,
      134.63045319920425,
      121.71299792797437
    ]
  },
  "ep_basins": [
    0,
    1,
    1,
    1,
    0,
    1,
    2,
    2,
    2,
    1,
    1,
    0,
    2,
    1,
    1,
    0,
    2,
    2,
    0,
    2,
    2,
    0,
    1,
    0,
    0,
    2,
    2,
    2,
    2,
    0
  ],
  "ep_safety_rates": {
    "hdr_main": [
      0.0625,
      0.9453125,
      0.8203125,
      0.71875,
      0.06640625,
      0.9375,
      0.19140625,
      0.14453125,
      0.16796875,
      0.8515625,
      0.8125,
      0.0859375,
      0.12109375,
      0.859375,
      0.81640625,
      0.0859375,
      0.16796875,
      0.14453125,
      0.08203125,
      0.15234375,
      0.20703125,
      0.09375,
      0.875,
      0.09765625,
      0.0546875,
      0.15234375,
      0.1328125,
      0.19921875,
      0.234375,
      0.0546875
    ],
    "pooled_lqr_estimated": [
      0.0625,
      0.9296875,
      0.8515625,
      0.71875,
      0.0625,
      0.921875,
      0.19140625,
      0.14453125,
      0.16015625,
      0.84765625,
      0.8125,
      0.0859375,
      0.12109375,
      0.859375,
      0.81640625,
      0.08984375,
      0.16796875,
      0.140625,
      0.08203125,
      0.1484375,
      0.203125,
      0.09375,
      0.859375,
      0.09375,
      0.0546875,
      0.15234375,
      0.1328125,
      0.19921875,
      0.23046875,
      0.0546875
    ],
    "hdr_tube_mpc": [
      0.0625,
      0.9453125,
      0.8203125,
      0.71484375,
      0.06640625,
      0.921875,
      0.19140625,
      0.14453125,
      0.16796875,
      0.8515625,
      0.8125,
      0.0859375,
      0.12109375,
      0.8515625,
      0.81640625,
      0.0859375,
      0.16796875,
      0.14453125,
      0.08203125,
      0.15234375,
      0.20703125,
      0.09375,
      0.87109375,
      0.09765625,
      0.0546875,
      0.15234375,
      0.1328125,
      0.19921875,
      0.234375,
      0.0546875
    ]
  }
}