{
  "seed": 303,
  "n_episodes": 30,
  "ep_costs": {
    "open_loop": [
      135.32464152571808,
      834.4058081350332,
      124.94812117944248,
      122.01589706961005,
      125.55611922167462,
      130.65941722062493,
      128.69074549632208,
      404.73962682439173,
      122.02608648340585,
      570.7558640060619,
      119.10719896796186,
      125.23179842992204,
      129.12697883033957,
      121.79398116675766,
      125.2036493149208,
      128.69803241519588,
      128.004412359118,
      556.0981816237686,
      129.71739930782388,
      127.13691144981483,
      122.96881015104134,
      127.81100101564796,
      564.4514225511684,
      799.4489116557015,
      128.79291241217473,
      138.1921331325283,
      130.61122723840631,
      127.86374318256988,
      130.72973899355034,
      135.2052324506323
    ],
    "pooled_lqr": [
      133.29586187748228,
      741.2268248658572,
      123.8105743227211,
      121.8073659152272,
      124.97600483849268,
      129.6972796052875,
      128.35925628953663,
      380.1781906891337,
      121.3091648230749,
      564.1900168781495,
      118.04304842674486,
      123.6209544392333,
      128.04270107744514,
      121.48372981210126,
      124.82382627355256,
      128.54170253879346,
      127.82810763798162,
      554.094658642653,
      129.35153541166477,
      126.98062939660996,
      122.55154378758658,
      126.61032758114182,
      549.8028114037129,
      784.7900640025755,
      128.26328145821145,
      136.52874109300427,
      130.27089807122036,
      125.69075829284829,
      129.84604033993574,
      134.3926013021436
    ],
    "basin_lqr": [
      133.5722237852339,
      739.0570725238953,
      123.9572224148795,
      121.37317011241399,
      124.45126045583508,
      129.5787947602498,
      127.59910875120941,
      377.92471085965207,
      121.21829589692726,
      569.550606837144,
      117.80843339416674,
      123.61933568417055,
      128.1278304549578,
      121.57610073259123,
      124.32287412198193,
      128.05958953798486,
      127.4106564164731,
      557.5419710892954,
      129.04014348472097,
      126.50683580796648,
      122.32669918207662,
      126.65806979382684,
      557.5749063456859,
      784.1100014480356,
      127.81573386135095,
      136.61764189388697,
      129.75219852844816,
      125.64362552245574,
      129.54354604847583,
      134.44470278615873
    ],
    "hdr_main": [
      135.32464152571808,
      780.8417304094454,
      124.94812117944248,
      122.01649258585053,
      125.55000581951472,
      130.35333018206796,
      128.68456662360535,
      391.79287315561044,
      122.02608648340585,
      529.9333360350355,
      119.09414762769622,
      125.14472649710615,
      129.12200088929401,
      121.79398116675766,
      125.20066896133503,
      128.66270106541202,
      128.0094574686739,
      529.509700608677,
      129.70954685839882,
      127.13691144981483,
      122.96845508982062,
      127.81100101564796,
      533.456588527158,
      731.6319426076426,
      128.8124601879138,
      138.19224519833426,
      130.61122723840631,
      127.83913288107688,
      130.72973899355034,
      135.17672637791182
    ],
    "pooled_lqr_estimated": [
      133.977770682296,
      753.7864348361169,
      124.2095152095433,
      121.92726504052357,
      124.99052642291932,
      130.26681065526537,
      129.10545516463026,
      381.7297620241289,
      121.85846066193609,
      564.6856032278758,
      118.79825144601838,
      123.78552979988523,
      128.06097057187822,
      121.89763463742072,
      125.01767056947219,
      128.53927022709934,
      128.15912943877748,
      551.2186745267857,
      130.1001390581325,
      127.30629309109325,
      122.94783790598609,
      127.09691122038704,
      550.7042232472804,
      786.430271868514,
      128.73127570020793,
      136.88578497310894,
      130.33735783330576,
      127.22006257016376,
      130.1111251260945,
      134.24161151820553
    ]
  },
  "ep_basins": [
    0,
    1,
    0,
    2,
    2,
    0,
    2,
    1,
    2,
    1,
    2,
    0,
    0,
    2,
    2,
    2,
    2,
    1,
    2,
    2,
    2,
    0,
    1,
    1,
    2,
    0,
    2,
    0,
    2,
    0
  ],
  "ep_safety_rates": {
    "hdr_main": [
      0.12109375,
      0.85546875,
      0.12109375,
      0.1328125,
      0.15234375,
      0.09375,
      0.203125,
      0.65625,
      0.1875,
      0.77734375,
      0.15234375,
      0.0625,
      0.06640625,
      0.16015625,
      0.15625,
      0.19140625,
      0.1640625,
      0.703125,
      0.171875,
      0.1875,
      0.13671875,
      0.08984375,
      0.796875,
      0.796875,
      0.16796875,
      0.12890625,
      0.203125,
      0.09765625,
      0.22265625,
      0.109375
    ],
    "pooled_lqr_estimated": [
      0.12109375,
      0.8671875,
      0.12109375,
      0.13671875,
      0.15234375,
      0.09375,
      0.19921875,
      0.65234375,
      0.18359375,
      0.796875,
      0.15625,
      0.0625,
      0.06640625,
      0.16015625,
      0.16015625,
      0.19140625,
      0.1640625,
      0.7109375,
      0.17578125,
      0.1875,
      0.140625,
      0.08984375,
      0.8046875,
      0.80078125,
      0.16796875,
      0.125,
      0.203125,
      0.09375,
      0.22265625,
      0.109375
    ]
  }
}