{
  "seed": 2020,
  "n_episodes": 30,
  "ep_costs": {
    "open_loop": [
      442.49038702796935,
      135.5866434772443,
      128.5494325498173,
      128.91857487678342,
      132.56073908790776,
      130.6131641493092,
      122.99038942036036,
      125.71627732765498,
      125.07211020334833,
      130.9708444055976,
      509.3093985127799,
      116.35056216768811,
      137.74792403477193,
      540.58970307248,
      134.70312317379972,
      130.28923917154182,
      500.5112294792996,
      585.7238994131875,
      125.91217803956701,
      132.86212103452067,
      124.25698188186566,
      697.3912059873084,
      125.86685797576837,
      514.4379500067491,
      124.95586055263473,
      556.3767971281972,
      124.8224506596058,
      135.01192042172002,
      122.37118655120766,
      137.45921937970462
    ],
    "pooled_lqr": [
      439.4909133445529,
      134.97913066607833,
      126.71017978074731,
      128.49366428721103,
      130.674761914644,
      130.00578177941404,
      122.41610429922595,
      123.3104553097655,
      123.56773963257706,
      130.94646529463293,
      491.9243540934965,
      114.7619382889076,
      135.06329530023805,
      538.4020054390787,
      134.23297393937256,
      129.6963949724282,
      490.4625616582308,
      598.1470128901929,
      122.76025024835361,
      131.12237887344372,
      123.52272424389444,
      618.9994168630977,
      126.01749114857681,
      469.47109813226257,
      123.80054070640875,
      553.4733270906241,
      124.52356142626627,
      134.3512823699777,
      121.81095141197643,
      136.34955758518458
    ],
    "basin_lqr": [
      442.9495533135991,
      134.65162008251093,
      126.7222867041096,
      128.3103967883332,
      130.5900592421831,
      129.8887241095563,
      122.31027393652433,
      123.3461521433762,
      123.92102220977822,
      130.6292991702837,
      492.4513189826517,
      114.86134501726288,
      135.05694906825056,
      539.695176812809,
      133.8796485602749,
      129.3083451906552,
      490.1532199389013,
      604.3762415735083,
      122.66898958369356,
      131.13349076984912,
      123.29142921775811,
      624.4480372563263,
      125.43456177591312,
      471.87297524603105,
      123.66622587573133,
      554.5527225940307,
      123.9351100367526,
      133.8707486340282,
      121.55717486083832,
      135.92319545057768
    ],
    "hdr_main": [
      417.24664695576485,
      135.53225288734444,
      128.5494325498173,
      128.91542733504954,
      132.56073908790776,
      130.6089394203396,
      122.96420432504912,
      125.71627732765498,
      125.07211020334833,
      130.9708444055976,
      476.97015073353094,
      116.32976537097517,
      137.74792403477193,
      510.7064505202188,
      134.66328712189912,
      130.2721236740035,
      480.4650963004078,
      553.1980975974673,
      125.91217803956701,
      132.86212103452067,
      124.12533429654579,
      637.117363881863,
      125.7743339566687,
      483.40964842031315,
      124.9092811436224,
      531.0070897556624,
      124.81915908454764,
      134.99672125976127,
      122.34778516201169,
      137.4593593301871
    ],
    "pooled_lqr_estimated": [
      440.99793642239604,
      135.0341695630481,
      126.56733881046814,
      129.2377145372158,
      130.94190197331258,
      130.28279321317328,
      122.84751969781875,
      124.56266800787998,
      122.8736315458413,
      131.45979687877045,
      493.4743789581479,
      115.15542399211616,
      135.9249835300954,
      544.732384669951,
      134.7158486386766,
      130.50410071452677,
      487.64171886120545,
      616.0364285566735,
      123.71936812356577,
      131.98654294925876,
      124.50584395673305,
      611.2746323250545,
      126.2457835548102,
      474.28103448138296,
      124.17300129362437,
      554.5720036659436,
      125.31781035563273,
      134.7003911065771,
      122.2071745503854,
      136.8075269209092
    ]
  },
  "ep_basins": [
    1,
    2,
    0,
    2,
    0,
    2,
    2,
    0,
    0,
    2,
    1,
    0,
    0,
    1,
    2,
    2,
    1,
    1,
    0,
    0,
    2,
    1,
    2,
    1,
    2,
    1,
    2,
    2,
    2,
    2
  ],
  "ep_safety_rates": {
    "hdr_main": [
      0.7734375,
      0.13671875,
      0.12890625,
      0.13671875,
      0.12890625,
      0.14453125,
      0.12890625,
      0.11328125,
      0.11328125,
      0.12890625,
      0.78125,
      0.14453125,
      0.16796875,
      0.78515625,
      0.1171875,
      0.140625,
      0.84375,
      0.79296875,
      0.12890625,
      0.15234375,
      0.09375,
      0.82421875,
      0.12109375,
      0.78125,
      0.0859375,
      0.828125,
      0.140625,
      0.1484375,
      0.08203125,
      0.10546875
    ],
    "pooled_lqr_estimated": [
      0.7734375,
      0.1328125,
      0.125,
      0.12890625,
      0.12890625,
      0.14453125,
      0.125,
      0.12109375,
      0.10546875,
      0.12890625,
      0.7734375,
      0.140625,
      0.1640625,
      0.80078125,
      0.1171875,
      0.14453125,
      0.83984375,
      0.79296875,
      0.125,
      0.15234375,
      0.09375,
      0.828125,
      0.12109375,
      0.7734375,
      0.08203125,
      0.82421875,
      0.140625,
      0.1484375,
      0.08203125,
      0.10546875
    ]
  }
}