{
  "seed": 1111,
  "n_episodes": 30,
  "ep_costs": {
    "open_loop": [
      127.12634146983584,
      134.71185153386932,
      129.36862929827214,
      130.4135026098251,
      438.0994989657214,
      573.0982187267148,
      407.8895747187897,
      602.8215713915714,
      129.7374590668131,
      134.7807607221767,
      133.72952154825654,
      125.94786513672818,
      135.34067527864525,
      128.4052578581434,
      122.1632128038153,
      129.80113165154944,
      131.18164676746494,
      626.2688257865734,
      135.51725716416,
      134.99402949406874,
      136.99414791243044,
      124.28570838749508,
      124.06333323945888,
      512.1369296465085,
      133.34076992196884,
      119.78938303206313,
      660.0244301380154,
      132.88394232318402,
      592.4155359375011,
      122.35818695927584
    ],
    "pooled_lqr": [
      126.24693185887816,
      133.63007282258855,
      128.2373899745234,
      128.2404811523439,
      434.3651871871844,
      554.1665104986768,
      406.355328714875,
      574.3546653135104,
      128.69417201001318,
      133.59379350280486,
      132.57230684085383,
      125.47949754371176,
      134.84240232168204,
      127.899488228584,
      120.3069198305773,
      127.92865566932461,
      129.58994912879902,
      622.0913620389382,
      132.78379823151602,
      134.7778280424942,
      135.45985251884127,
      121.74172111588223,
      122.9403148328043,
      497.43153606624185,
      132.0762768330654,
      119.0259773334829,
      623.5485784419141,
      132.46521847028717,
      581.9255280708397,
      121.74519222582153
    ],
    "basin_lqr": [
      126.07274729475458,
      133.33898561014587,
      128.26489627621882,
      128.34917619198652,
      434.54007395643566,
      551.5523500229624,
      410.9645506751901,
      573.5060267027806,
      128.67712340156703,
      133.37539577057035,
      132.23951081204012,
      125.26854246264283,
      134.60757970672898,
      127.70369092445995,
      120.37803838593668,
      127.82458576366969,
      129.49376363896795,
      622.7983113644993,
      132.76009563943848,
      134.4642445903614,
      135.26997379000403,
      121.7881539699489,
      122.96295729012648,
      496.5472598735399,
      132.25434181914054,
      118.95124651627238,
      630.7215865367059,
      132.1973282230977,
      588.6253832370174,
      121.59744288067789
    ],
    "hdr_main": [
      127.09602917258741,
      134.71688235793073,
      129.36862929827214,
      130.4135026098251,
      433.67795863005335,
      518.8066684394257,
      400.50225863353654,
      587.302551399228,
      129.72498509888186,
      134.7796268933397,
      133.68947700814329,
      125.88662446049116,
      135.34067527864525,
      128.4045769751257,
      122.09595361892447,
      129.8019886958617,
      131.1415900840783,
      591.3269459365181,
      135.51725716416,
      135.00116995448943,
      136.99414791243044,
      124.28570838749508,
      123.97952330329758,
      498.49445531104254,
      133.34076992196884,
      119.78938303206313,
      637.1056487508731,
      132.8793948995749,
      570.0411652106416,
      122.2336798831346
    ],
    "pooled_lqr_estimated": [
      126.95254732417885,
      134.46727035088185,
      127.59515825220251,
      128.7252275439921,
      434.89430291782145,
      555.6780576409637,
      408.8974329067375,
      575.3280700421559,
      129.13881984922696,
      134.42454165688838,
      132.98664093991712,
      125.71159576322563,
      134.94725181784713,
      128.24517808370584,
      120.88235568448603,
      128.72286501913808,
      129.89041617206595,
      622.5208542373852,
      134.70766618989236,
      134.85079860515725,
      136.30216909943908,
      122.93670307433871,
      123.95737553196487,
      495.490178822157,
      133.30212086205813,
      119.68908167491496,
      652.0715376990913,
      132.0258907511557,
      589.0745273411259,
      121.76643876244894
    ]
  },
  "ep_basins": [
    2,
    2,
    0,
    0,
    1,
    1,
    1,
    1,
    0,
    2,
    2,
    2,
    2,
    2,
    0,
    0,
    0,
    1,
    0,
    2,
    0,
    0,
    0,
    1,
    0,
    0,
    1,
    2,
    1,
    0
  ],
  "ep_safety_rates": {
    "hdr_main": [
      0.09375,
      0.1328125,
      0.19921875,
      0.203125,
      0.734375,
      0.76171875,
      0.76171875,
      0.87890625,
      0.18359375,
      0.1796875,
      0.09765625,
      0.11328125,
      0.12109375,
      0.1171875,
      0.18359375,
      0.16015625,
      0.1796875,
      0.80078125,
      0.24609375,
      0.125,
      0.2109375,
      0.16015625,
      0.1640625,
      0.71875,
      0.18359375,
      0.1640625,
      0.78515625,
      0.12890625,
      0.83203125,
      0.16015625
    ],
    "pooled_lqr_estimated": [
      0.09375,
      0.1328125,
      0.1953125,
      0.203125,
      0.734375,
      0.7578125,
      0.7734375,
      0.8515625,
      0.1796875,
      0.17578125,
      0.09765625,
      0.11328125,
      0.12109375,
      0.12109375,
      0.18359375,
      0.15234375,
      0.1796875,
      0.8125,
      0.23828125,
      0.125,
      0.20703125,
      0.15625,
      0.1640625,
      0.73046875,
      0.1796875,
      0.1640625,
      0.78515625,
      0.125,
      0.83984375,
      0.16015625
    ]
  }
}