{
  "seed": 1313,
  "n_episodes": 20,
  "ep_costs": {
    "open_loop": [
      119.38225565470267,
      493.25617374655434,
      120.1302909585598,
      743.1646170259747,
      131.56525412422602,
      132.45907494429107,
      495.3533073567073,
      117.5799400067025,
      127.44572053015672,
      669.4396894227116,
      917.6408495907112,
      703.43506651135,
      133.82023294659797,
      122.4820746215991,
      124.90923404941267,
      502.6573875327158,
      544.1820568631841,
      136.28572642632065,
      124.9268531908422,
      530.975721714979
    ],
    "pooled_lqr": [
      119.20856793773658,
      486.3246966984001,
      120.20598230499873,
      715.4823478600987,
      131.30792302691574,
      130.27124805910702,
      484.7094216725284,
      117.34498433266013,
      126.83983383731443,
      647.1796076551279,
      897.2294717259123,
      679.1972822409803,
      131.42877817582325,
      122.219019137764,
      124.37731582389245,
      492.306684772897,
      522.526795030715,
      134.7532819659263,
      123.46247470840575,
      523.2160381334762
    ],
    "basin_lqr": [
      118.93209836185196,
      486.4811560829103,
      119.63957807625123,
      722.8150939036698,
      130.9745210527196,
      130.4196311287351,
      486.9643166064903,
      116.9868997112185,
      126.92768720287252,
      655.1564872535483,
      896.1400289964276,
      679.9805601005337,
      131.39730690512482,
      121.69220910849128,
      123.94586403620005,
      492.81106598407786,
      521.5908173164207,
      134.87988114345293,
      123.54830796114908,
      524.3291960285782
    ],
    "hdr_main": [
      119.4262699760458,
      473.0967242334456,
      120.14610803903629,
      687.6067913547722,
      131.58111389449763,
      132.45907494429107,
      469.7025656857509,
      117.57807254911484,
      127.44572053015672,
      611.6769519352232,
      849.1686357350746,
      663.1374190124507,
      133.82023294659797,
      122.52161057994422,
      124.8727605445648,
      485.39826615368975,
      514.789452693107,
      136.28349916972448,
      124.86445224295485,
      507.6483697503198
    ],
    "pooled_lqr_estimated": [
      119.4628550630068,
      488.4035863064189,
      120.2327567350042,
      713.3437128804592,
      132.16045303994204,
      130.76353092599166,
      484.4424500294252,
      117.83220991124263,
      127.29921759862957,
      647.3763265125673,
      899.3631847791215,
      674.5801262918293,
      132.13852269677272,
      122.35624871842703,
      124.88819147082916,
      498.01904250222486,
      518.784030079968,
      135.09856618205532,
      123.82097426542083,
      529.9719348326282
    ]
  },
  "ep_basins": [
    2,
    1,
    2,
    1,
    2,
    0,
    1,
    2,
    0,
    1,
    1,
    1,
    0,
    2,
    2,
    1,
    1,
    0,
    0,
    1
  ],
  "ep_safety_rates": {
    "hdr_main": [
      0.203125,
      0.76171875,
      0.21875,
      0.8671875,
      0.265625,
      0.078125,
      0.76171875,
      0.19140625,
      0.1171875,
      0.828125,
      0.890625,
      0.87890625,
      0.11328125,
      0.1875,
      0.2265625,
      0.73046875,
      0.82421875,
      0.1171875,
      0.09375,
      0.74609375
    ],
    "pooled_lqr_estimated": [
      0.203125,
      0.79296875,
      0.21875,
      0.8515625,
      0.265625,
      0.08203125,
      0.7578125,
      0.19140625,
      0.1171875,
      0.84765625,
      0.890625,
      0.87890625,
      0.09765625,
      0.1875,
      0.2265625,
      0.734375,
      0.8125,
      0.1171875,
      0.0859375,
      0.7265625
    ]
  }
}