{
  "seed": 404,
  "n_episodes": 30,
  "ep_costs": {
    "open_loop": [
      114.25741511235606,
      130.69937948520825,
      124.22714423466155,
      128.06451637496133,
      126.27042460329746,
      131.99601311340666,
      133.46841164600576,
      616.8368138963627,
      132.45440235855637,
      675.4018546601293,
      121.46964442570517,
      123.24711576536329,
      134.1270329167759,
      120.0648123224549,
      117.90638585563119,
      120.90929801435144,
      683.5165800958949,
      607.4157276108717,
      118.56171931616534,
      514.8688662705781,
      125.95689285642625,
      123.0428231342428,
      122.30461098656262,
      538.3364684795265,
      123.11794652411362,
      128.74467267250918,
      815.6877699436745,
      126.42564258100931,
      738.0119796061473,
      136.09954197453004
    ],
    "pooled_lqr": [
      112.95919626205983,
      128.0285323351621,
      123.58407836942635,
      126.9111345216289,
      125.19088350329262,
      130.78848819688253,
      133.8240042245871,
      600.252520201892,
      131.8161697658867,
      660.4245881825022,
      120.36564635487471,
      122.2997955262699,
      130.92870540014502,
      118.47152422926187,
      116.20580669803653,
      119.86574563284925,
      665.9555876707707,
      586.6830312022571,
      117.21981271958744,
      528.7907015856985,
      125.40725114995685,
      122.43468156426519,
      121.48792425496646,
      527.058236514407,
      122.34254579968263,
      128.5085091472142,
      805.2640593064073,
      125.84011719763758,
      711.6757894296213,
      135.5831445775508
    ],
    "basin_lqr": [
      112.98040073155927,
      127.87504451137676,
      123.43049079841637,
      126.81660890193285,
      124.8296767252241,
      130.7543958709038,
      133.19125524311406,
      601.8507982066175,
      131.27759744875272,
      653.494344312141,
      120.35949143782656,
      122.46734039980923,
      130.9201899333411,
      118.4695526292198,
      116.04505493961324,
      119.89507089832173,
      667.6405595909724,
      596.1984936243846,
      117.23492034205934,
      525.6310863835104,
      125.13098766245967,
      122.33827242659704,
      121.27439745925481,
      526.5992730411984,
      121.90596749378975,
      128.06580424059078,
      806.610787298082,
      126.06846792878757,
      715.2091158467307,
      135.36801455350775
    ],
    "hdr_main": [
      114.25741511235606,
      130.69937948520825,
      124.1996694700443,
      128.06451637496133,
      126.25013259461574,
      131.97242909726944,
      133.46841164600576,
      581.4895543726719,
      132.37064182881775,
      628.6325261659929,
      121.46964442570517,
      123.24711576536329,
      134.08142366975446,
      120.0648123224549,
      117.90638585563119,
      120.90929801435144,
      658.2106119494748,
      580.9508054855064,
      118.56171931616534,
      501.3677430975294,
      125.95627281927504,
      123.0428231342428,
      122.30461098656262,
      518.1983289280956,
      123.13517509309955,
      128.73557027462573,
      751.9843421613846,
      126.42564258100931,
      694.0531698753149,
      136.1011620320707
    ],
    "pooled_lqr_estimated": [
      114.413051330423,
      128.61386357071623,
      124.19242163234371,
      127.09056837574047,
      125.70863399322236,
      130.8301734502751,
      133.42239291246358,
      599.9916838669731,
      132.28119487646538,
      639.5326498528999,
      119.96426594312872,
      122.60519569034543,
      131.7103961284207,
      119.58594238247471,
      116.53707598121213,
      119.50966853353833,
      667.9077607980167,
      569.5830828295909,
      117.57646937805752,
      519.4745999828164,
      125.63980456202425,
      123.06760530757369,
      122.01926067824269,
      528.9496869613203,
      123.14567892317527,
      128.71296934085188,
      777.5644862486846,
      125.47534182000048,
      709.8386327165822,
      135.46278743493224
    ],
    "hdr_tube_mpc": [
      114.25741511235606,
      130.69937948520825,
      124.19976331778302,
      128.06451637496133,
      126.25013259461574,
      131.97242909726944,
      133.46841164600576,
      571.4474436706182,
      132.37064182881775,
      612.4898562635221,
      121.46964442570517,
      123.24711576536329,
      134.08142366975446,
      120.0648123224549,
      117.90638585563119,
      120.90929801435144,
      643.0738040985872,
      572.577730319677,
      118.56171931616534,
      499.35348381258495,
      125.95634397534498,
      123.0428231342428,
      122.30461098656262,
      513.3759884707471,
      123.13517509309955,
      128.73557027462573,
      713.3788385853823,
      126.42564258100931,
      646.9788441744874,
      136.1011620320707
    ]
  },
  "ep_basins": [
    0,
    0,
    2,
    0,
    2,
    0,
    2,
    1,
    2,
    1,
    0,
    0,
    0,
    0,
    0,
    0,
    1,
    1,
    0,
    1,
    2,
    2,
    2,
    1,
    2,
    2,
    1,
    0,
    1,
    2
  ],
  "ep_safety_rates": {
    "hdr_main": [
      0.1640625,
      0.23046875,
      0.15625,
      0.16796875,
      0.17578125,
      0.16796875,
      0.20703125,
      0.81640625,
      0.21484375,
      0.78125,
      0.078125,
      0.15234375,
      0.16015625,
      0.15625,
      0.14453125,
      0.14453125,
      0.82421875,
      0.83203125,
      0.15234375,
      0.77734375,
      0.21484375,
      0.15234375,
      0.15625,
      0.7734375,
      0.1953125,
      0.23046875,
      0.78515625,
      0.11328125,
      0.8515625,
      0.203125
    ],
    "pooled_lqr_estimated": [
      0.15625,
      0.21875,
      0.15234375,
      0.16796875,
      0.17578125,
      0.16796875,
      0.20703125,
      0.8046875,
      0.21484375,
      0.78515625,
      0.078125,
      0.15625,
      0.15625,
      0.15625,
      0.14453125,
      0.14453125,
      0.81640625,
      0.8359375,
      0.14453125,
      0.7734375,
      0.20703125,
      0.15625,
      0.15625,
      0.75390625,
      0.1953125,
      0.23046875,
      0.80078125,
      0.11328125,
      0.81640625,
      0.20703125
    ],
    "hdr_tube_mpc": [
      0.1640625,
      0.23046875,
      0.15625,
      0.16796875,
      0.17578125,
      0.16796875,
      0.20703125,
      0.8046875,
      0.21484375,
      0.77734375,
      0.078125,
      0.15234375,
      0.16015625,
      0.15625,
      0.14453125,
      0.14453125,
      0.81640625,
      0.83203125,
      0.15234375,
      0.77734375,
      0.21484375,
      0.15234375,
      0.15625,
      0.76953125,
      0.1953125,
      0.23046875,
      0.78125,
      0.11328125,
      0.84375,
      0.203125
    ]
  }
}