{
  "seed": 303,
  "n_episodes": 20,
  "ep_costs": {
    "open_loop": [
      125.55746401170607,
      503.52170152405034,
      121.2442447758837,
      122.75692314550773,
      125.8350579148975,
      125.45473557845226,
      118.07516157933061,
      593.5979533201823,
      127.55854775604774,
      705.9718790800154,
      134.5539128755177,
      122.68210800740503,
      131.55504690301444,
      126.50277403354012,
      120.70317899388567,
      126.53333729792686,
      133.39275529364141,
      583.3818850305757,
      130.99099283610252,
      127.27800788560413
    ],
    "pooled_lqr": [
      122.76983503803278,
      466.7760406792365,
      119.83488761537807,
      122.60125388902381,
      125.51526184622169,
      123.74372756398631,
      118.28913642071153,
      563.4021930959482,
      127.666073970615,
      701.382672129544,
      134.58886558927335,
      120.97731624276291,
      130.2359054433669,
      126.1036977920346,
      119.53472399144248,
      125.83445382904819,
      132.86622318779797,
      550.4254615708013,
      129.99539812260795,
      126.89469152475894
    ],
    "basin_lqr": [
      122.43176582382286,
      464.4616629854741,
      119.82590438692633,
      122.26035521051574,
      125.19111455289605,
      123.94088794315044,
      117.79563171856496,
      563.0672199725647,
      126.99509052159493,
      701.6213313228159,
      134.07467899931396,
      120.92027698218548,
      130.1701856593875,
      126.2039434958708,
      119.16471011581228,
      125.39641544930251,
      132.32498612825805,
      556.7428808523546,
      129.937377793715,
      126.74788768364967
    ],
    "hdr_main": [
      125.53263108958997,
      486.07422806684275,
      121.2458373227101,
      122.76602600655237,
      125.80448767142639,
      125.45473557845226,
      118.07203187622811,
      556.6357576719611,
      127.55854775604774,
      656.0766464050306,
      134.5376549021638,
      122.53081009237667,
      131.55504690301444,
      126.4849365939438,
      120.68779624956566,
      126.53333729792686,
      133.38256603389607,
      544.7369714002481,
      130.97404632881342,
      127.24551317203283
    ],
    "pooled_lqr_estimated": [
      124.28423100801716,
      466.9647092808915,
      121.14436729776021,
      122.9999391098165,
      125.83193179278148,
      124.93254623095008,
      117.89411501545685,
      563.2543668925829,
      127.49846630629614,
      704.4766649009841,
      134.67486768697339,
      121.76779571740308,
      131.38275551111852,
      126.62291689467564,
      119.91713988057569,
      126.43167188750124,
      133.38475628599275,
      551.4472253435266,
      130.52873611369168,
      127.1621103659097
    ]
  },
  "ep_basins": [
    0,
    1,
    0,
    2,
    2,
    0,
    2,
    1,
    2,
    1,
    2,
    0,
    0,
    2,
    2,
    2,
    2,
    1,
    2,
    2
  ],
  "ep_safety_rates": {
    "hdr_main": [
      0.09375,
      0.7734375,
      0.0859375,
      0.13671875,
      0.16015625,
      0.0859375,
      0.1640625,
      0.80859375,
      0.19921875,
      0.84765625,
      0.19140625,
      0.1015625,
      0.07421875,
      0.1484375,
      0.171875,
      0.171875,
      0.234375,
      0.7890625,
      0.18359375,
      0.1796875
    ],
    "pooled_lqr_estimated": [
      0.08984375,
      0.75,
      0.08203125,
      0.13671875,
      0.16015625,
      0.08203125,
      0.1640625,
      0.81640625,
      0.19921875,
      0.8515625,
      0.19140625,
      0.1015625,
      0.0703125,
      0.15234375,
      0.16796875,
      0.1640625,
      0.23046875,
      0.78515625,
      0.1796875,
      0.18359375
    ]
  }
}