{
  "seed": 404,
  "n_episodes": 30,
  "ep_costs": {
    "open_loop": [
      114.25741511235606,
      130.69937948520825,
      124.22714423466155,
      128.06451637496133,
      126.27042460329746,
      131.99601311340666,
      133.46841164600576,
      616.8368138963627,
      132.45440235855637,
      675.4018546601293,
      121.46964442570517,
      123.24711576536329,
      134.1270329167759,
      120.0648123224549,
      117.90638585563119,
      120.90929801435144,
      683.5165800958949,
      607.4157276108717,
      118.56171931616534,
      514.8688662705781,
      125.95689285642625,
      123.0428231342428,
      122.30461098656262,
      538.3364684795265,
      123.11794652411362,
      128.74467267250918,
      815.6877699436745,
      126.42564258100931,
      738.0119796061473,
      136.09954197453004
    ],
    "pooled_lqr": [
      112.95919626205983,
      128.0285323351621,
      123.58407836942635,
      126.9111345216289,
      125.19088350329262,
      130.78848819688253,
      133.8240042245871,
      600.252520201892,
      131.8161697658867,
      660.4245881825022,
      120.36564635487471,
      122.2997955262699,
      130.92870540014502,
      118.47152422926187,
      116.20580669803653,
      119.86574563284925,
      665.9555876707707,
      586.6830312022571,
      117.21981271958744,
      528.7907015856985,
      125.40725114995685,
      122.43468156426519,
      121.48792425496646,
      527.058236514407,
      122.34254579968263,
      128.5085091472142,
      805.2640593064073,
      125.84011719763758,
      711.6757894296213,
      135.5831445775508
    ],
    "basin_lqr": [
      112.98040073155927,
      127.87504451137676,
      123.43049079841637,
      126.81660890193285,
      124.8296767252241,
      130.7543958709038,
      133.19125524311406,
      601.8507982066175,
      131.27759744875272,
      653.494344312141,
      120.35949143782656,
      122.46734039980923,
      130.9201899333411,
      118.4695526292198,
      116.04505493961324,
      119.89507089832173,
      667.6405595909724,
      596.1984936243846,
      117.23492034205934,
      525.6310863835104,
      125.13098766245967,
      122.33827242659704,
      121.27439745925481,
      526.5992730411984,
      121.90596749378975,
      128.06580424059078,
      806.610787298082,
      126.06846792878757,
      715.2091158467307,
      135.36801455350775
    ],
    "hdr_main": [
      114.25741511235606,
      130.69937948520825,
      124.19966947689288,
      128.06451637496133,
      126.25013252816477,
      131.9724290947476,
      133.46841164600576,
      581.4895526706256,
      132.370641832053,
      628.6325268506573,
      121.46964442570517,
      123.24711576536329,
      134.0814236374804,
      120.0648123224549,
      117.90638585563119,
      120.90929801435144,
      658.210611731693,
      580.9508062209364,
      118.56171931616534,
      501.36774294108113,
      125.95627280744269,
      123.0428231342428,
      122.30461098656262,
      518.1983281792806,
      123.13517510615728,
      128.73557027526604,
      751.9843397343909,
      126.42564258100931,
      694.0531704766199,
      136.10116204528504
    ],
    "pooled_lqr_estimated": [
      115.07622183737499,
      128.69200933558085,
      124.29109021043108,
      127.0663334898315,
      125.84236334734395,
      131.55308099258622,
      133.50502508662026,
      599.0363253243764,
      132.2595936190242,
      638.4737042508461,
      120.18177543309517,
      122.91461188779867,
      131.99741783536,
      119.99938793526918,
      116.65759368410147,
      119.47577082355039,
      669.5634998193968,
      575.662489451652,
      117.73860903860377,
      546.9583139096721,
      125.79827479521673,
      123.23434573404684,
      121.99942022987818,
      528.5773497521831,
      123.29377915985714,
      128.93716699157795,
      784.9258070985727,
      125.591256224368,
      709.3711805008868,
      135.57046620150308
    ]
  },
  "ep_basins": [
    0,
    0,
    2,
    0,
    2,
    0,
    2,
    1,
    2,
    1,
    0,
    0,
    0,
    0,
    0,
    0,
    1,
    1,
    0,
    1,
    2,
    2,
    2,
    1,
    2,
    2,
    1,
    0,
    1,
    2
  ],
  "ep_safety_rates": {
    "hdr_main": [
      0.1640625,
      0.23046875,
      0.15625,
      0.16796875,
      0.17578125,
      0.16796875,
      0.20703125,
      0.81640625,
      0.21484375,
      0.78125,
      0.078125,
      0.15234375,
      0.16015625,
      0.15625,
      0.14453125,
      0.14453125,
      0.82421875,
      0.83203125,
      0.15234375,
      0.77734375,
      0.21484375,
      0.15234375,
      0.15625,
      0.7734375,
      0.1953125,
      0.23046875,
      0.78515625,
      0.11328125,
      0.8515625,
      0.203125
    ],
    "pooled_lqr_estimated": [
      0.16015625,
      0.21875,
      0.15234375,
      0.171875,
      0.17578125,
      0.1640625,
      0.20703125,
      0.80859375,
      0.21484375,
      0.78515625,
      0.078125,
      0.15625,
      0.15625,
      0.15625,
      0.14453125,
      0.14453125,
      0.8359375,
      0.8359375,
      0.140625,
      0.77734375,
      0.20703125,
      0.16015625,
      0.15625,
      0.7421875,
      0.1953125,
      0.23046875,
      0.796875,
      0.11328125,
      0.8203125,
      0.20703125
    ]
  }
}