{
  "seed": 1515,
  "n_episodes": 30,
  "ep_costs": {
    "open_loop": [
      111.50334598430408,
      1083.2731232798235,
      111.88373154014772,
      717.5079325035717,
      132.91129862891603,
      573.1533923992232,
      465.9331730167098,
      584.7767497140236,
      124.78522920114672,
      645.1268135191276,
      578.768622184741,
      126.29556943252923,
      494.0615558758656,
      120.17485246482477,
      473.9860271234506,
      133.5009716566841,
      581.2033620571935,
      125.0619631926035,
      125.02008630793729,
      125.34714474998107,
      125.45216993015947,
      122.56992143660887,
      126.73884829222308,
      114.58532941775829,
      132.39663255105998,
      137.32183073764142,
      750.4986310488772,
      117.16954143736301,
      132.93189504550884,
      600.0794414282009
    ],
    "pooled_lqr": [
      110.99019143351497,
      1044.8406118894031,
      111.11755835009433,
      724.0630432475026,
      131.15314228041717,
      549.6058606031663,
      451.88032814072767,
      568.7668592926423,
      123.56077241443533,
      642.0214535240542,
      552.0009671201617,
      124.66981856193088,
      488.6783963413276,
      119.83966405691234,
      453.5023964710084,
      131.87743758502543,
      551.863001827629,
      123.79366204973566,
      124.9813075817416,
      125.40814347435871,
      124.80418626302699,
      122.70047909133086,
      124.4522330471015,
      113.97827922515732,
      131.91587384046548,
      135.1121931537434,
      734.7470539300442,
      115.87561925735308,
      132.61843889916747,
      582.4942438671213
    ],
    "basin_lqr": [
      111.02380116215149,
      1046.3631638785707,
      111.18228232518719,
      721.7346354906297,
      131.0910584724845,
      550.7246352164591,
      460.82316383557657,
      569.6457901559862,
      123.33106143103284,
      636.9916581002225,
      555.5247093811447,
      124.60808297962215,
      491.3627943387036,
      119.21270688828096,
      456.09795772265755,
      131.8690249450314,
      555.7862728823152,
      123.92957251224148,
      124.59723137972007,
      124.7087654019203,
      124.67709823532424,
      122.32088165120163,
      124.29218917762664,
      113.93792353732194,
      131.25548371185337,
      135.08164278165825,
      733.3015054219773,
      115.77465247908768,
      132.37542802732193,
      585.626606940766
    ],
    "hdr_main": [
      111.50334598430408,
      988.173033096604,
      111.84734791628695,
      676.2203260762444,
      132.84487135203292,
      524.57277193378,
      453.0966861736046,
      540.2294290017505,
      124.79588793190307,
      600.3735066616254,
      561.443967048289,
      126.29556943252923,
      475.7026782743771,
      120.15888669374394,
      464.1093641927195,
      133.37536312438192,
      559.9779868271152,
      125.0619631926035,
      125.01672258969846,
      125.27109928172472,
      125.44073174578799,
      122.56105398176061,
      126.71034733826346,
      114.58532941775829,
      132.31156878032118,
      137.32183073764142,
      684.602533027421,
      117.12336827715603,
      132.75910331129197,
      567.8024289994307
    ],
    "pooled_lqr_estimated": [
      111.55761743812022,
      1049.3230181400115,
      112.03540313219052,
      732.1320869238847,
      132.10869743068363,
      549.400778896303,
      454.1936385300654,
      570.0875148550347,
      124.29076369788653,
      627.5641449408746,
      546.7117411713903,
      125.78719583817055,
      487.4404480535859,
      120.08953582429899,
      457.0494854724156,
      133.06707534926989,
      560.2002413258608,
      124.35306634576123,
      125.39750998521284,
      125.19822686498519,
      125.40809453224036,
      122.917982031033,
      125.49817412171728,
      114.63039636303061,
      132.6895691674419,
      136.1939761549066,
      739.3244697937288,
      116.14051422413735,
      133.04098594398766,
      582.1283864773496
    ]
  },
  "ep_basins": [
    0,
    1,
    0,
    1,
    0,
    1,
    1,
    1,
    2,
    1,
    1,
    0,
    1,
    2,
    1,
    0,
    1,
    0,
    2,
    2,
    2,
    2,
    0,
    0,
    2,
    0,
    1,
    0,
    2,
    1
  ],
  "ep_safety_rates": {
    "hdr_main": [
      0.0625,
      0.859375,
      0.0546875,
      0.81640625,
      0.08984375,
      0.86328125,
      0.765625,
      0.80859375,
      0.1015625,
      0.83984375,
      0.7890625,
      0.0859375,
      0.76953125,
      0.140625,
      0.765625,
      0.09375,
      0.76171875,
      0.08203125,
      0.12890625,
      0.1484375,
      0.12890625,
      0.12109375,
      0.1015625,
      0.0859375,
      0.16796875,
      0.12109375,
      0.859375,
      0.078125,
      0.1484375,
      0.83203125
    ],
    "pooled_lqr_estimated": [
      0.0703125,
      0.86328125,
      0.0546875,
      0.83984375,
      0.0859375,
      0.8515625,
      0.7578125,
      0.81640625,
      0.1015625,
      0.84375,
      0.78125,
      0.0859375,
      0.77734375,
      0.1484375,
      0.75390625,
      0.1015625,
      0.78125,
      0.08203125,
      0.12890625,
      0.15234375,
      0.12890625,
      0.12109375,
      0.09765625,
      0.0859375,
      0.16796875,
      0.1171875,
      0.83984375,
      0.078125,
      0.15234375,
      0.8359375
    ]
  }
}