{
  "seed": 1515,
  "n_episodes": 20,
  "ep_costs": {
    "open_loop": [
      110.77466051121395,
      565.0257460231726,
      121.53848866270879,
      576.9096858280399,
      127.79831223933745,
      567.7473696036748,
      525.4833839888652,
      515.5669916404731,
      134.66929875434968,
      655.144712525351,
      598.978847662097,
      133.0925137331381,
      949.3875277580204,
      133.34774150866545,
      520.6764289196515,
      130.8454411369363,
      685.0088216727343,
      121.9869211627238,
      133.65462126362468,
      126.56730756762684
    ],
    "pooled_lqr": [
      109.28227765489721,
      555.2090803545505,
      119.81998180667695,
      569.0526246833139,
      126.16487627726617,
      547.4974671949496,
      508.4113267489365,
      487.06229844365237,
      134.31178187949453,
      634.583538986473,
      592.3315977663482,
      130.78108370862023,
      933.0960006369912,
      132.74355248460117,
      502.4938410365512,
      128.99953917129525,
      670.4551742353891,
      120.13253337063685,
      132.9056819243075,
      126.57597345330318
    ],
    "basin_lqr": [
      109.26540974045908,
      553.9829133914911,
      119.91841463853088,
      567.4930963306228,
      126.05338344327227,
      547.5079036917053,
      510.5824138855508,
      485.2555718893949,
      133.97765575502518,
      634.808718880612,
      592.5109695445859,
      130.7637517273982,
      932.7047429362934,
      132.52813357985968,
      502.8120010893608,
      128.9685884922345,
      675.8940532467733,
      120.0282649572319,
      132.8155689745162,
      125.88675491222493
    ],
    "hdr_main": [
      110.77466051121395,
      543.9695234457624,
      121.54487619567928,
      549.217524056715,
      127.76532610771075,
      538.7677855145997,
      503.19120080963074,
      501.0133391139943,
      134.64821574052166,
      611.9130868483402,
      568.1432641105466,
      133.08008871125827,
      879.9292244769371,
      133.26693431028326,
      495.69068994083256,
      130.84157298825707,
      644.8303597721499,
      121.9869211627238,
      133.62381522611344,
      126.56730756762684
    ],
    "pooled_lqr_estimated": [
      109.78541155365487,
      553.1642629209448,
      121.1498803259082,
      568.1654401241027,
      126.89346359466971,
      549.2287112855464,
      507.0526813046801,
      485.05308037623405,
      134.4755917046102,
      632.2087978280067,
      594.089719693365,
      132.73064626948118,
      937.5325696693469,
      132.95320012122448,
      503.55937040552635,
      130.385522389802,
      668.1810657115379,
      120.96012496109083,
      133.32584897718493,
      126.20601780824468
    ]
  },
  "ep_basins": [
    0,
    1,
    0,
    1,
    0,
    1,
    1,
    1,
    2,
    1,
    1,
    0,
    1,
    2,
    1,
    0,
    1,
    0,
    2,
    2
  ],
  "ep_safety_rates": {
    "hdr_main": [
      0.03515625,
      0.76171875,
      0.1015625,
      0.828125,
      0.0546875,
      0.8046875,
      0.79296875,
      0.7265625,
      0.1953125,
      0.8046875,
      0.77734375,
      0.08984375,
      0.93359375,
      0.140625,
      0.796875,
      0.10546875,
      0.8984375,
      0.09375,
      0.16015625,
      0.19140625
    ],
    "pooled_lqr_estimated": [
      0.03515625,
      0.7734375,
      0.1015625,
      0.8359375,
      0.05078125,
      0.8359375,
      0.79296875,
      0.69140625,
      0.19921875,
      0.828125,
      0.78515625,
      0.08984375,
      0.93359375,
      0.140625,
      0.79296875,
      0.10546875,
      0.90234375,
      0.08984375,
      0.16015625,
      0.1875
    ]
  }
}