{
  "seed": 202,
  "n_episodes": 30,
  "ep_costs": {
    "open_loop": [
      125.95291441401797,
      110.49536815187372,
      125.34179250777323,
      116.08832084002478,
      134.87747880224217,
      896.5103329364572,
      125.80793135278469,
      797.7600437220993,
      127.47687296289445,
      124.91028287485858,
      118.33856135748769,
      604.3307674207574,
      560.2300682626229,
      124.43411453704573,
      643.2546698257026,
      832.3880359355154,
      115.49455420636227,
      123.22152518352092,
      1933.3795732607064,
      127.05454323096973,
      815.7805473082637,
      1354.9299987314755,
      1544.8264508653535,
      125.39904025156517,
      1187.0638041971986,
      126.53625819835207,
      130.2995898050182,
      124.05618543654359,
      130.017278516347,
      122.41591160713105
    ],
    "pooled_lqr": [
      125.9950552839358,
      109.66684428543587,
      122.48848430471632,
      115.74956560477223,
      132.71342680309036,
      852.0762972826004,
      125.80359140247707,
      784.4057677658467,
      127.55899653505374,
      121.76470741853353,
      116.66773565617676,
      546.4439790140905,
      551.7555117846748,
      123.56527366302667,
      638.9850314869192,
      787.4615081156585,
      115.7019693590413,
      121.00674912986496,
      1905.0377336378135,
      125.58078363737923,
      829.5848985945685,
      1259.365730613105,
      1494.311424161566,
      125.20200377839588,
      1136.7557222075973,
      125.82388619980318,
      128.97240396511881,
      123.94833501765451,
      128.33928572721908,
      120.86129022101204
    ],
    "basin_lqr": [
      125.46413481706253,
      109.65413185768651,
      122.43823075607973,
      115.54501262620416,
      132.8356046817041,
      856.6222828640258,
      125.29434206178836,
      785.1965640838449,
      127.215437796358,
      121.40594011782636,
      116.60664063090778,
      547.8569077744316,
      551.8418394410501,
      123.51418953330955,
      638.0178359660609,
      787.1702481240314,
      115.21415380275326,
      120.87730838442533,
      1910.7497918094386,
      125.62489707752297,
      822.2198758052309,
      1264.7557955613006,
      1494.57007696719,
      124.96758438568381,
      1152.7115770720366,
      125.41020800664546,
      129.1357800706233,
      123.68177135054503,
      128.4119385899226,
      120.78122991646352
    ],
    "hdr_main": [
      125.89313889238362,
      110.49536815187372,
      125.34179250777323,
      116.09396791636291,
      134.81190938346992,
      799.5441780044667,
      125.79650373336928,
      729.0951232602608,
      127.47130111641596,
      124.85558199587555,
      118.33437619236375,
      569.8433104775055,
      485.79059509339027,
      124.43363022250443,
      592.9551044969684,
      746.3597162664713,
      115.4852766764632,
      123.20347671672349,
      1754.8623930549309,
      127.05454323096973,
      745.7544321686869,
      1174.3333786367798,
      1370.8308361427712,
      125.3827345652898,
      1016.0023597290152,
      126.53625819835207,
      130.28692809445087,
      124.03214424176811,
      129.9705626624516,
      122.41591160713105
    ],
    "pooled_lqr_estimated": [
      126.04527851978865,
      109.69755391557362,
      123.80685318172125,
      115.9474818330614,
      134.00423216597983,
      851.1590153354308,
      125.99635962292932,
      769.5777481908183,
      127.62545759139732,
      123.13083899451324,
      117.7715285651511,
      536.9905355983299,
      547.3781829561076,
      124.19437443284933,
      639.5593969034443,
      787.8339376406745,
      115.25373693496604,
      121.10866587559593,
      1899.289617765822,
      126.3527474143271,
      817.5375068254993,
      1249.5011843908537,
      1481.742257503785,
      125.6200198571892,
      1113.9724748287067,
      126.43649853869135,
      129.39460564285145,
      123.90178818597589,
      128.79472425285138,
      121.00853650323005
    ],
    "hdr_tube_mpc": [
      125.89313889238362,
      110.49536815187372,
      125.34179250777323,
      116.09396791636291,
      134.81190938346992,
      742.0123383754459,
      125.79650373336928,
      677.6472945171095,
      127.47129828188291,
      124.85558199587555,
      118.33437619236375,
      560.4472809731484,
      451.4685291360784,
      124.43363022250443,
      559.5443964441321,
      688.1714663818257,
      115.4852766764632,
      123.20347368671177,
      1647.4629047434335,
      127.05454323096973,
      687.1118084859003,
      962.349535289341,
      1237.4672251269294,
      125.3827345652898,
      815.2337187523258,
      126.53625819835207,
      130.28692809445087,
      124.03214424176811,
      129.97046873715232,
      122.41591160713105
    ]
  },
  "ep_basins": [
    2,
    0,
    0,
    2,
    0,
    1,
    2,
    1,
    2,
    0,
    0,
    1,
    1,
    0,
    1,
    1,
    2,
    0,
    1,
    0,
    1,
    1,
    1,
    2,
    1,
    2,
    0,
    2,
    0,
    0
  ],
  "ep_safety_rates": {
    "hdr_main": [
      0.16015625,
      0.09375,
      0.1875,
      0.1875,
      0.2265625,
      0.921875,
      0.19140625,
      0.87890625,
      0.1953125,
      0.15234375,
      0.1171875,
      0.83984375,
      0.734375,
      0.125,
      0.8203125,
      0.80859375,
      0.2109375,
      0.19140625,
      0.859375,
      0.125,
      0.890625,
      0.9453125,
      0.91796875,
      0.171875,
      0.796875,
      0.17578125,
      0.234375,
      0.20703125,
      0.16015625,
      0.1484375
    ],
    "pooled_lqr_estimated": [
      0.16015625,
      0.08984375,
      0.17578125,
      0.18359375,
      0.2265625,
      0.921875,
      0.1953125,
      0.8671875,
      0.1953125,
      0.14453125,
      0.1171875,
      0.83984375,
      0.75390625,
      0.125,
      0.83203125,
      0.8046875,
      0.2109375,
      0.1875,
      0.86328125,
      0.125,
      0.8984375,
      0.92578125,
      0.92578125,
      0.171875,
      0.80859375,
      0.171875,
      0.22265625,
      0.203125,
      0.15625,
      0.1484375
    ],
    "hdr_tube_mpc": [
      0.16015625,
      0.09375,
      0.1875,
      0.1875,
      0.2265625,
      0.91015625,
      0.19140625,
      0.86328125,
      0.1953125,
      0.15234375,
      0.1171875,
      0.83984375,
      0.7265625,
      0.125,
      0.80859375,
      0.796875,
      0.2109375,
      0.19140625,
      0.86328125,
      0.125,
      0.87109375,
      0.90625,
      0.89453125,
      0.171875,
      0.7890625,
      0.17578125,
      0.234375,
      0.20703125,
      0.16015625,
      0.1484375
    ]
  }
}