{
  "seed": 505,
  "n_episodes": 30,
  "ep_costs": {
    "open_loop": [
      132.99017322448418,
      646.2351748658889,
      135.5016897060004,
      132.925940281868,
      135.8398603591304,
      121.54634459995806,
      136.89734707766334,
      134.51882306673735,
      126.15429313654589,
      845.9904210443837,
      129.3098098379747,
      873.539806303072,
      121.95398128218051,
      133.47126636192849,
      567.9954286333104,
      125.12465381603906,
      126.16270694461397,
      585.47973354229,
      128.4913837677884,
      824.127762993066,
      121.03581979419191,
      777.9178612263103,
      898.9595213197521,
      113.18725789816192,
      117.99573228790284,
      128.23999201965307,
      128.8944107223023,
      1017.9994589251073,
      118.5537133190278,
      123.76452977582449
    ],
    "pooled_lqr": [
      132.13272549310935,
      640.7808352264487,
      133.12593133604236,
      130.33438340050074,
      135.3521067513239,
      121.42472088166834,
      136.2712540116258,
      133.2763401475691,
      125.61286025424252,
      795.4490579856164,
      129.102377517054,
      858.5038394583746,
      120.44704433771308,
      132.60468508537272,
      564.0074192114382,
      122.97889517716811,
      125.21694895250472,
      572.3676663080143,
      128.2240577412562,
      818.6146131113703,
      119.01385229392692,
      758.9809974547048,
      900.7473701020107,
      112.95313258645184,
      116.88905399915225,
      126.6841962995785,
      128.74341636980745,
      1006.207213233184,
      116.46238066736257,
      121.45311222190378
    ],
    "basin_lqr": [
      132.03660493458025,
      640.1774876159678,
      133.12786146874777,
      130.29673574303683,
      135.4651648561238,
      120.93009950723898,
      135.8143767462611,
      133.40144949352114,
      125.57524947177163,
      804.8820344290496,
      128.44152590992644,
      855.3588828118291,
      120.41848248017706,
      132.40198143558123,
      569.3630110637064,
      122.8066318764117,
      125.25173487503453,
      573.1921771256872,
      127.82098200508901,
      814.9391855381019,
      118.96966481886822,
      759.7553115897974,
      899.5762191011038,
      112.76491628360661,
      116.86160393019277,
      126.62285787301757,
      128.48008171685558,
      1006.9210180616715,
      116.40486021441056,
      121.44988102200607
    ],
    "hdr_main": [
      132.9959006244548,
      609.088699425721,
      135.5016897060004,
      132.925940281868,
      135.62618155083817,
      121.5084813576406,
      136.89096132774864,
      134.50335135849392,
      126.14353521787338,
      797.6718092741867,
      129.30697922977782,
      818.60161825369,
      121.95398128218051,
      133.46242466786916,
      542.1276468914693,
      125.08847821558717,
      126.14566060767933,
      555.1744271353991,
      128.4913837677884,
      774.048070487203,
      121.03581979419191,
      742.3951093950155,
      834.1467847844466,
      113.18725789816192,
      117.98965285062569,
      128.23999201965307,
      128.8944107223023,
      941.7549443994129,
      118.5537133190278,
      123.76452977582449
    ],
    "pooled_lqr_estimated": [
      133.0527392019891,
      643.8509985926307,
      134.31448768112907,
      132.3575515944252,
      135.5918375180668,
      121.72958354100588,
      136.3486895491699,
      133.51213029343654,
      126.29467345005229,
      786.650796498083,
      129.08557511498006,
      848.6079728084871,
      121.69988313222451,
      133.2320613786917,
      569.9537027636654,
      124.05666322477788,
      124.52439591570743,
      570.6496907882264,
      127.89468992870697,
      820.8999567326075,
      120.52988944046717,
      760.6006986859932,
      912.9419359084927,
      113.3221471425153,
      117.23391131300144,
      126.80902829204236,
      129.0516554623621,
      1010.3547413141747,
      117.09433526440104,
      122.16825490098854
    ]
  },
  "ep_basins": [
    0,
    1,
    0,
    0,
    0,
    2,
    2,
    0,
    2,
    1,
    2,
    1,
    0,
    2,
    1,
    0,
    0,
    1,
    2,
    1,
    0,
    1,
    1,
    2,
    0,
    0,
    2,
    1,
    0,
    0
  ],
  "ep_safety_rates": {
    "hdr_main": [
      0.13671875,
      0.8828125,
      0.1796875,
      0.1015625,
      0.08984375,
      0.17578125,
      0.21484375,
      0.125,
      0.2265625,
      0.94140625,
      0.2265625,
      0.85546875,
      0.140625,
      0.1796875,
      0.8359375,
      0.1015625,
      0.0703125,
      0.8671875,
      0.15234375,
      0.90234375,
      0.1015625,
      0.91015625,
      0.9296875,
      0.1796875,
      0.06640625,
      0.07421875,
      0.23046875,
      0.92578125,
      0.08203125,
      0.109375
    ],
    "pooled_lqr_estimated": [
      0.13671875,
      0.8828125,
      0.16796875,
      0.08984375,
      0.0859375,
      0.1796875,
      0.2109375,
      0.125,
      0.2265625,
      0.9375,
      0.2265625,
      0.875,
      0.14453125,
      0.17578125,
      0.8515625,
      0.1015625,
      0.06640625,
      0.875,
      0.14453125,
      0.9140625,
      0.1015625,
      0.89453125,
      0.9453125,
      0.1796875,
      0.06640625,
      0.0703125,
      0.23046875,
      0.921875,
      0.08203125,
      0.10546875
    ]
  }
}