{
  "seed": 1818,
  "n_episodes": 20,
  "ep_costs": {
    "open_loop": [
      127.54959669483124,
      709.2302435233812,
      529.9218340131049,
      574.8375874403715,
      132.68371458072068,
      542.2276493536797,
      137.6170000757769,
      129.0134613297547,
      134.9939635436989,
      510.33685901629116,
      420.16179763832366,
      132.77316123640688,
      128.90586514636118,
      648.7061253584843,
      562.0617240701702,
      125.89080803037332,
      132.35169644387952,
      126.07812627544367,
      126.76372271271426,
      132.73807034816497
    ],
    "pooled_lqr": [
      126.4801742614725,
      681.6067987065622,
      513.4396383304623,
      574.0945590267064,
      131.20680506546014,
      539.2696197369108,
      136.60033383229185,
      128.2053238081586,
      134.91601273287583,
      493.3390612684246,
      413.6754152280965,
      131.45118749608068,
      128.13129682985,
      619.3926085732921,
      560.6515324293308,
      124.89778183455041,
      131.8529469692795,
      126.16222757392468,
      125.32330750329088,
      132.2859716835817
    ],
    "basin_lqr": [
      126.40380278756287,
      686.4637156729356,
      515.2466742976758,
      575.1390586933794,
      131.21587070966908,
      538.0790764546501,
      136.51510912668235,
      128.1587941575904,
      134.56051651171956,
      495.89692640367673,
      416.29503394605683,
      131.67996212183874,
      127.86226016239229,
      625.626885096178,
      559.443741012779,
      124.81264900420375,
      131.4747682332949,
      125.16698900648338,
      125.33658207269882,
      131.48499418206185
    ],
    "hdr_main": [
      127.54959669483124,
      689.0259082604692,
      511.12209825770304,
      551.3751154066664,
      132.68371458072068,
      523.1652942934612,
      137.6170000757769,
      129.0134613297547,
      134.9518803741338,
      495.73698144763006,
      415.49440810824376,
      132.58559695751882,
      128.89690781965103,
      617.5089110640399,
      539.0890299301572,
      125.89080803037332,
      132.32366615820877,
      126.07754643748358,
      126.67970270230676,
      132.73807034816497
    ],
    "pooled_lqr_estimated": [
      126.85064576336494,
      682.6894180795857,
      518.6933368477039,
      571.8357624026805,
      131.85125980502642,
      540.5773460292456,
      137.40083796027466,
      129.1084822441317,
      134.93352924759606,
      502.81742918262347,
      414.2045648774406,
      132.56477452635065,
      128.88635742362993,
      624.430672055191,
      557.9078781082105,
      125.06146341377865,
      131.52874728637408,
      125.43199433521652,
      126.52631579315972,
      132.72297931687316
    ]
  },
  "ep_basins": [
    0,
    1,
    1,
    1,
    0,
    1,
    2,
    2,
    2,
    1,
    1,
    0,
    2,
    1,
    1,
    0,
    2,
    2,
    0,
    2
  ],
  "ep_safety_rates": {
    "hdr_main": [
      0.1015625,
      0.8984375,
      0.85546875,
      0.78515625,
      0.0625,
      0.81640625,
      0.15234375,
      0.12109375,
      0.1796875,
      0.859375,
      0.7265625,
      0.05078125,
      0.12890625,
      0.92578125,
      0.86328125,
      0.06640625,
      0.171875,
      0.1484375,
      0.07421875,
      0.15625
    ],
    "pooled_lqr_estimated": [
      0.09765625,
      0.90234375,
      0.86328125,
      0.8046875,
      0.0625,
      0.828125,
      0.15234375,
      0.12109375,
      0.1796875,
      0.85546875,
      0.71484375,
      0.05078125,
      0.12109375,
      0.9296875,
      0.890625,
      0.0625,
      0.16796875,
      0.1484375,
      0.07421875,
      0.15625
    ]
  }
}