{
  "seed": 1717,
  "n_episodes": 20,
  "ep_costs": {
    "open_loop": [
      142.64007514347162,
      422.88594746225687,
      129.98864903250526,
      120.81045697677305,
      750.4997168745301,
      121.76622495518448,
      130.61201522127294,
      133.83292593631955,
      122.29931963586296,
      129.13723804577273,
      120.24618417239179,
      123.1068527595934,
      120.16576780869892,
      636.2936866677717,
      514.4517817123433,
      545.8440604313174,
      126.63618559491212,
      134.837533472109,
      134.41338146233917,
      130.39493675176894
    ],
    "pooled_lqr": [
      142.19461826586874,
      411.0477460402142,
      129.60970901288746,
      118.92716283966345,
      743.1219870890916,
      120.26626180901178,
      129.2009904103342,
      133.45181669493158,
      121.40206754606186,
      128.885826476631,
      119.2767111874497,
      121.52036763224167,
      119.59761614634746,
      634.1421831374561,
      478.2891163462907,
      535.5411710879812,
      124.6789861104603,
      132.92469171459447,
      134.06242044800317,
      129.1870625404905
    ],
    "basin_lqr": [
      141.7941129372671,
      411.2088920962267,
      129.37588830316525,
      118.85015857679917,
      743.7931787072374,
      120.24689818895483,
      128.92390055830094,
      133.04418115659328,
      121.34829568942288,
      128.70833293164182,
      119.16766704059117,
      121.60735654219751,
      119.43132851445114,
      635.0719500489129,
      480.9629378028915,
      533.7559995372775,
      124.6388511734446,
      132.71730832358503,
      133.5651299459458,
      129.07369667564458
    ],
    "hdr_main": [
      142.6644493152421,
      413.0213001152288,
      129.96044179182286,
      120.81045697677305,
      691.4713216948629,
      121.7528868091428,
      130.59522375615634,
      133.83366182316686,
      122.29931963586296,
      129.01225733316656,
      120.24618417239179,
      123.1068527595934,
      120.12864654897909,
      600.056708289076,
      498.93568858240013,
      528.3865482236731,
      126.63618559491212,
      134.7257070379744,
      134.39094466814743,
      130.37562530296927
    ],
    "pooled_lqr_estimated": [
      142.54838518345392,
      412.51972732595874,
      130.56664668263474,
      119.71457297073425,
      743.7837874298858,
      121.15286741996196,
      129.7809754348407,
      133.49077484004889,
      122.04789658446606,
      129.1648874580331,
      120.7424893256894,
      121.99749407208544,
      120.00150365742562,
      633.4839383970356,
      479.62556267469836,
      534.7976436969562,
      125.46592321549268,
      133.16125216157792,
      134.32583299061517,
      129.30863494461877
    ]
  },
  "ep_basins": [
    2,
    1,
    2,
    0,
    1,
    0,
    2,
    2,
    0,
    2,
    0,
    0,
    2,
    1,
    1,
    1,
    0,
    0,
    2,
    2
  ],
  "ep_safety_rates": {
    "hdr_main": [
      0.21875,
      0.75390625,
      0.15234375,
      0.1015625,
      0.85546875,
      0.078125,
      0.17578125,
      0.171875,
      0.078125,
      0.16015625,
      0.0703125,
      0.0625,
      0.125,
      0.84375,
      0.8359375,
      0.83203125,
      0.078125,
      0.0703125,
      0.140625,
      0.16015625
    ],
    "pooled_lqr_estimated": [
      0.21484375,
      0.75,
      0.1484375,
      0.09765625,
      0.85546875,
      0.078125,
      0.1796875,
      0.16796875,
      0.078125,
      0.16015625,
      0.0703125,
      0.05859375,
      0.125,
      0.8359375,
      0.83203125,
      0.80859375,
      0.078125,
      0.06640625,
      0.14453125,
      0.1484375
    ]
  }
}