{
  "seed": 606,
  "n_episodes": 30,
  "ep_costs": {
    "open_loop": [
      1177.184660244086,
      1938.4727138553526,
      117.92608538030545,
      130.9933965305092,
      1078.950580991465,
      127.08975444432778,
      132.76819273261523,
      135.45514155113813,
      132.51085461491553,
      128.06589220184404,
      123.77812040340278,
      128.4938624124818,
      1014.2239878614491,
      127.38417501478905,
      1352.1359947285725,
      1442.271981210319,
      126.21151544204834,
      2145.220179944387,
      125.46644351946995,
      132.86558074150193,
      1680.5395648231638,
      125.29012726422485,
      680.8325054706627,
      127.00559679041689,
      133.79781449808743,
      2026.7629811817105,
      120.70135214687224,
      2581.221672871595,
      131.56847681070312,
      125.369539691952
    ],
    "pooled_lqr": [
      1143.4912637624116,
      1883.9892124235785,
      117.41431123982501,
      130.67652760886628,
      1010.2655081545271,
      125.39120554798333,
      132.57597094200403,
      134.8180080224888,
      131.85047337237452,
      127.91556321490313,
      123.36638681641487,
      128.39895408564192,
      1050.5126292993332,
      126.62730632200281,
      1306.053929053779,
      1372.5923390398652,
      124.37765474630143,
      2018.3411299714646,
      123.31606103217881,
      132.30883787410366,
      1547.4992380703145,
      124.75838321922751,
      693.7382564655891,
      126.4929187898052,
      132.6147799294294,
      1912.449735035884,
      118.59569074554568,
      2448.654604975812,
      129.71698730718342,
      123.69192284829981
    ],
    "basin_lqr": [
      1141.5141110657148,
      1888.3676508751537,
      117.1378312985997,
      130.46355852450262,
      1015.891280099075,
      125.42360954614293,
      132.35233131070726,
      134.53635247166943,
      131.6117030761842,
      127.48045294472476,
      123.1597299787292,
      128.0158314814085,
      1052.8592853122348,
      125.95217343176775,
      1301.111966896093,
      1371.6033860111288,
      124.2991070766877,
      2027.6160659479185,
      123.22228143594221,
      131.871474878692,
      1548.222498657932,
      124.2496958807099,
      703.6930398255439,
      126.01816434221612,
      132.52791828041424,
      1903.7434504296152,
      118.47846913765761,
      2452.7362694037483,
      129.53996464543744,
      123.74029544264282
    ],
    "hdr_main": [
      1031.9988332380294,
      1735.1148634532262,
      117.90191259795998,
      130.9947534160444,
      957.4936502723303,
      127.08975444432778,
      132.78176430702487,
      135.43865374672424,
      132.51740447927696,
      128.06589220184404,
      123.77818460557718,
      128.42873971164025,
      907.0516490697981,
      127.35695751385569,
      1190.5348498538078,
      1277.2340521861522,
      126.16640329710019,
      1922.5791969281397,
      125.46644351946995,
      132.8468400329225,
      1480.5397628162782,
      125.28016084495532,
      614.4784780927324,
      127.00559679041689,
      133.79781449808743,
      1796.3167832083946,
      120.62539455613788,
      2314.207908480407,
      131.56847681070312,
      125.369539691952
    ],
    "pooled_lqr_estimated": [
      1147.8558819171024,
      1885.2846188814992,
      117.63059520219241,
      130.95275269088484,
      1013.1247094244484,
      125.61761721100817,
      133.15794885028362,
      135.48982589215203,
      132.76680692791055,
      128.06120951316046,
      123.2852438534694,
      128.6952863848504,
      1057.1136659683643,
      126.74830442103605,
      1307.64504631747,
      1371.4542213849204,
      125.40709095389825,
      2006.4251550133288,
      124.58944379791167,
      132.78986171194381,
      1548.6919761576776,
      124.58442466277815,
      680.6886071552767,
      127.38647939497844,
      131.96325416417847,
      1908.0368292636615,
      119.5215898358918,
      2458.244721381279,
      130.25323683971857,
      123.59545792831179
    ],
    "hdr_tube_mpc": [
      945.3922102642251,
      1283.3546982477337,
      117.90191259795998,
      130.9947534160444,
      814.9328657334291,
      127.08975444432778,
      132.78176430702487,
      135.4386456620786,
      132.51740447927696,
      128.06589220184404,
      123.77818460557718,
      128.42868470293593,
      806.8337242623196,
      127.35695751385569,
      911.8743833247175,
      1137.588831026065,
      126.16640329710019,
      1751.951349900487,
      125.46644351946995,
      132.8468400329225,
      1280.2198144909396,
      125.28016084495532,
      584.5843076351053,
      127.00559679041689,
      133.79781449808743,
      1394.8456672128502,
      120.62539455613788,
      1798.819807713435,
      131.56847681070312,
      125.369539691952
    ]
  },
  "ep_basins": [
    1,
    1,
    2,
    2,
    1,
    0,
    2,
    2,
    2,
    2,
    2,
    2,
    1,
    2,
    1,
    1,
    0,
    1,
    0,
    2,
    1,
    2,
    1,
    2,
    0,
    1,
    0,
    1,
    0,
    0
  ],
  "ep_safety_rates": {
    "hdr_main": [
      0.98046875,
      0.94140625,
      0.0546875,
      0.11328125,
      0.92578125,
      0.1171875,
      0.12890625,
      0.1484375,
      0.11328125,
      0.0703125,
      0.1328125,
      0.109375,
      0.90234375,
      0.1328125,
      0.9296875,
      0.921875,
      0.12109375,
      0.94140625,
      0.06640625,
      0.12890625,
      0.97265625,
      0.09375,
      0.828125,
      0.15234375,
      0.12109375,
      0.984375,
      0.0859375,
      0.98046875,
      0.1015625,
      0.1015625
    ],
    "pooled_lqr_estimated": [
      0.94140625,
      0.94921875,
      0.05078125,
      0.11328125,
      0.92578125,
      0.1171875,
      0.12890625,
      0.1484375,
      0.11328125,
      0.0703125,
      0.12890625,
      0.10546875,
      0.9296875,
      0.1328125,
      0.94921875,
      0.90234375,
      0.11328125,
      0.95703125,
      0.06640625,
      0.125,
      0.96875,
      0.09375,
      0.86328125,
      0.15234375,
      0.1171875,
      0.94140625,
      0.0859375,
      0.98046875,
      0.09765625,
      0.08984375
    ],
    "hdr_tube_mpc": [
      0.9453125,
      0.9296875,
      0.0546875,
      0.11328125,
      0.890625,
      0.1171875,
      0.12890625,
      0.1484375,
      0.11328125,
      0.0703125,
      0.1328125,
      0.109375,
      0.89453125,
      0.1328125,
      0.8984375,
      0.90625,
      0.12109375,
      0.9140625,
      0.06640625,
      0.12890625,
      0.94921875,
      0.09375,
      0.82421875,
      0.15234375,
      0.12109375,
      0.95703125,
      0.0859375,
      0.98046875,
      0.1015625,
      0.1015625
    ]
  }
}