{
  "seed": 2020,
  "n_episodes": 30,
  "ep_costs": {
    "open_loop": [
      442.49038702796935,
      135.5866434772443,
      128.5494325498173,
      128.91857487678342,
      132.56073908790776,
      130.6131641493092,
      122.99038942036036,
      125.71627732765498,
      125.07211020334833,
      130.9708444055976,
      509.3093985127799,
      116.35056216768811,
      137.74792403477193,
      540.58970307248,
      134.70312317379972,
      130.28923917154182,
      500.5112294792996,
      585.7238994131875,
      125.91217803956701,
      132.86212103452067,
      124.25698188186566,
      697.3912059873084,
      125.86685797576837,
      514.4379500067491,
      124.95586055263473,
      556.3767971281972,
      124.8224506596058,
      135.01192042172002,
      122.37118655120766,
      137.45921937970462
    ],
    "pooled_lqr": [
      439.4909133445529,
      134.97913066607833,
      126.71017978074731,
      128.49366428721103,
      130.674761914644,
      130.00578177941404,
      122.41610429922595,
      123.3104553097655,
      123.56773963257706,
      130.94646529463293,
      491.9243540934965,
      114.7619382889076,
      135.06329530023805,
      538.4020054390787,
      134.23297393937256,
      129.6963949724282,
      490.4625616582308,
      598.1470128901929,
      122.76025024835361,
      131.12237887344372,
      123.52272424389444,
      618.9994168630977,
      126.01749114857681,
      469.47109813226257,
      123.80054070640875,
      553.4733270906241,
      124.52356142626627,
      134.3512823699777,
      121.81095141197643,
      136.34955758518458
    ],
    "basin_lqr": [
      442.9495533135991,
      134.65162008251093,
      126.7222867041096,
      128.3103967883332,
      130.5900592421831,
      129.8887241095563,
      122.31027393652433,
      123.3461521433762,
      123.92102220977822,
      130.6292991702837,
      492.4513189826517,
      114.86134501726288,
      135.05694906825056,
      539.695176812809,
      133.8796485602749,
      129.3083451906552,
      490.1532199389013,
      604.3762415735083,
      122.66898958369356,
      131.13349076984912,
      123.29142921775811,
      624.4480372563263,
      125.43456177591312,
      471.87297524603105,
      123.66622587573133,
      554.5527225940307,
      123.9351100367526,
      133.8707486340282,
      121.55717486083832,
      135.92319545057768
    ],
    "hdr_main": [
      417.24664787508976,
      135.53225288586287,
      128.5494325498173,
      128.91542733749606,
      132.56073908790776,
      130.60893942425173,
      122.96420435614714,
      125.71627732765498,
      125.07211020334833,
      130.9708444055976,
      476.97015198187603,
      116.32976541542949,
      137.74792403477193,
      510.7064541888661,
      134.66328711554982,
      130.27212368776168,
      480.4650983169442,
      553.1981012905138,
      125.91217803956701,
      132.86212103452067,
      124.12533430626235,
      637.117370934102,
      125.77433397804013,
      483.4096520761234,
      124.90928115210235,
      531.0070906911818,
      124.81915908498164,
      134.99672126165407,
      122.34778516458032,
      137.45935932871356
    ],
    "pooled_lqr_estimated": [
      439.4431782216237,
      134.9260704244282,
      126.86470423330177,
      129.07448463339793,
      131.14071956928117,
      130.31709444169076,
      122.87622295975463,
      124.6247475960416,
      123.25309480831939,
      131.21101640817045,
      494.8922734534591,
      115.09165409950018,
      135.94778276663288,
      540.754616660776,
      134.62049022384105,
      130.31903249503904,
      486.82676521448474,
      601.4197285797613,
      124.06661505492808,
      131.66738915293482,
      124.36235060877179,
      611.4498055406438,
      126.16756740881588,
      473.47814379443844,
      124.2662386002552,
      550.0944651701319,
      125.03222999501702,
      134.47882187525747,
      122.11134070612705,
      136.79122725342154
    ],
    "hdr_tube_mpc": [
      413.7185418005598,
      135.53253652106557,
      128.5494325498173,
      128.91542733749606,
      132.56073908790776,
      130.60893942425173,
      122.96420435614714,
      125.71627732765498,
      125.07211020334833,
      130.9708444055976,
      465.72503816722633,
      116.32976541542949,
      137.74792403477193,
      501.11480611079963,
      134.66326199196715,
      130.27212368776168,
      472.62966593515023,
      543.4848945824069,
      125.91217803956701,
      132.86212103452067,
      124.12667889283418,
      620.8478228140092,
      125.77433397804013,
      476.563952864142,
      124.90928115210235,
      522.7041500958308,
      124.81915908498164,
      134.99672126165407,
      122.34778516458032,
      137.45945435813576
    ]
  },
  "ep_basins": [
    1,
    2,
    0,
    2,
    0,
    2,
    2,
    0,
    0,
    2,
    1,
    0,
    0,
    1,
    2,
    2,
    1,
    1,
    0,
    0,
    2,
    1,
    2,
    1,
    2,
    1,
    2,
    2,
    2,
    2
  ],
  "ep_safety_rates": {
    "hdr_main": [
      0.7734375,
      0.13671875,
      0.12890625,
      0.13671875,
      0.12890625,
      0.14453125,
      0.12890625,
      0.11328125,
      0.11328125,
      0.12890625,
      0.78125,
      0.14453125,
      0.16796875,
      0.78515625,
      0.1171875,
      0.140625,
      0.84375,
      0.79296875,
      0.12890625,
      0.15234375,
      0.09375,
      0.82421875,
      0.12109375,
      0.78125,
      0.0859375,
      0.828125,
      0.140625,
      0.1484375,
      0.08203125,
      0.10546875
    ],
    "pooled_lqr_estimated": [
      0.77734375,
      0.1328125,
      0.125,
      0.12890625,
      0.125,
      0.14453125,
      0.125,
      0.12109375,
      0.109375,
      0.12890625,
      0.77734375,
      0.140625,
      0.1640625,
      0.80078125,
      0.1171875,
      0.140625,
      0.83984375,
      0.79296875,
      0.12890625,
      0.15234375,
      0.09375,
      0.82421875,
      0.12109375,
      0.77734375,
      0.08203125,
      0.81640625,
      0.140625,
      0.14453125,
      0.08203125,
      0.10546875
    ],
    "hdr_tube_mpc": [
      0.76953125,
      0.13671875,
      0.12890625,
      0.13671875,
      0.12890625,
      0.14453125,
      0.12890625,
      0.11328125,
      0.11328125,
      0.12890625,
      0.7734375,
      0.14453125,
      0.16796875,
      0.7890625,
      0.1171875,
      0.140625,
      0.8359375,
      0.79296875,
      0.12890625,
      0.15234375,
      0.09375,
      0.8203125,
      0.12109375,
      0.77734375,
      0.0859375,
      0.82421875,
      0.140625,
      0.1484375,
      0.08203125,
      0.10546875
    ]
  }
}