{
  "seed": 707,
  "n_episodes": 20,
  "ep_costs": {
    "open_loop": [
      577.2401723168458,
      125.29184563644661,
      131.68209285746946,
      130.77809814501202,
      124.79961744505923,
      429.45180286661616,
      136.19353151129627,
      136.43062115429458,
      124.7716375969092,
      128.55310950592016,
      673.8023112667554,
      615.7189629454784,
      121.0306439009784,
      126.02739516319295,
      506.32708994270416,
      498.18979582465624,
      126.45027444300986,
      646.5951738891835,
      124.53340082402684,
      118.24379007080795
    ],
    "pooled_lqr": [
      573.1748983038591,
      125.25626691255916,
      129.02656277683892,
      128.86894691087448,
      124.69849497222904,
      420.3340233312561,
      134.91514807069095,
      134.4663034956912,
      122.41410379121542,
      127.88193952665762,
      626.3481595085286,
      572.2938519116326,
      120.62860509780052,
      124.7330612050167,
      475.29702493941255,
      488.43844047252367,
      124.77919567817229,
      601.2657185922787,
      124.07092336851042,
      116.7307784607582
    ],
    "basin_lqr": [
      577.3661040330306,
      124.81243217458432,
      129.03510402425024,
      129.22084823041214,
      124.73273033177836,
      421.73823864968307,
      135.0481196303952,
      134.4384164432465,
      122.31880915085365,
      127.56286217064881,
      637.2874967022418,
      578.9448617441793,
      120.45848037808749,
      124.77155625578587,
      476.56232826926976,
      487.6988627317968,
      124.72449960332018,
      608.2644031765358,
      123.72232076549966,
      116.76692992355977
    ],
    "hdr_main": [
      553.5284539516,
      125.2436119042593,
      131.68209285746946,
      130.68980862891453,
      124.7844402008862,
      414.65075940796964,
      136.14237206609246,
      136.39019547988735,
      124.7716375969092,
      128.5361735931502,
      651.1829894529155,
      595.6581794183251,
      121.02391107494695,
      126.02739516319295,
      490.21577531755077,
      479.79716794717405,
      126.43922742519041,
      625.4163864452805,
      124.52422315701882,
      118.24379007080795
    ],
    "pooled_lqr_estimated": [
      575.3763934524162,
      125.50546511743214,
      130.325981331386,
      130.24681374312266,
      124.55302675962676,
      421.5097934507049,
      134.8734767884793,
      134.89102653432417,
      123.72118803021638,
      128.49986425841576,
      631.444336526701,
      574.4444120285143,
      121.06236223822857,
      125.68961811554095,
      476.23058669415184,
      490.38145406887793,
      124.63368745166197,
      602.1293226738284,
      123.99488515320107,
      117.30986454620758
    ]
  },
  "ep_basins": [
    1,
    2,
    0,
    0,
    0,
    1,
    0,
    0,
    0,
    2,
    1,
    1,
    2,
    0,
    1,
    1,
    0,
    1,
    2,
    0
  ],
  "ep_safety_rates": {
    "hdr_main": [
      0.8359375,
      0.26171875,
      0.16015625,
      0.17578125,
      0.1328125,
      0.77734375,
      0.14453125,
      0.2109375,
      0.17578125,
      0.2109375,
      0.875,
      0.83984375,
      0.2265625,
      0.12890625,
      0.83984375,
      0.828125,
      0.140625,
      0.92578125,
      0.15234375,
      0.1640625
    ],
    "pooled_lqr_estimated": [
      0.82421875,
      0.265625,
      0.15625,
      0.1796875,
      0.13671875,
      0.75390625,
      0.14453125,
      0.2109375,
      0.17578125,
      0.2109375,
      0.85546875,
      0.85546875,
      0.23046875,
      0.12890625,
      0.83984375,
      0.81640625,
      0.140625,
      0.91796875,
      0.15234375,
      0.1640625
    ]
  }
}