{
  "seed": 1818,
  "n_episodes": 30,
  "ep_costs": {
    "open_loop": [
      123.49239150948605,
      696.9537810278889,
      524.9190520639442,
      404.4732809792304,
      121.73310617629977,
      719.0631108760506,
      124.5098412605283,
      127.97116641810639,
      137.9116051092048,
      551.893410619341,
      456.6994920800422,
      134.03698805307147,
      137.17581515065723,
      505.2311705682937,
      526.3746915673996,
      134.8373563118226,
      136.96166890978935,
      131.15015600310136,
      127.44947109848928,
      119.8992207263971,
      126.59264931329868,
      123.21458169554488,
      570.1429737444189,
      126.1082277862106,
      116.66025117364224,
      130.07531843274342,
      125.98229952925436,
      133.7183978659268,
      134.63176574132802,
      121.71299792797437
    ],
    "pooled_lqr": [
      121.8161194304788,
      667.0855324220914,
      516.1490868482144,
      395.1798748562302,
      120.00986300094465,
      717.8028074852486,
      124.30469138893994,
      127.87155216388176,
      137.1214270187391,
      525.0947510748192,
      441.69116521272974,
      131.59473503239337,
      136.5012117463645,
      499.45867651935174,
      513.5490613195685,
      132.0492955421218,
      136.32977936944167,
      130.90318493851413,
      125.19758828089688,
      119.4145058259888,
      126.52306418211433,
      121.50057782513268,
      552.3753422329306,
      124.81164552959814,
      114.37382064062113,
      130.2179633441317,
      126.24813576296677,
      133.39701190703556,
      133.27971166002882,
      120.55467731039387
    ],
    "basin_lqr": [
      121.82139388445083,
      672.1654730078106,
      515.2060326050913,
      396.1114277966053,
      120.2507486915448,
      718.8217646198448,
      123.85917889575164,
      127.41333208326047,
      136.5391910633949,
      527.2921427385216,
      442.91453272621385,
      131.50573302422313,
      136.1104350150911,
      501.5555648253408,
      514.1250402455777,
      132.09738804453778,
      135.84077355471499,
      130.45024834840177,
      125.21061276959541,
      118.69006429133161,
      125.88864487774273,
      121.53080723695801,
      552.4405463453658,
      124.65140478955782,
      114.44368750234018,
      129.83576790494945,
      125.43570999496566,
      133.03180462129117,
      133.1067243918423,
      120.52143000259959
    ],
    "hdr_main": [
      123.49239150948605,
      676.3577165495774,
      514.9431324128021,
      396.9515334411959,
      121.71062534918191,
      694.8200115853612,
      124.5098412605283,
      127.97796136931623,
      137.87807000469144,
      543.6590517521297,
      451.40852187181605,
      134.03698805307147,
      137.1260794984304,
      493.583046140054,
      518.457325894727,
      134.8373563118226,
      136.94726776572944,
      130.9804975540137,
      127.32428238776069,
      119.8992207263971,
      126.59264931329868,
      123.21458169554488,
      560.5616812856393,
      126.07330286447208,
      116.65934467167871,
      130.06223317213377,
      125.98229952925436,
      133.7340030066631,
      134.63045319599206,
      121.71299792797437
    ],
    "pooled_lqr_estimated": [
      122.95265062349341,
      666.6037505133698,
      516.3647261213181,
      396.4128723925985,
      121.33423086965728,
      711.2955283123581,
      124.02493078207475,
      127.74916795462002,
      137.30264301471001,
      531.7347468371985,
      444.291381866136,
      131.85581889172727,
      136.53196496571886,
      501.17071892419557,
      515.9786399072906,
      134.60064645398083,
      136.42558899404423,
      130.8857500961841,
      125.96774721525048,
      119.49894641224397,
      126.33749890443065,
      122.92771591942646,
      554.0702797963345,
      125.39866050115535,
      115.20363033372841,
      130.08885332561945,
      126.13812683555818,
      133.55851543075823,
      134.39733788611485,
      120.3435155543917
    ]
  },
  "ep_basins": [
    0,
    1,
    1,
    1,
    0,
    1,
    2,
    2,
    2,
    1,
    1,
    0,
    2,
    1,
    1,
    0,
    2,
    2,
    0,
    2,
    2,
    0,
    1,
    0,
    0,
    2,
    2,
    2,
    2,
    0
  ],
  "ep_safety_rates": {
    "hdr_main": [
      0.0625,
      0.9453125,
      0.8203125,
      0.71875,
      0.06640625,
      0.9375,
      0.19140625,
      0.14453125,
      0.16796875,
      0.8515625,
      0.8125,
      0.0859375,
      0.12109375,
      0.859375,
      0.81640625,
      0.0859375,
      0.16796875,
      0.14453125,
      0.08203125,
      0.15234375,
      0.20703125,
      0.09375,
      0.875,
      0.09765625,
      0.0546875,
      0.15234375,
      0.1328125,
      0.19921875,
      0.234375,
      0.0546875
    ],
    "pooled_lqr_estimated": [
      0.0625,
      0.92578125,
      0.84765625,
      0.71875,
      0.0625,
      0.92578125,
      0.19140625,
      0.14453125,
      0.16015625,
      0.8515625,
      0.80859375,
      0.0859375,
      0.125,
      0.859375,
      0.8203125,
      0.08984375,
      0.16796875,
      0.140625,
      0.08203125,
      0.1484375,
      0.203125,
      0.09375,
      0.859375,
      0.09765625,
      0.0546875,
      0.15234375,
      0.1328125,
      0.1953125,
      0.23046875,
      0.0546875
    ]
  }
}