{
  "seed": 2020,
  "n_episodes": 20,
  "ep_costs": {
    "open_loop": [
      554.7896977363056,
      125.03664728685472,
      127.99133322894609,
      131.93949555720363,
      124.85897871129399,
      119.59871297677846,
      125.09477554307928,
      122.12933533745678,
      128.1560968237043,
      126.06287190585974,
      449.32596554995445,
      126.86297835121715,
      128.02588399155388,
      693.8564945257499,
      120.3886248467523,
      136.1031670243968,
      566.3420381716919,
      575.6815664055785,
      127.06113708225902,
      114.42892876087468
    ],
    "pooled_lqr": [
      525.1728848009177,
      124.04515039762741,
      126.51378692518564,
      131.32631445666547,
      123.81848000457771,
      119.07755354285837,
      124.51309457390357,
      120.81971333489798,
      127.4103959902313,
      125.78003899791798,
      431.0009080536989,
      125.81982523489675,
      126.54912741045477,
      675.9903838246561,
      120.35539718333138,
      135.49693689044,
      544.9975748334647,
      569.9863137409959,
      125.21944820177566,
      112.77337006022061
    ],
    "basin_lqr": [
      531.6663261255002,
      123.7887075835385,
      126.46826243771595,
      131.30906080494262,
      123.80649304814045,
      118.69388705958124,
      124.23264102188284,
      120.95887924460013,
      127.46087036246901,
      125.18002574077715,
      435.9873370009871,
      125.98019502293812,
      126.47011660568567,
      677.3397963314517,
      119.97626789041891,
      134.81889203608188,
      562.0984888069991,
      568.6420076179882,
      125.19349282788423,
      112.80213686327113
    ],
    "hdr_main": [
      531.7684319410743,
      125.03664728685472,
      127.96063908856424,
      131.91713756726037,
      124.8444207581039,
      119.58737437573848,
      125.06469641052954,
      122.12933533745678,
      128.1560968237043,
      126.06287190585974,
      434.121362016825,
      126.86297835121715,
      128.02588399155388,
      647.9382516494748,
      120.37668542433788,
      135.9824764908059,
      542.5678139866103,
      537.9119222170525,
      127.025178231815,
      114.41991782103625
    ],
    "pooled_lqr_estimated": [
      513.1325548446506,
      124.39198607782195,
      126.87902576618829,
      131.7303136355434,
      125.34016689144903,
      119.48685820411279,
      124.91095674774253,
      121.68724429507984,
      128.22896988187347,
      125.34806065345298,
      425.53688165334967,
      126.68942202170838,
      128.29991165109303,
      678.1181232293741,
      120.63106132897906,
      136.03619611541703,
      564.6669804465703,
      571.5921592153945,
      126.70671170722144,
      113.80412302743706
    ]
  },
  "ep_basins": [
    1,
    2,
    0,
    2,
    0,
    2,
    2,
    0,
    0,
    2,
    1,
    0,
    0,
    1,
    2,
    2,
    1,
    1,
    0,
    0
  ],
  "ep_safety_rates": {
    "hdr_main": [
      0.77734375,
      0.0859375,
      0.12890625,
      0.15234375,
      0.1640625,
      0.13671875,
      0.14453125,
      0.1328125,
      0.13671875,
      0.1328125,
      0.765625,
      0.11328125,
      0.15625,
      0.90234375,
      0.09375,
      0.1171875,
      0.8359375,
      0.7890625,
      0.15234375,
      0.15234375
    ],
    "pooled_lqr_estimated": [
      0.76171875,
      0.0859375,
      0.12890625,
      0.15234375,
      0.1640625,
      0.13671875,
      0.140625,
      0.1328125,
      0.13671875,
      0.12890625,
      0.74609375,
      0.11328125,
      0.15625,
      0.88671875,
      0.08984375,
      0.109375,
      0.8515625,
      0.80859375,
      0.15625,
      0.140625
    ]
  }
}