{
  "seed": 1919,
  "n_episodes": 20,
  "ep_costs": {
    "open_loop": [
      131.1224700777177,
      115.32857473454959,
      130.2128675018519,
      128.7620675254235,
      124.7771362468123,
      123.77874887386433,
      128.22512829431955,
      111.99372991653219,
      125.56596831263624,
      720.9878011232034,
      115.0388602818162,
      543.6402552760945,
      127.99757484482618,
      120.56642180466162,
      114.6114619626959,
      589.2823882496361,
      124.01121696556645,
      117.38235970825208,
      126.30606803549306,
      133.04261830265705
    ],
    "pooled_lqr": [
      130.61276605249927,
      114.19186858010806,
      129.81164304365547,
      128.72935205506974,
      124.397512667188,
      123.2969736553887,
      127.0394767457701,
      110.17458526528938,
      124.36884812326885,
      670.8280887021376,
      113.40842110808346,
      541.3437069186925,
      126.3351047352734,
      120.15237281880007,
      114.12008437283342,
      575.5035573397432,
      122.98920992733099,
      116.92401283879582,
      126.21559560353525,
      130.4087482121499
    ],
    "basin_lqr": [
      130.35587648226158,
      114.21691879028471,
      129.22868881901954,
      128.15829982066325,
      124.32192335030075,
      122.79478432510744,
      126.9325526480937,
      110.15074969378622,
      124.19078027975846,
      669.8234513734167,
      113.64332808652696,
      546.4459366359405,
      126.41796748336054,
      120.164538992954,
      113.76689792497463,
      573.9818606765243,
      123.14921936217984,
      116.91377561264594,
      125.8520645154474,
      130.52165978796756
    ],
    "hdr_main": [
      131.1179923180608,
      115.31176140009369,
      130.15311221265574,
      128.7301212195358,
      124.7563444710959,
      123.76724665242735,
      128.20960255637112,
      111.99372991653219,
      125.56596831263624,
      671.9081475756278,
      114.95660665150648,
      523.1687265711514,
      127.98445924778372,
      120.56642180466162,
      114.60332457888299,
      562.5124954777962,
      123.94217866465594,
      117.38235970825208,
      126.29691829619308,
      133.04261830265705
    ],
    "pooled_lqr_estimated": [
      131.13576302108393,
      115.03768126103775,
      130.33073005733132,
      128.97556650116158,
      124.59160345226078,
      124.08737977954924,
      127.89506576758895,
      111.55053514196024,
      125.03199956898219,
      675.6461713260137,
      114.83364015701392,
      555.034618974724,
      127.55732890505155,
      118.57535991083566,
      114.44171654642372,
      580.046612070228,
      123.47638369606982,
      117.62894883249858,
      126.69418141797802,
      130.59766746909006
    ]
  },
  "ep_basins": [
    2,
    0,
    2,
    2,
    0,
    2,
    2,
    0,
    2,
    1,
    0,
    1,
    0,
    0,
    2,
    1,
    0,
    0,
    2,
    0
  ],
  "ep_safety_rates": {
    "hdr_main": [
      0.08984375,
      0.10546875,
      0.13671875,
      0.1640625,
      0.1328125,
      0.10546875,
      0.1484375,
      0.078125,
      0.1015625,
      0.8359375,
      0.09765625,
      0.7578125,
      0.10546875,
      0.0859375,
      0.11328125,
      0.8046875,
      0.0859375,
      0.1015625,
      0.109375,
      0.1328125
    ],
    "pooled_lqr_estimated": [
      0.08984375,
      0.1015625,
      0.140625,
      0.1640625,
      0.13671875,
      0.11328125,
      0.1484375,
      0.078125,
      0.1015625,
      0.8515625,
      0.10546875,
      0.80859375,
      0.1015625,
      0.0859375,
      0.11328125,
      0.8046875,
      0.0859375,
      0.10546875,
      0.11328125,
      0.125
    ]
  }
}