{
  "seed": 1111,
  "n_episodes": 30,
  "ep_costs": {
    "open_loop": [
      127.12634146983584,
      134.71185153386932,
      129.36862929827214,
      130.4135026098251,
      438.0994989657214,
      573.0982187267148,
      407.8895747187897,
      602.8215713915714,
      129.7374590668131,
      134.7807607221767,
      133.72952154825654,
      125.94786513672818,
      135.34067527864525,
      128.4052578581434,
      122.1632128038153,
      129.80113165154944,
      131.18164676746494,
      626.2688257865734,
      135.51725716416,
      134.99402949406874,
      136.99414791243044,
      124.28570838749508,
      124.06333323945888,
      512.1369296465085,
      133.34076992196884,
      119.78938303206313,
      660.0244301380154,
      132.88394232318402,
      592.4155359375011,
      122.35818695927584
    ],
    "pooled_lqr": [
      126.24693185887816,
      133.63007282258855,
      128.2373899745234,
      128.2404811523439,
      434.3651871871844,
      554.1665104986768,
      406.355328714875,
      574.3546653135104,
      128.69417201001318,
      133.59379350280486,
      132.57230684085383,
      125.47949754371176,
      134.84240232168204,
      127.899488228584,
      120.3069198305773,
      127.92865566932461,
      129.58994912879902,
      622.0913620389382,
      132.78379823151602,
      134.7778280424942,
      135.45985251884127,
      121.74172111588223,
      122.9403148328043,
      497.43153606624185,
      132.0762768330654,
      119.0259773334829,
      623.5485784419141,
      132.46521847028717,
      581.9255280708397,
      121.74519222582153
    ],
    "basin_lqr": [
      126.07274729475458,
      133.33898561014587,
      128.26489627621882,
      128.34917619198652,
      434.54007395643566,
      551.5523500229624,
      410.9645506751901,
      573.5060267027806,
      128.67712340156703,
      133.37539577057035,
      132.23951081204012,
      125.26854246264283,
      134.60757970672898,
      127.70369092445995,
      120.37803838593668,
      127.82458576366969,
      129.49376363896795,
      622.7983113644993,
      132.76009563943848,
      134.4642445903614,
      135.26997379000403,
      121.7881539699489,
      122.96295729012648,
      496.5472598735399,
      132.25434181914054,
      118.95124651627238,
      630.7215865367059,
      132.1973282230977,
      588.6253832370174,
      121.59744288067789
    ],
    "hdr_main": [
      127.09602918881484,
      134.71688235781505,
      129.36862929827214,
      130.4135026098251,
      433.6779596492934,
      518.8066686123285,
      400.5022591498742,
      587.3025513160165,
      129.72498510681808,
      134.7796268915176,
      133.68947702298925,
      125.88662446595923,
      135.34067527864525,
      128.40457697662433,
      122.09595359493366,
      129.80198868947446,
      131.14159009701538,
      591.3269478945556,
      135.51725716416,
      135.00116993845762,
      136.99414791243044,
      124.28570838749508,
      123.97952334338997,
      498.4944556605632,
      133.34076992196884,
      119.78938303206313,
      637.105648164864,
      132.87939493176222,
      570.0411649650389,
      122.23367992175389
    ],
    "pooled_lqr_estimated": [
      126.82447611475973,
      134.33786637684605,
      127.84180566937852,
      128.48525389529908,
      434.6546880712533,
      558.4730200074525,
      405.5245041575288,
      576.8777885354051,
      128.71756012619932,
      134.28268400735791,
      132.78452780190557,
      125.59627753584283,
      134.85399178154515,
      127.98642614055599,
      120.77591334275371,
      128.39272390561376,
      129.86219870816382,
      623.9538956473184,
      134.6767234104705,
      134.88125224527573,
      136.00268044969954,
      122.6603955290868,
      123.9022833161262,
      495.90446375612873,
      132.98103059293882,
      119.58086367391564,
      637.3744808989471,
      132.12083177713345,
      581.055128361026,
      121.71720860738127
    ],
    "hdr_tube_mpc": [
      127.09596482112505,
      134.71688235781505,
      129.36862929827214,
      130.4135026098251,
      433.0286378648105,
      505.3300905464894,
      399.14351071052715,
      585.4697621153936,
      129.72498510681808,
      134.7796268915176,
      133.68944379780197,
      125.88645807292315,
      135.34067527864525,
      128.40457697662433,
      122.09595359493366,
      129.80198868947446,
      131.14159009701538,
      579.8179019590312,
      135.51725716416,
      135.00116993845762,
      136.99414791243044,
      124.28570838749508,
      123.97952334338997,
      495.720798377116,
      133.34076992196884,
      119.78938303206313,
      633.7105908751568,
      132.87939493176222,
      566.466955734679,
      122.23367992175389
    ]
  },
  "ep_basins": [
    2,
    2,
    0,
    0,
    1,
    1,
    1,
    1,
    0,
    2,
    2,
    2,
    2,
    2,
    0,
    0,
    0,
    1,
    0,
    2,
    0,
    0,
    0,
    1,
    0,
    0,
    1,
    2,
    1,
    0
  ],
  "ep_safety_rates": {
    "hdr_main": [
      0.09375,
      0.1328125,
      0.19921875,
      0.203125,
      0.734375,
      0.76171875,
      0.76171875,
      0.87890625,
      0.18359375,
      0.1796875,
      0.09765625,
      0.11328125,
      0.12109375,
      0.1171875,
      0.18359375,
      0.16015625,
      0.1796875,
      0.80078125,
      0.24609375,
      0.125,
      0.2109375,
      0.16015625,
      0.1640625,
      0.71875,
      0.18359375,
      0.1640625,
      0.78515625,
      0.12890625,
      0.83203125,
      0.16015625
    ],
    "pooled_lqr_estimated": [
      0.09375,
      0.1328125,
      0.19921875,
      0.203125,
      0.73046875,
      0.7578125,
      0.76953125,
      0.84765625,
      0.1796875,
      0.17578125,
      0.09765625,
      0.11328125,
      0.125,
      0.12109375,
      0.18359375,
      0.15234375,
      0.1796875,
      0.8125,
      0.23828125,
      0.125,
      0.2109375,
      0.15625,
      0.1640625,
      0.7265625,
      0.18359375,
      0.1640625,
      0.78515625,
      0.125,
      0.83203125,
      0.16015625
    ],
    "hdr_tube_mpc": [
      0.09375,
      0.1328125,
      0.19921875,
      0.203125,
      0.734375,
      0.7578125,
      0.76171875,
      0.87109375,
      0.18359375,
      0.1796875,
      0.09765625,
      0.11328125,
      0.12109375,
      0.1171875,
      0.18359375,
      0.16015625,
      0.1796875,
      0.8046875,
      0.24609375,
      0.125,
      0.2109375,
      0.16015625,
      0.1640625,
      0.7109375,
      0.18359375,
      0.1640625,
      0.7890625,
      0.12890625,
      0.83203125,
      0.16015625
    ]
  }
}