{
  "seed": 1717,
  "n_episodes": 30,
  "ep_costs": {
    "open_loop": [
      128.8145653802516,
      624.6135275370901,
      138.89198092297394,
      132.0274699486448,
      627.7747933517211,
      122.87800762919183,
      135.92556657765115,
      128.73362873826736,
      118.9732878781035,
      137.502421839304,
      133.13810585581982,
      122.37645386053974,
      123.90241221778969,
      559.6538125542352,
      482.4577349668288,
      562.6032402493868,
      132.13348240518044,
      118.86267604150645,
      129.51450051684586,
      130.84560572245323,
      126.34761409569187,
      137.71707935067275,
      132.61741889791298,
      125.30589851938318,
      656.4173977086367,
      128.53618252101776,
      121.31704436582419,
      138.74952913382626,
      588.9749400755039,
      128.09958030723485
    ],
    "pooled_lqr": [
      128.76071292869983,
      569.0694308246261,
      138.03396766287577,
      130.11154455039662,
      601.2692334001807,
      120.972750626727,
      135.39373842091092,
      127.63912977970301,
      118.12795157461284,
      136.93999739154557,
      131.67075618185214,
      121.61887743809105,
      123.13732885886095,
      530.5986379268265,
      480.48233321938034,
      550.2220817607124,
      129.67896493593608,
      117.96533583309824,
      129.4742712054435,
      129.65367724050276,
      123.62286220200347,
      137.1733824708675,
      131.93288869350832,
      124.63767938464072,
      637.0314302045329,
      128.21602238746482,
      121.33612913984042,
      137.2760109771834,
      570.5608039652748,
      125.22886568921112
    ],
    "basin_lqr": [
      128.60859031343483,
      567.9418479377962,
      137.84767731208785,
      130.08327742949152,
      600.6346558983244,
      120.96450664553426,
      135.08262728120664,
      127.41729363959689,
      118.16105829083592,
      136.50636089240305,
      131.69537314899688,
      121.43775364894161,
      122.69612563297282,
      537.9893225265155,
      482.4820091065233,
      548.6135753364587,
      129.82022316172336,
      117.93115411488989,
      129.09674517513508,
      129.68808383199368,
      123.71260094323317,
      136.6183271591853,
      131.15275569928392,
      124.42492168164353,
      646.4317953154901,
      127.46261107388689,
      120.773313810729,
      137.22359642675434,
      570.31113095701,
      124.97195370823403
    ],
    "hdr_main": [
      128.8336002202529,
      596.5279218651832,
      138.8969962833854,
      132.0274699486448,
      599.7056693260813,
      122.87800762919183,
      135.87615606541465,
      128.73362873826736,
      118.9732878781035,
      137.502421839304,
      133.10242388124004,
      122.32245328688391,
      123.85669985475212,
      535.3691558679632,
      466.7613376366202,
      549.467254992043,
      132.12717552137772,
      118.86267604150645,
      129.51450051684586,
      130.81579966789334,
      126.28156329558982,
      137.6894781911028,
      132.54255993902834,
      125.29037895048752,
      621.3509491714083,
      128.52402905392017,
      121.31704436582419,
      138.6980017676718,
      551.0543582545275,
      128.09958030723485
    ],
    "pooled_lqr_estimated": [
      128.75015731799897,
      566.7292715426439,
      139.05632996450265,
      130.55895697686762,
      601.1651599929899,
      121.82430626149569,
      135.80998992071756,
      128.96144320739486,
      118.66103234692245,
      137.56853666234602,
      132.38193933475188,
      121.4298924252267,
      122.7351763631522,
      528.2272980500243,
      478.6918232613108,
      553.2546233106194,
      130.65366483112174,
      117.93045354259293,
      129.65943266836152,
      130.14224043117704,
      124.50868783773343,
      137.7244314089308,
      131.7018843564077,
      125.03640060440976,
      633.5559802674868,
      128.1890481074892,
      121.09638781306342,
      137.8097855502662,
      576.8220398459227,
      126.64968017892775
    ],
    "hdr_tube_mpc": [
      128.83361869703762,
      590.8227436261952,
      138.8969962833854,
      132.0274699486448,
      585.5322232667326,
      122.87800762919183,
      135.87608557084343,
      128.73362873826736,
      118.9732878781035,
      137.502421839304,
      133.10242388124004,
      122.32245328688391,
      123.85669985475212,
      526.596841556901,
      463.15089303075075,
      547.5134118260758,
      132.12717552137772,
      118.86267604150645,
      129.51450051684586,
      130.81579966789334,
      126.28156329558982,
      137.68944503250182,
      132.54255993902834,
      125.29041188385926,
      599.9768540672861,
      128.52402905392017,
      121.31704436582419,
      138.6980017676718,
      532.4307028182075,
      128.09958030723485
    ]
  },
  "ep_basins": [
    2,
    1,
    2,
    0,
    1,
    0,
    2,
    2,
    0,
    2,
    0,
    0,
    2,
    1,
    1,
    1,
    0,
    0,
    2,
    2,
    0,
    2,
    2,
    2,
    1,
    2,
    2,
    0,
    1,
    0
  ],
  "ep_safety_rates": {
    "hdr_main": [
      0.1328125,
      0.796875,
      0.16796875,
      0.125,
      0.84765625,
      0.0625,
      0.14453125,
      0.1484375,
      0.0703125,
      0.1640625,
      0.07421875,
      0.1015625,
      0.10546875,
      0.859375,
      0.7890625,
      0.80859375,
      0.0859375,
      0.05859375,
      0.15234375,
      0.17578125,
      0.12109375,
      0.15234375,
      0.17578125,
      0.109375,
      0.84375,
      0.1328125,
      0.14453125,
      0.1015625,
      0.83984375,
      0.0859375
    ],
    "pooled_lqr_estimated": [
      0.1328125,
      0.80859375,
      0.171875,
      0.125,
      0.84375,
      0.05859375,
      0.13671875,
      0.1484375,
      0.06640625,
      0.16015625,
      0.07421875,
      0.1015625,
      0.10546875,
      0.85546875,
      0.80078125,
      0.8125,
      0.08203125,
      0.05859375,
      0.1484375,
      0.171875,
      0.1171875,
      0.15234375,
      0.171875,
      0.109375,
      0.84375,
      0.12890625,
      0.14453125,
      0.1015625,
      0.83984375,
      0.0859375
    ],
    "hdr_tube_mpc": [
      0.1328125,
      0.79296875,
      0.16796875,
      0.125,
      0.84765625,
      0.0625,
      0.14453125,
      0.1484375,
      0.0703125,
      0.1640625,
      0.07421875,
      0.1015625,
      0.10546875,
      0.8515625,
      0.7890625,
      0.80859375,
      0.0859375,
      0.05859375,
      0.15234375,
      0.17578125,
      0.12109375,
      0.15234375,
      0.17578125,
      0.109375,
      0.83984375,
      0.1328125,
      0.14453125,
      0.1015625,
      0.8203125,
      0.0859375
    ]
  }
}