{
  "seed": 808,
  "n_episodes": 20,
  "ep_costs": {
    "open_loop": [
      501.36239512625514,
      128.07028665173146,
      131.85132392776447,
      105.1713919705393,
      119.22837978908632,
      428.8332649217468,
      123.9924422194574,
      121.05506287844034,
      119.27247139978829,
      123.92107335364578,
      125.5227008586372,
      860.5445807017423,
      109.72303620107446,
      620.3418614988285,
      127.71254569431245,
      1080.6121541590203,
      129.655734050431,
      132.76169810145475,
      132.1070318819549,
      126.1701126696755
    ],
    "pooled_lqr": [
      496.7188575645663,
      125.29769604502727,
      131.3043080131448,
      104.42511202767363,
      118.84710370532741,
      407.8764695147575,
      123.12962139318864,
      119.9907056060757,
      118.73798002758713,
      123.00975156786309,
      125.36651026784237,
      823.0508669837653,
      107.64262704849797,
      615.8170109851893,
      127.0017263601837,
      1073.3975507818327,
      129.54927912626576,
      132.09617235973943,
      131.5961474974328,
      126.0328759592335
    ],
    "basin_lqr": [
      498.04956291386605,
      125.10649402204416,
      130.82468197550642,
      104.320964417512,
      118.60388155043081,
      409.7830619527456,
      123.22179903850365,
      120.02451395882238,
      118.4537351792062,
      122.72094730714774,
      125.11330466776606,
      834.6469307793172,
      107.59423138220144,
      617.7750079965566,
      126.76090358826089,
      1075.7108309389357,
      129.37448760264184,
      131.84833895145482,
      131.40424998645412,
      125.59701328208973
    ],
    "hdr_main": [
      486.77680112693764,
      128.07028665173146,
      131.85132392776447,
      105.1713919705393,
      119.13961651813337,
      419.3316663447162,
      123.9924422194574,
      121.05506287844034,
      119.27475217115862,
      123.90233101367268,
      125.52478620579713,
      798.519018262294,
      109.72303620107446,
      584.5686858203499,
      127.71254569431245,
      983.6980734573906,
      129.64100463584487,
      132.69110682727361,
      132.11000788300612,
      126.1701126696755
    ],
    "pooled_lqr_estimated": [
      502.1105148777526,
      126.09742363444357,
      131.057589504181,
      105.1396523835477,
      119.22102462439403,
      410.75372580335943,
      123.59404447827113,
      120.74932535782918,
      118.90826110187194,
      123.46301436134651,
      125.77413057127156,
      830.7781974549265,
      109.02531762051086,
      617.0387747204286,
      127.54437326631943,
      1071.2304748296312,
      130.06612725638792,
      132.74435670197803,
      132.79636609680946,
      126.27741273429116
    ]
  },
  "ep_basins": [
    1,
    0,
    2,
    0,
    2,
    1,
    0,
    0,
    2,
    2,
    2,
    1,
    0,
    1,
    2,
    1,
    2,
    2,
    2,
    2
  ],
  "ep_safety_rates": {
    "hdr_main": [
      0.8046875,
      0.12109375,
      0.2265625,
      0.07421875,
      0.17578125,
      0.73828125,
      0.10546875,
      0.109375,
      0.1640625,
      0.18359375,
      0.18359375,
      0.92578125,
      0.046875,
      0.85546875,
      0.24609375,
      0.94140625,
      0.19921875,
      0.22265625,
      0.171875,
      0.16796875
    ],
    "pooled_lqr_estimated": [
      0.80859375,
      0.12109375,
      0.2265625,
      0.078125,
      0.17578125,
      0.71875,
      0.10546875,
      0.11328125,
      0.16796875,
      0.18359375,
      0.18359375,
      0.91015625,
      0.04296875,
      0.83984375,
      0.24609375,
      0.93359375,
      0.19921875,
      0.22265625,
      0.16796875,
      0.171875
    ]
  }
}