{
  "seed": 909,
  "n_episodes": 20,
  "ep_costs": {
    "open_loop": [
      606.8680371881442,
      918.6122533977016,
      129.39507934248664,
      123.62844063429034,
      132.67962576845582,
      128.3304267897817,
      132.8095791357477,
      116.76520644172155,
      132.13860929324048,
      505.65359512282834,
      121.50480210809846,
      128.0828481257953,
      132.6008391742853,
      129.5832018874428,
      573.9555562020466,
      884.952900531432,
      534.6033990388739,
      134.17737649780648,
      132.6268271634025,
      126.31073760213506
    ],
    "pooled_lqr": [
      584.1715612780944,
      899.3705053865638,
      127.2260971320993,
      121.72913008898229,
      132.42785526509715,
      127.64792109973418,
      132.18675385203892,
      115.73092285935087,
      131.30372225841566,
      499.1472580169812,
      120.9278713753028,
      127.67065070031128,
      132.38714452463773,
      128.9666847024556,
      505.15541771212776,
      868.7168302364365,
      518.1507415521612,
      134.3244635068268,
      131.9925737459382,
      125.81162727198692
    ],
    "basin_lqr": [
      585.7885495867208,
      902.4617644140019,
      127.43146096129871,
      121.70270710241464,
      132.00701777336403,
      127.2705262762574,
      132.1130466719932,
      115.73954072078226,
      131.30667406214855,
      499.55576368166896,
      120.77441047022847,
      127.19506716609199,
      132.09271203820452,
      128.32007772543795,
      508.9017596939499,
      871.6841219878262,
      516.6929331071008,
      133.9767090256866,
      131.61855936846186,
      125.26574149863326
    ],
    "hdr_main": [
      556.3218864527637,
      815.4508870738244,
      129.40428595083984,
      123.62844063429034,
      132.67682897596987,
      128.3304267897817,
      132.78787928233317,
      116.76520644172155,
      131.93375548608103,
      489.5384356193047,
      121.48646278130596,
      128.08615832644554,
      132.5556389874902,
      129.5824730404049,
      544.195819968759,
      791.7369910573966,
      505.15553667983147,
      134.1083363258145,
      132.59241765487414,
      126.2969994603957
    ],
    "pooled_lqr_estimated": [
      580.6034746347725,
      897.2954718136604,
      129.61105501100846,
      123.07997827532024,
      133.4749326331367,
      128.03029305325896,
      133.06184420961046,
      116.6546669335527,
      132.37772653686147,
      496.0773261926132,
      121.67183028290029,
      127.75985873118827,
      132.84623833501178,
      129.77154856013493,
      501.8043533369277,
      875.0991640008324,
      503.2301680675116,
      134.38966536275012,
      132.65502700042563,
      125.72844816123849
    ]
  },
  "ep_basins": [
    1,
    1,
    0,
    0,
    2,
    2,
    2,
    0,
    2,
    1,
    2,
    2,
    2,
    2,
    1,
    1,
    1,
    2,
    2,
    2
  ],
  "ep_safety_rates": {
    "hdr_main": [
      0.6953125,
      0.8203125,
      0.1484375,
      0.171875,
      0.203125,
      0.18359375,
      0.19140625,
      0.12109375,
      0.21484375,
      0.73046875,
      0.203125,
      0.21875,
      0.17578125,
      0.2578125,
      0.73828125,
      0.84375,
      0.671875,
      0.21484375,
      0.1953125,
      0.2421875
    ],
    "pooled_lqr_estimated": [
      0.703125,
      0.82421875,
      0.14453125,
      0.171875,
      0.203125,
      0.18359375,
      0.1875,
      0.1171875,
      0.2265625,
      0.7265625,
      0.203125,
      0.21875,
      0.17578125,
      0.2578125,
      0.69921875,
      0.8515625,
      0.671875,
      0.21484375,
      0.1953125,
      0.23828125
    ]
  }
}