{
  "seed": 1212,
  "n_episodes": 20,
  "ep_costs": {
    "open_loop": [
      123.27298753329694,
      124.52042147469012,
      124.19627635762971,
      132.17507882438204,
      125.31924031295328,
      727.4869245399908,
      129.6613541752514,
      607.8107772044649,
      126.15782800759482,
      122.20421421377856,
      116.60209522272191,
      672.1574868606614,
      122.1210809551433,
      133.9884954458717,
      130.78338887499706,
      129.9634323697518,
      133.2605696664404,
      127.55999250355389,
      544.3983091880322,
      128.04779295264834
    ],
    "pooled_lqr": [
      122.89615381547253,
      122.9896383615335,
      123.12380848768778,
      130.44344714796216,
      123.97537338830227,
      669.2188202492391,
      129.24898790405535,
      593.1842498539584,
      124.42734538434644,
      119.70828454290228,
      115.0359133890382,
      661.4610498618905,
      121.49475726705427,
      133.6757692047576,
      129.57211270704286,
      129.58774514757627,
      132.43442830973498,
      127.3607451774804,
      523.2426504517073,
      127.20728709976483
    ],
    "basin_lqr": [
      122.75611503960987,
      122.80992822625292,
      123.22885050181206,
      130.4961481974218,
      124.049234928791,
      669.2058950839765,
      129.03819023988785,
      595.4084211574708,
      124.28133444424017,
      120.14714611949267,
      115.141816277688,
      657.7904880269136,
      121.27759526586192,
      132.9930839656349,
      129.55890857606087,
      129.29367389741975,
      132.06084013454645,
      126.988922585781,
      524.5346662027931,
      127.13590222488305
    ],
    "hdr_main": [
      123.25602828317523,
      124.51716556796285,
      124.12770768449721,
      132.17507882438204,
      125.31984544282463,
      690.6795861253385,
      129.65203868844253,
      579.1504504042546,
      126.06643910784625,
      122.12258232599038,
      116.60531037793714,
      628.056208767226,
      122.10811222783084,
      133.9510337065714,
      130.71715168631235,
      129.91376060230505,
      133.22016692699106,
      127.55034321595927,
      513.2884313576592,
      128.04779295264834
    ],
    "pooled_lqr_estimated": [
      123.47529739300887,
      124.15071597451099,
      123.34024493926002,
      131.29032679847495,
      124.5542397183948,
      669.9101150959054,
      129.54205722350156,
      598.4656305248886,
      125.13256401118836,
      118.85658207071401,
      116.87553564313023,
      651.8456665998655,
      122.40368679854629,
      133.98284067281773,
      130.37857529464392,
      129.77976599623744,
      133.20227480030448,
      127.69796976132601,
      520.4891110873047,
      127.63665002260414
    ]
  },
  "ep_basins": [
    2,
    0,
    0,
    0,
    0,
    1,
    2,
    1,
    0,
    0,
    0,
    1,
    2,
    2,
    0,
    2,
    2,
    2,
    1,
    2
  ],
  "ep_safety_rates": {
    "hdr_main": [
      0.1328125,
      0.078125,
      0.0703125,
      0.08203125,
      0.03125,
      0.80078125,
      0.13671875,
      0.83203125,
      0.07421875,
      0.0390625,
      0.06640625,
      0.91015625,
      0.1171875,
      0.1875,
      0.06640625,
      0.1328125,
      0.1640625,
      0.1796875,
      0.828125,
      0.1796875
    ],
    "pooled_lqr_estimated": [
      0.1328125,
      0.07421875,
      0.06640625,
      0.08203125,
      0.03515625,
      0.81640625,
      0.1328125,
      0.84765625,
      0.07421875,
      0.0390625,
      0.0703125,
      0.89453125,
      0.1171875,
      0.1875,
      0.06640625,
      0.1328125,
      0.1640625,
      0.1796875,
      0.8203125,
      0.1796875
    ]
  }
}