{
  "seed": 303,
  "n_episodes": 30,
  "ep_costs": {
    "open_loop": [
      135.32464152571808,
      834.4058081350332,
      124.94812117944248,
      122.01589706961005,
      125.55611922167462,
      130.65941722062493,
      128.69074549632208,
      404.73962682439173,
      122.02608648340585,
      570.7558640060619,
      119.10719896796186,
      125.23179842992204,
      129.12697883033957,
      121.79398116675766,
      125.2036493149208,
      128.69803241519588,
      128.004412359118,
      556.0981816237686,
      129.71739930782388,
      127.13691144981483,
      122.96881015104134,
      127.81100101564796,
      564.4514225511684,
      799.4489116557015,
      128.79291241217473,
      138.1921331325283,
      130.61122723840631,
      127.86374318256988,
      130.72973899355034,
      135.2052324506323
    ],
    "pooled_lqr": [
      133.29586187748228,
      741.2268248658572,
      123.8105743227211,
      121.8073659152272,
      124.97600483849268,
      129.6972796052875,
      128.35925628953663,
      380.1781906891337,
      121.3091648230749,
      564.1900168781495,
      118.04304842674486,
      123.6209544392333,
      128.04270107744514,
      121.48372981210126,
      124.82382627355256,
      128.54170253879346,
      127.82810763798162,
      554.094658642653,
      129.35153541166477,
      126.98062939660996,
      122.55154378758658,
      126.61032758114182,
      549.8028114037129,
      784.7900640025755,
      128.26328145821145,
      136.52874109300427,
      130.27089807122036,
      125.69075829284829,
      129.84604033993574,
      134.3926013021436
    ],
    "basin_lqr": [
      133.5722237852339,
      739.0570725238953,
      123.9572224148795,
      121.37317011241399,
      124.45126045583508,
      129.5787947602498,
      127.59910875120941,
      377.92471085965207,
      121.21829589692726,
      569.550606837144,
      117.80843339416674,
      123.61933568417055,
      128.1278304549578,
      121.57610073259123,
      124.32287412198193,
      128.05958953798486,
      127.4106564164731,
      557.5419710892954,
      129.04014348472097,
      126.50683580796648,
      122.32669918207662,
      126.65806979382684,
      557.5749063456859,
      784.1100014480356,
      127.81573386135095,
      136.61764189388697,
      129.75219852844816,
      125.64362552245574,
      129.54354604847583,
      134.44470278615873
    ],
    "hdr_main": [
      135.32464152571808,
      780.8417320919428,
      124.94812117944248,
      122.01649258781623,
      125.550005809654,
      130.3533303139003,
      128.68456663422623,
      391.7928738981448,
      122.02608648340585,
      529.9333373812735,
      119.09414764512024,
      125.1447265560099,
      129.12200096409887,
      121.79398116675766,
      125.20066894444783,
      128.66270109836847,
      128.00945746619576,
      529.5097028831847,
      129.70954686712304,
      127.13691144981483,
      122.96845509148412,
      127.81100101564796,
      533.4565886115435,
      731.6319417834924,
      128.81246017613827,
      138.1922451976189,
      130.61122723840631,
      127.83913289346698,
      130.72973899355034,
      135.17672637838928
    ],
    "pooled_lqr_estimated": [
      133.69995265832654,
      751.385986372633,
      124.09598929782194,
      121.90133700439588,
      125.13653526045623,
      130.08799773862933,
      128.69186809349537,
      382.6143486811979,
      121.77634912657116,
      561.7282432089243,
      118.76125967191945,
      123.88554656150895,
      127.74887970415284,
      121.85578156362102,
      124.94132245573434,
      128.41926498516975,
      128.24108705723913,
      552.8960793862282,
      129.8477820750496,
      127.09794724038501,
      122.84912199830057,
      126.63430095890142,
      548.732832436299,
      785.6107980663681,
      128.7124507176649,
      136.20177031339952,
      130.25649659140905,
      126.586698481005,
      130.18008765004387,
      134.46389763427945
    ],
    "hdr_tube_mpc": [
      135.32464152571808,
      750.4057162023803,
      124.94812117944248,
      122.01649258781623,
      125.550005809654,
      130.3511075043007,
      128.684539256404,
      389.25021519108805,
      122.02608648340585,
      514.7054072032789,
      119.09414764512024,
      125.1447265560099,
      129.12200096409887,
      121.79398116675766,
      125.20066894444783,
      128.66270109836847,
      128.00945746619576,
      520.8635695844706,
      129.70954686712304,
      127.13691144981483,
      122.96845509148412,
      127.81100101564796,
      522.2186079697375,
      697.1369059841892,
      128.81246017613827,
      138.1922451976189,
      130.61122723840631,
      127.83913289346698,
      130.72973899355034,
      135.17672637838928
    ]
  },
  "ep_basins": [
    0,
    1,
    0,
    2,
    2,
    0,
    2,
    1,
    2,
    1,
    2,
    0,
    0,
    2,
    2,
    2,
    2,
    1,
    2,
    2,
    2,
    0,
    1,
    1,
    2,
    0,
    2,
    0,
    2,
    0
  ],
  "ep_safety_rates": {
    "hdr_main": [
      0.12109375,
      0.85546875,
      0.12109375,
      0.1328125,
      0.15234375,
      0.09375,
      0.203125,
      0.65625,
      0.1875,
      0.77734375,
      0.15234375,
      0.0625,
      0.06640625,
      0.16015625,
      0.15625,
      0.19140625,
      0.1640625,
      0.703125,
      0.171875,
      0.1875,
      0.13671875,
      0.08984375,
      0.796875,
      0.796875,
      0.16796875,
      0.12890625,
      0.203125,
      0.09765625,
      0.22265625,
      0.109375
    ],
    "pooled_lqr_estimated": [
      0.12109375,
      0.86328125,
      0.12109375,
      0.13671875,
      0.15234375,
      0.09375,
      0.19921875,
      0.65234375,
      0.18359375,
      0.79296875,
      0.15625,
      0.0625,
      0.06640625,
      0.16015625,
      0.16015625,
      0.19140625,
      0.1640625,
      0.71484375,
      0.17578125,
      0.1875,
      0.140625,
      0.08984375,
      0.80078125,
      0.8046875,
      0.16796875,
      0.125,
      0.203125,
      0.09375,
      0.22265625,
      0.109375
    ],
    "hdr_tube_mpc": [
      0.12109375,
      0.84375,
      0.12109375,
      0.1328125,
      0.15234375,
      0.09375,
      0.203125,
      0.65625,
      0.1875,
      0.76953125,
      0.15234375,
      0.0625,
      0.06640625,
      0.16015625,
      0.15625,
      0.19140625,
      0.1640625,
      0.69921875,
      0.171875,
      0.1875,
      0.13671875,
      0.08984375,
      0.78515625,
      0.78515625,
      0.16796875,
      0.12890625,
      0.203125,
      0.09765625,
      0.22265625,
      0.109375
    ]
  }
}