{
  "seed": 1010,
  "n_episodes": 20,
  "ep_costs": {
    "open_loop": [
      126.58786506639933,
      117.49521083852395,
      124.60217858614267,
      622.78957363603,
      125.37037055147978,
      119.20297940999814,
      125.42236648208028,
      115.06829271572494,
      130.7109889697487,
      120.37004659182051,
      821.9111788878699,
      124.24343284344418,
      824.9982105768587,
      133.01048225748357,
      563.9111213574475,
      119.13563856457262,
      131.2429743558339,
      130.06130198024508,
      130.08626567077556,
      498.3767633029049
    ],
    "pooled_lqr": [
      125.36865676867062,
      115.72856469286178,
      123.95251890211843,
      614.5760778696554,
      124.63388582579294,
      117.2246607008417,
      125.23888044348486,
      113.4431653986612,
      130.11714635606842,
      119.54547766149594,
      813.4503471387818,
      123.35533993255855,
      809.7452503999094,
      131.9672685069828,
      566.7178846691085,
      117.88951262224265,
      129.9853485630224,
      129.14310594465255,
      128.24830697554955,
      479.6348221725489
    ],
    "basin_lqr": [
      125.40631231922266,
      115.65113088377267,
      123.762765840646,
      616.5723313286039,
      124.49263265480367,
      117.23445791827595,
      124.95791591733119,
      113.63921806485999,
      129.89987535455901,
      119.50210764597331,
      814.6637301890031,
      123.18421041109004,
      810.8609344337324,
      131.64098231217164,
      570.5046248080106,
      117.87891014508372,
      129.80720349739167,
      129.00812889951425,
      128.05587991365695,
      467.69112230542163
    ],
    "hdr_main": [
      126.52975027357466,
      117.49521083852395,
      124.60217858614267,
      598.1115195722971,
      125.305617293779,
      119.16983388123384,
      125.37407768759549,
      115.06829271572494,
      130.70110806798476,
      120.35133389859041,
      759.1277007864625,
      124.2382051468479,
      754.7031567229699,
      133.00255205922494,
      538.2510433946068,
      119.08265578952427,
      131.17204916164465,
      130.06130198024508,
      130.08626567077556,
      478.7386810155635
    ],
    "pooled_lqr_estimated": [
      125.60994780670066,
      115.84508084887506,
      124.05130285117282,
      619.0689655007885,
      125.17343909068164,
      117.8880179924305,
      125.52903961511764,
      113.84475236970343,
      130.03748117987013,
      120.06827747487372,
      817.3435090103587,
      124.04771798274463,
      813.75460107354,
      133.1816427359037,
      589.5749819821317,
      118.33926116524177,
      130.89538873737246,
      129.55273590621226,
      128.78680708360412,
      476.7622418659126
    ]
  },
  "ep_basins": [
    0,
    0,
    2,
    1,
    2,
    0,
    2,
    0,
    2,
    0,
    1,
    0,
    1,
    2,
    1,
    0,
    2,
    2,
    2,
    1
  ],
  "ep_safety_rates": {
    "hdr_main": [
      0.09375,
      0.078125,
      0.12109375,
      0.85546875,
      0.140625,
      0.0703125,
      0.140625,
      0.0703125,
      0.18359375,
      0.0703125,
      0.81640625,
      0.0859375,
      0.79296875,
      0.16015625,
      0.72265625,
      0.0703125,
      0.1796875,
      0.15625,
      0.140625,
      0.73828125
    ],
    "pooled_lqr_estimated": [
      0.09375,
      0.078125,
      0.12109375,
      0.84765625,
      0.140625,
      0.0703125,
      0.140625,
      0.0703125,
      0.18359375,
      0.0703125,
      0.81640625,
      0.078125,
      0.78515625,
      0.16015625,
      0.75390625,
      0.078125,
      0.1796875,
      0.15234375,
      0.140625,
      0.7265625
    ]
  }
}