{
  "burden_adherence_mean": 1.0,
  "challenge_recovery_time_mean": 17.7109375,
  "circadian_adherence_mean": 1.0,
  "controller_solve_time_mean": 5.447039489732408e-05,
  "cum_cost_mean": 461.3888739436411,
  "mode_accuracy_mean": 0.5548095703125,
  "policy": "basin_lqr",
  "recursive_feasibility_rate_mean": 1.0,
  "safety_violation_rate_mean": 0.08294677734375,
  "scenario": "nominal",
  "state_rmse_mean": 0.2591049549311792,
  "time_in_target_mean": 0.269683837890625
}