{
  "burden_adherence_mean": 1.0,
  "challenge_recovery_time_mean": 18.91796875,
  "circadian_adherence_mean": 1.0,
  "controller_solve_time_mean": 0.0006614350790095855,
  "cum_cost_mean": 2026.7728224950135,
  "mode_accuracy_mean": 0.53497314453125,
  "policy": "hdr_main",
  "recursive_feasibility_rate_mean": 1.0,
  "safety_violation_rate_mean": 0.051910400390625,
  "scenario": "nominal",
  "state_rmse_mean": 0.2550544994812688,
  "time_in_target_mean": 0.27484130859375
}