{
  "seed": 1414,
  "n_episodes": 30,
  "ep_costs_hdr": [
    118.98164331482367,
    407.6790046683456,
    706.9551563866697,
    124.71836956173063,
    120.13747046827471,
    130.017673001607,
    414.4180445249904,
    703.5151075504539,
    123.35094172283783,
    117.78074124586269,
    118.12964193417308,
    117.17855752642079,
    126.37795683468288,
    127.8042148850176,
    697.3887577807544,
    546.357369016712,
    571.880705960098,
    738.7315174819795,
    127.28001448664254,
    119.00076701634325,
    128.25045423880258,
    129.2018379107178,
    118.5417218069193,
    440.8608981402009,
    127.31803709619619,
    124.38968356723477,
    122.25995263709567,
    126.66627031025094,
    555.7146099800348,
    490.77675004227996
  ],
  "ep_costs_pe": [
    118.56136784109916,
    418.598981450624,
    780.1325228382792,
    123.27711977915295,
    120.42335694959807,
    129.5424953144549,
    431.9316083070165,
    732.8978997398664,
    122.87834994273095,
    117.42836278300672,
    116.92844364977324,
    116.11613247165563,
    125.45146925371405,
    128.04875487820294,
    745.4363950240222,
    549.5192817027846,
    575.2458471114309,
    768.8972991562359,
    126.13946860240377,
    118.94150679019947,
    127.75191626437856,
    128.16244348025583,
    118.51547863663902,
    489.48849052094477,
    126.9990219520589,
    124.24016230604498,
    121.65607720041517,
    126.65902203256637,
    579.7081729853172,
    492.642548051825
  ],
  "ep_basins": [
    2,
    1,
    1,
    0,
    2,
    0,
    1,
    1,
    2,
    2,
    0,
    0,
    0,
    2,
    1,
    1,
    1,
    1,
    0,
    2,
    2,
    0,
    2,
    1,
    0,
    2,
    0,
    2,
    1,
    1
  ]
}