{
  "seed": 3333,
  "n_episodes": 30,
  "ep_costs_hdr": [
    124.36025149202536,
    127.36333643087545,
    124.1585805320072,
    794.1065888538166,
    513.4467870829304,
    130.31366526700796,
    129.4101204194916,
    116.57289231277478,
    133.45682480933553,
    126.14286528428521,
    114.61472609077086,
    440.9034596936117,
    669.583719400227,
    538.5711184835359,
    122.05358405154217,
    119.037021923146,
    119.05813766633798,
    124.9461009421654,
    125.62063804523379,
    137.41642569971216,
    135.50940231062373,
    862.0420569126486,
    113.30827634844184,
    124.2231987645596,
    615.7379658073886,
    114.66079126000152,
    131.692227182839,
    673.76467341325,
    117.30944329959603,
    530.348877130631
  ],
  "ep_costs_pe": [
    123.30066662304476,
    127.54311857507375,
    123.92476680786083,
    801.3941815207969,
    530.1734454347751,
    129.0518164542399,
    128.64449705728978,
    115.58860101977031,
    133.15608681988897,
    125.9817213656966,
    113.85598083605507,
    500.4251565569476,
    708.6396320224983,
    584.7819860351119,
    120.75921244912037,
    117.8048686597099,
    117.87988554544842,
    124.16059357636377,
    124.29969238181936,
    137.07297751541591,
    135.4682371186429,
    859.7775822063295,
    112.66358646480079,
    123.437818145416,
    654.3091510554775,
    113.35635469561228,
    129.78287521160863,
    685.1034663909558,
    116.40159571904506,
    547.6105696331393
  ],
  "ep_basins": [
    0,
    2,
    2,
    1,
    1,
    0,
    2,
    0,
    2,
    0,
    0,
    1,
    1,
    1,
    0,
    0,
    0,
    0,
    0,
    2,
    2,
    1,
    0,
    0,
    1,
    0,
    0,
    1,
    0,
    1
  ]
}