{
  "seed": 8181,
  "n_episodes": 30,
  "ep_costs_hdr": [
    856.929092370675,
    131.03047045484936,
    119.36523221994983,
    118.26309045049064,
    1109.6488501556175,
    119.10116447193299,
    127.47859825855798,
    136.35267795122172,
    117.7044107690054,
    123.28983349893149,
    120.94134704861364,
    125.28905104893843,
    126.35203376606383,
    1012.7589046763757,
    551.4889361355608,
    887.5073115179167,
    123.76364322957228,
    136.3285033974104,
    122.16645805867137,
    118.1785212429713,
    126.80671669107663,
    136.31851822640374,
    122.72374018653949,
    726.0584941338034,
    117.67803183741016,
    562.670812467078,
    127.320496743223,
    118.35591406916338,
    130.3411728091774,
    619.9340174440823
  ],
  "ep_costs_pe": [
    897.3340837710083,
    129.77450273783916,
    119.04120792108561,
    116.89865938839424,
    1139.3922395362883,
    118.71267602882337,
    127.39234453697546,
    135.05116027332144,
    116.40735832000321,
    121.23322561362879,
    119.45716200428826,
    125.20189590505146,
    126.14231491327085,
    1118.951377532597,
    581.5456165650749,
    919.6278002557012,
    123.35457342892336,
    135.6341276959761,
    122.16930485362835,
    118.3793594037954,
    125.41186295620282,
    136.13436151514787,
    121.59846270022429,
    688.5002211922255,
    117.31423889979676,
    578.9805236812991,
    127.46828215623063,
    116.30775255455755,
    130.36949484086355,
    658.4183846279135
  ],
  "ep_basins": [
    1,
    0,
    0,
    0,
    1,
    0,
    0,
    0,
    0,
    0,
    0,
    2,
    2,
    1,
    1,
    1,
    2,
    0,
    2,
    2,
    0,
    2,
    0,
    1,
    0,
    1,
    2,
    0,
    2,
    1
  ]
}