{
  "seed": 6666,
  "n_episodes": 30,
  "ep_costs_hdr": [
    130.4275278924241,
    597.6116061070793,
    137.15108058662926,
    461.0396850226968,
    770.0454411159061,
    126.96366284099793,
    602.9271058815385,
    130.27568701146765,
    684.0525369546566,
    509.44621154951943,
    120.7659653010853,
    724.9087288987907,
    447.62691079460194,
    129.4212858179081,
    130.85416667843234,
    117.25702187295093,
    573.3265661129061,
    128.25985768061304,
    1004.1982254453234,
    125.81689583068582,
    134.32290330836204,
    132.86688325360612,
    124.23753615368598,
    126.33287694902766,
    122.32074177761325,
    604.5852161168798,
    120.52348125187324,
    127.85131621515029,
    121.74380309284636,
    521.9674534967139
  ],
  "ep_costs_pe": [
    130.45070781345277,
    604.4982602698743,
    136.67982711340542,
    473.0297585510047,
    828.2869811130691,
    126.67842426863228,
    647.5186637733311,
    128.88516399136589,
    718.7648320372291,
    529.1264658926103,
    119.55870719190513,
    760.7550038696745,
    424.324908482722,
    129.43867729035168,
    130.86718578579595,
    116.69401323700274,
    586.8427745481307,
    128.04405261647088,
    1098.750548348478,
    126.04971766052695,
    132.52637406618436,
    132.30379051871165,
    124.13594988733048,
    125.87394675612325,
    121.78267699736539,
    594.2559921664679,
    120.552862351984,
    127.74744164388363,
    121.4019074099036,
    544.5623258782235
  ],
  "ep_basins": [
    2,
    1,
    2,
    1,
    1,
    2,
    1,
    0,
    1,
    1,
    0,
    1,
    1,
    2,
    2,
    0,
    1,
    2,
    1,
    2,
    0,
    2,
    2,
    2,
    0,
    1,
    2,
    0,
    2,
    1
  ]
}