{
  "seed": 4747,
  "n_episodes": 30,
  "ep_costs_hdr": [
    116.3358783800705,
    140.55882493178578,
    558.8468740417001,
    543.558728957057,
    130.1244379685158,
    123.8325791272307,
    133.72428693940338,
    593.4985335290006,
    139.73570319081563,
    117.6515398230377,
    123.80398705034155,
    499.38034289614075,
    134.25300078647095,
    540.1405619542579,
    447.4364605895728,
    541.2347392762449,
    124.31816300864858,
    116.3505207759357,
    124.0598046119319,
    435.9972598422019,
    126.06610588522966,
    126.98476517067465,
    409.8137223761936,
    129.3031257041712,
    124.54414000067602,
    448.12771024313025,
    472.78371152617785,
    114.28105333256653,
    556.9649435608136,
    125.25813403301797
  ],
  "ep_costs_pe": [
    115.65389620954318,
    140.0188731609218,
    567.3801190838398,
    575.0811792270255,
    129.80589875663748,
    123.71053319199125,
    131.8337014752296,
    627.314600674908,
    139.41392388351457,
    117.7722579663866,
    124.13793785435671,
    500.7663321360343,
    133.06073158884493,
    572.9558462938027,
    461.34558196374974,
    583.5527148717171,
    124.18872032213372,
    116.1822415689565,
    123.4316275326251,
    451.758361597582,
    125.83359412906914,
    126.04314043708915,
    427.5355718186703,
    128.6445329559622,
    124.23496394370942,
    470.40706033368207,
    502.2470303526978,
    112.60368146952513,
    558.2438799141495,
    124.05647350788453
  ],
  "ep_basins": [
    0,
    2,
    1,
    1,
    2,
    2,
    0,
    1,
    2,
    2,
    2,
    1,
    2,
    1,
    1,
    1,
    2,
    0,
    0,
    1,
    2,
    2,
    1,
    0,
    0,
    1,
    1,
    0,
    1,
    0
  ]
}