{
  "seed": 202,
  "n_episodes": 30,
  "ep_costs_hdr": [
    125.89313889238356,
    110.4953681518738,
    125.34179250777333,
    116.09396791636286,
    134.81190938347,
    799.5441780044744,
    125.79650373336919,
    729.0951232602678,
    127.4713011164158,
    124.85558199587562,
    118.33437619236385,
    569.8433104775096,
    485.79059509339305,
    124.43363022250449,
    592.9551044969717,
    746.3597162664767,
    115.48527667646313,
    123.20347671672357,
    1754.8623930549559,
    127.05454323096983,
    745.7544321686923,
    1174.3333786367973,
    1370.8308361427894,
    125.3827345652897,
    1016.0023597290289,
    126.53625819835199,
    130.2869280944509,
    124.032144241768,
    129.9705626624517,
    122.4159116071311
  ],
  "ep_costs_pe": [
    126.04527851978857,
    109.69755391557365,
    123.80685318172134,
    115.94748183306137,
    134.00423216597991,
    851.1590153354387,
    125.99635962292922,
    769.5777481908254,
    127.62545759139716,
    123.1308389945133,
    117.77152856515117,
    536.9905355983335,
    547.3781829561112,
    124.1943744328494,
    639.559396903448,
    787.8339376406813,
    115.253736934966,
    121.10866587559599,
    1899.289617765847,
    126.3527474143272,
    817.5375068255063,
    1249.5011843908715,
    1481.7422575038051,
    125.6200198571891,
    1113.9724748287204,
    126.43649853869124,
    129.39460564285147,
    123.9017881859758,
    128.79472425285144,
    121.0085365032301
  ],
  "ep_basins": [
    2,
    0,
    0,
    2,
    0,
    1,
    2,
    1,
    2,
    0,
    0,
    1,
    1,
    0,
    1,
    1,
    2,
    0,
    1,
    0,
    1,
    1,
    1,
    2,
    1,
    2,
    0,
    2,
    0,
    0
  ]
}