{
  "seed": 1010,
  "n_episodes": 30,
  "ep_costs_hdr": [
    123.53306806170492,
    119.30507239628172,
    129.99788924965355,
    631.9312332077383,
    135.66098012798346,
    130.90757894916257,
    130.9476616271617,
    121.37905715566468,
    137.47117400326024,
    129.61598079473205,
    589.2484696903072,
    133.04030453927675,
    1327.4569353932095,
    121.79265477077428,
    621.103068658528,
    129.9795514730398,
    130.91081063246554,
    124.84275666756174,
    136.16767308618813,
    646.3244617840822,
    125.1502153326935,
    738.4152319045802,
    141.26655859325993,
    811.0085516740957,
    525.1683089687955,
    131.11216613914388,
    621.3693222276534,
    130.42334721822692,
    132.30163505335867,
    463.11539537297836
  ],
  "ep_costs_pe": [
    122.90301227379693,
    118.75009732016518,
    129.75869713206922,
    660.2065524959061,
    135.5030609270302,
    129.45925706728332,
    130.61798559855058,
    119.98717026351169,
    136.90289866853928,
    129.7699606759741,
    653.2499979807853,
    132.08739516775907,
    1340.0546819383408,
    120.98553567348662,
    641.2178826039761,
    128.58034460745807,
    130.27506382101828,
    125.35499113665479,
    135.90327814647006,
    620.2583564866225,
    123.7314354227188,
    760.0362749515508,
    140.58726213773275,
    867.6438529137616,
    557.9961535658913,
    131.0464560896145,
    646.226263422416,
    130.10094883822006,
    131.94210161166885,
    472.98896085441703
  ],
  "ep_basins": [
    0,
    0,
    2,
    1,
    2,
    0,
    2,
    0,
    2,
    0,
    1,
    0,
    1,
    2,
    1,
    0,
    2,
    2,
    2,
    1,
    0,
    1,
    2,
    1,
    1,
    2,
    1,
    2,
    2,
    1
  ]
}