{
  "seed": 5555,
  "n_episodes": 30,
  "ep_costs_hdr": [
    603.1974275658023,
    125.90324474267786,
    125.56539546288917,
    126.67581448908506,
    658.6687900404991,
    121.65968193183396,
    128.31491568160334,
    117.06345359692955,
    123.53026328718367,
    118.6311966241307,
    131.03008005898408,
    126.03869036574582,
    122.92927783804987,
    720.1512626749853,
    455.38976868678856,
    516.743078166967,
    116.63294060219692,
    124.36009643068219,
    461.5213718957158,
    446.89840189580866,
    614.3656044915314,
    118.44582908029908,
    118.01701854130638,
    131.52859753563624,
    123.85271606159367,
    118.4997804218158,
    129.8259444801487,
    560.6700884715759,
    131.43955683915038,
    128.955338323595
  ],
  "ep_costs_pe": [
    638.1629692112508,
    125.68304944261259,
    124.60261268707055,
    125.91745169188283,
    657.7644420241335,
    121.99590632889814,
    128.5800619457118,
    116.02095919900415,
    123.1820582993774,
    118.54508193479603,
    130.88549646968488,
    125.87284039654315,
    122.2750641296885,
    774.759818088103,
    462.13850064487457,
    517.7079347846508,
    115.80931068399083,
    122.72659914378758,
    475.2973641983468,
    468.61329916134457,
    609.919952743691,
    117.25226139252942,
    117.69701633250185,
    131.1030839769507,
    121.86525735089768,
    117.89603107060549,
    128.26263477761904,
    585.3500327773045,
    131.08205223680412,
    128.88405292636023
  ],
  "ep_basins": [
    1,
    2,
    0,
    0,
    1,
    2,
    2,
    0,
    0,
    2,
    2,
    2,
    0,
    1,
    1,
    1,
    0,
    0,
    1,
    1,
    1,
    0,
    0,
    2,
    0,
    0,
    0,
    1,
    2,
    2
  ]
}