{
  "seed": 707,
  "n_episodes": 30,
  "ep_costs_hdr": [
    576.6737357956416,
    120.73631382309662,
    118.50143460594634,
    136.87232119618693,
    120.4606160273162,
    415.4778778510922,
    117.62968110122915,
    119.18619207448842,
    130.84062606525373,
    127.94025392186232,
    506.8935121562458,
    574.3423221357909,
    136.2860208254853,
    131.76578211171085,
    506.26963190589447,
    485.2772777808106,
    128.83309585027,
    561.2691091372049,
    126.87744737243659,
    115.91458773129494,
    132.80438522894022,
    125.97043156029606,
    125.19013467767117,
    116.51000786881923,
    128.8279181747475,
    140.21007378516845,
    124.84645644582136,
    125.97666341752858,
    115.059880004568,
    120.10976791720248
  ],
  "ep_costs_pe": [
    605.9353600263443,
    120.57698773739475,
    117.97038500984536,
    134.8588447471093,
    118.82342616723943,
    423.8591593237697,
    117.19290436807123,
    117.91906955888233,
    128.83735492745714,
    128.2082945547376,
    524.6968734402395,
    584.7645887365919,
    136.51903537854162,
    131.1757079324655,
    515.8766126919355,
    495.49096844906137,
    128.00478461990932,
    569.5442050331853,
    126.41180501396776,
    114.71183229929989,
    131.8681180244706,
    125.99786529687536,
    124.93359334070936,
    115.62346057802111,
    128.5604438709135,
    139.85429851506564,
    123.8050953863167,
    125.56445275882734,
    114.23285997156822,
    119.96742630929364
  ],
  "ep_basins": [
    1,
    2,
    0,
    0,
    0,
    1,
    0,
    0,
    0,
    2,
    1,
    1,
    2,
    0,
    1,
    1,
    0,
    1,
    2,
    0,
    0,
    2,
    2,
    0,
    2,
    2,
    0,
    2,
    0,
    0
  ]
}