{
  "seed": 2626,
  "n_episodes": 30,
  "ep_costs_hdr": [
    133.64220333721522,
    145.24441460654094,
    124.54371792262003,
    532.8909664824173,
    129.62629682463836,
    537.6485603728054,
    122.7841635409274,
    123.5146970546234,
    139.8696809638357,
    127.7625999062858,
    568.5034394251226,
    130.21083201230383,
    138.41914152621376,
    729.0947701973803,
    122.3051762174446,
    552.1437112404845,
    124.77940461565161,
    115.20576751625768,
    125.45986396532047,
    640.9354742093454,
    131.9629061317896,
    115.57184233316491,
    120.605129492439,
    121.04589881449972,
    128.80752421197894,
    132.73318862894632,
    117.0023321561596,
    135.59667975531417,
    566.941967081884,
    552.7013774136567
  ],
  "ep_costs_pe": [
    133.0596495826416,
    144.84671876106123,
    124.006225920756,
    538.3710651193345,
    129.26879071967693,
    580.3236301194747,
    121.56351902594743,
    122.29925697097444,
    139.36177312168084,
    126.41887416772128,
    627.2482710285894,
    128.86676741083653,
    138.2338226857427,
    762.5849440979226,
    121.62152603922529,
    594.4928528731884,
    124.41126077675466,
    114.02183778491244,
    124.29668856680655,
    608.2979108850517,
    131.53881443752655,
    114.32494125250106,
    119.97765848145018,
    120.86525497032231,
    127.54357839267614,
    132.1919966645877,
    117.02457630267862,
    135.2841672592127,
    579.2547120784948,
    550.1697548525707
  ],
  "ep_basins": [
    2,
    2,
    2,
    1,
    2,
    1,
    0,
    0,
    2,
    0,
    1,
    0,
    2,
    1,
    0,
    1,
    2,
    0,
    0,
    1,
    2,
    0,
    0,
    0,
    0,
    2,
    0,
    2,
    1,
    1
  ]
}