{
  "seed": 9595,
  "n_episodes": 30,
  "ep_costs_hdr": [
    132.46191485841405,
    137.5220150107181,
    131.11137721562721,
    789.0551575222652,
    133.1929864034223,
    126.89336419577187,
    132.12447461119436,
    125.90843618704857,
    131.7177447533847,
    126.5763181001983,
    573.3415648769799,
    142.4101707140152,
    131.5939070351085,
    124.5192847884652,
    126.56367308340087,
    126.92029011871115,
    130.31824150246277,
    129.9370067296802,
    124.92681766146407,
    685.8770248672447,
    131.13945124749668,
    126.36350521303076,
    128.60952271772098,
    131.46530325510324,
    129.76628133361442,
    450.2338901891832,
    128.17379064068317,
    131.2570052620528,
    119.61075043911093,
    120.3355324241047
  ],
  "ep_costs_pe": [
    130.30408568886043,
    136.60988959989632,
    128.16693106294787,
    862.3104190665293,
    132.41032966137936,
    126.5804352036074,
    131.38676828228506,
    124.97739828255446,
    129.339022038716,
    126.52736489980572,
    599.6499905686032,
    141.08133039799523,
    130.60093464787326,
    124.76211371776688,
    126.57426722637426,
    126.55385336588664,
    130.1894125865547,
    128.52149546355915,
    124.30732335232818,
    710.9662511727969,
    130.22257184748892,
    124.50915519506684,
    128.32254308873866,
    130.55551628922015,
    129.17386321545246,
    514.1942638195122,
    128.78462852582587,
    129.05528720284548,
    118.07054253471273,
    118.60065865848101
  ],
  "ep_basins": [
    0,
    2,
    0,
    1,
    0,
    2,
    2,
    0,
    0,
    2,
    1,
    0,
    0,
    2,
    2,
    2,
    2,
    0,
    0,
    1,
    0,
    0,
    2,
    0,
    2,
    1,
    2,
    0,
    0,
    0
  ]
}