{
  "seed": 6060,
  "n_episodes": 30,
  "ep_costs_hdr": [
    567.4956383833838,
    120.1083652441562,
    768.5996899489053,
    119.94104264867045,
    637.5997556343727,
    835.0428186234006,
    744.1899671927695,
    867.0496335332069,
    654.4552059194722,
    135.31299061494607,
    131.4859326700501,
    140.15603412953752,
    116.38046909138455,
    1085.8888855054565,
    611.6182997796831,
    139.27123415191815,
    124.76538821509203,
    786.6559250092644,
    116.92890122490533,
    131.44078346774168,
    137.896038264733,
    133.22674510249112,
    550.4675207983317,
    130.16580248828475,
    670.9193772908286,
    130.80780612238084,
    1444.9541078291938,
    132.66048940555626,
    696.0400991494728,
    743.1302759336111
  ],
  "ep_costs_pe": [
    593.2178941162081,
    119.8410829852925,
    782.0682469655189,
    119.5575664759622,
    701.046123319495,
    927.11562369932,
    818.3287275972817,
    935.3132287982073,
    710.2769769685705,
    135.11422664608543,
    130.66275150527215,
    139.39890186521276,
    115.10525434995795,
    1254.4384580568985,
    658.2787300895202,
    139.43296080903355,
    124.85536470499903,
    879.4872584579099,
    115.82179143250028,
    130.84913333493128,
    136.97155496167608,
    132.4355691972176,
    573.2551120117439,
    130.02537535951828,
    646.4127933786257,
    130.69420932375445,
    1501.828286394015,
    132.32487834714794,
    794.1037402504699,
    802.1046302503353
  ],
  "ep_basins": [
    1,
    2,
    1,
    0,
    1,
    1,
    1,
    1,
    1,
    2,
    0,
    2,
    0,
    1,
    1,
    2,
    2,
    1,
    0,
    2,
    0,
    2,
    1,
    2,
    1,
    2,
    1,
    2,
    1,
    1
  ]
}