{
  "seed": 7676,
  "n_episodes": 30,
  "ep_costs_hdr": [
    126.49713337214014,
    558.356032692383,
    508.14313619824566,
    743.1341406187529,
    127.21830057302819,
    122.7962952276924,
    541.7711157233078,
    538.5424855668975,
    511.9050924166269,
    129.63606304408074,
    120.9607368937988,
    124.11842694754937,
    133.7561563408525,
    126.63656599712508,
    620.9032666126116,
    407.5659247883283,
    133.73101559390702,
    128.81321547497768,
    122.45835488067083,
    513.8010401703793,
    134.20342191109756,
    132.63032656328846,
    121.70707163059836,
    123.38747900300308,
    129.40254389073218,
    122.9499154569655,
    116.14892102737846,
    124.57787448507824,
    131.0331333738021,
    134.75735652104325
  ],
  "ep_costs_pe": [
    125.44668428010004,
    601.3019711085951,
    540.4800895870507,
    812.0022700245471,
    126.79763541448122,
    122.7240258668693,
    531.4458258521157,
    563.5616459453076,
    561.5191727693483,
    129.48860544614448,
    120.68089697163732,
    122.51987539637113,
    133.3192862978254,
    126.53874787156538,
    673.4232297849886,
    420.4976701287402,
    133.48165758280257,
    128.87029503169134,
    122.30204186922772,
    528.4175270607188,
    134.03408627906927,
    132.7449258223421,
    121.21742026054295,
    122.99948995119308,
    129.64395747007566,
    121.42543301264229,
    115.22633546459053,
    124.31208317807133,
    130.81829415714722,
    134.26777177543298
  ],
  "ep_basins": [
    0,
    1,
    1,
    1,
    2,
    0,
    1,
    1,
    1,
    2,
    2,
    0,
    2,
    2,
    1,
    1,
    2,
    2,
    2,
    1,
    2,
    2,
    0,
    0,
    2,
    0,
    0,
    2,
    2,
    2
  ]
}