{
  "seed": 5050,
  "n_episodes": 30,
  "ep_costs_hdr": [
    587.4437895044891,
    131.48739137609348,
    492.39525283933096,
    130.1822070946209,
    116.81048294103779,
    439.50798018349457,
    641.5980994626873,
    127.85434064674088,
    771.3499165865836,
    123.65148117049121,
    609.5078741340359,
    127.73742090747967,
    517.2414629670013,
    125.33872516340922,
    501.024332781566,
    129.91950154758328,
    121.0950887041532,
    120.89478180098727,
    130.66363427748092,
    134.30185676778862,
    500.2535569070892,
    457.9003389237337,
    133.00166667170149,
    522.2590412772955,
    507.2271456293216,
    624.8382009276536,
    125.25681957333036,
    120.64331929391872,
    126.92223433583601,
    131.35274488138984
  ],
  "ep_costs_pe": [
    601.3771472374817,
    130.90164422572042,
    504.7249950570507,
    130.1390396106676,
    116.14699842295545,
    453.1726263646579,
    696.7402005372797,
    127.28496085870356,
    806.6508588693981,
    123.0581889317811,
    623.9865395722433,
    125.69586793605734,
    534.3734068645306,
    123.36940184904113,
    512.8240687230165,
    129.61842315567353,
    119.94550451566965,
    120.33915425810723,
    130.47073517676014,
    134.17192221262422,
    499.74556816271013,
    460.8126752005846,
    132.78888696771796,
    535.8491409281784,
    512.2005086124076,
    645.2766975179192,
    124.5840538059824,
    118.89773785637271,
    125.4403940458329,
    129.54124003522773
  ],
  "ep_basins": [
    1,
    2,
    1,
    2,
    0,
    1,
    1,
    0,
    1,
    2,
    1,
    0,
    1,
    0,
    1,
    2,
    0,
    0,
    0,
    2,
    1,
    1,
    2,
    1,
    1,
    1,
    0,
    0,
    0,
    0
  ]
}