{
  "seed": 2828,
  "n_episodes": 30,
  "ep_costs_hdr": [
    130.48520694603434,
    126.52133353759372,
    118.51776763184426,
    117.87748505790535,
    635.4985648980372,
    492.3457515311463,
    138.76192071750256,
    124.1984739626005,
    914.7511696984078,
    485.2521784438522,
    565.4174735504539,
    124.1415243645556,
    119.17182710904093,
    519.7824512277559,
    121.99550690601473,
    133.4507861770706,
    112.84869728254978,
    518.53093272361,
    131.8413697006238,
    118.85148950525908,
    605.3832319373009,
    113.46973980769307,
    463.41653993102847,
    123.17791113167259,
    110.86875754133098,
    122.48440386114106,
    129.17548841642778,
    123.10946867735069,
    126.42632853972196,
    132.43177957042533
  ],
  "ep_costs_pe": [
    128.82886345050036,
    125.71766192208683,
    117.5624178747388,
    117.08308628779574,
    624.0515045530846,
    513.667787674649,
    137.92324596165525,
    123.27808194233069,
    910.5328333005149,
    510.29210499002687,
    579.9509115235749,
    123.15445231335609,
    118.62579548642726,
    530.4855206467357,
    119.88665742814317,
    133.09417560604984,
    112.24266262303792,
    502.4759133263707,
    131.829204806367,
    117.73145916927447,
    632.4808786042688,
    111.98516607248364,
    472.301650806266,
    122.27560696313346,
    110.5736848201208,
    122.2292193942128,
    128.70878814146926,
    123.34249230550807,
    126.250368372577,
    131.89774839599235
  ],
  "ep_basins": [
    0,
    0,
    0,
    0,
    1,
    1,
    0,
    0,
    1,
    1,
    1,
    2,
    0,
    1,
    0,
    0,
    0,
    1,
    0,
    0,
    1,
    0,
    1,
    0,
    0,
    2,
    2,
    2,
    2,
    2
  ]
}