{
  "seed": 8383,
  "n_episodes": 30,
  "ep_costs_hdr": [
    127.911825245157,
    588.7463016400993,
    121.22656988514885,
    127.34360829802878,
    118.36895584333152,
    130.18913467601965,
    452.4792420789829,
    614.4992319295056,
    128.9404384505949,
    115.00949261963274,
    132.28760235675068,
    117.8783658259071,
    121.70286991153901,
    130.88118816588496,
    129.1771138263748,
    128.3481876521426,
    429.8557039794462,
    496.2225395738032,
    584.6152171711977,
    588.6533117619767,
    141.59640576339842,
    593.2573103336282,
    688.8100011391225,
    524.2332321079014,
    124.54835131309869,
    121.09568707351615,
    138.28245457144683,
    133.18437135402846,
    462.8940680925635,
    117.6934659696239
  ],
  "ep_costs_pe": [
    127.67446062695484,
    625.5890852936491,
    120.21378102303102,
    127.28876230331093,
    117.53662148888185,
    129.96655929412196,
    460.46700471665883,
    653.0411251277638,
    128.81865282201008,
    113.62933309697183,
    132.05154148796862,
    116.44234777545793,
    121.13639648877387,
    130.97030819720229,
    128.7403324495639,
    127.74684703429209,
    429.10113870601174,
    498.0531367420543,
    602.860627702083,
    550.0030338630614,
    140.41437203360587,
    622.5678233653422,
    758.1083959332088,
    532.6074994949204,
    124.20106813568717,
    120.25740757239798,
    137.34151601375837,
    133.11014872959942,
    458.18717730148916,
    118.192572656811
  ],
  "ep_basins": [
    2,
    1,
    0,
    2,
    0,
    2,
    1,
    1,
    2,
    0,
    2,
    0,
    2,
    2,
    0,
    0,
    1,
    1,
    1,
    1,
    0,
    1,
    1,
    1,
    2,
    0,
    0,
    2,
    1,
    2
  ]
}