{
  "seed": 7272,
  "n_episodes": 30,
  "ep_costs_hdr": [
    118.74194490430946,
    124.76328725805624,
    1037.5481233105852,
    681.2553591456747,
    119.02400722443605,
    613.2516851489252,
    781.2316669426373,
    126.99196438211253,
    127.90229953784349,
    133.49180711756546,
    836.1143164001513,
    737.7088438908859,
    129.22878777466218,
    762.6876304246396,
    899.763607566431,
    136.31152619887166,
    133.26373035882884,
    870.8779251441699,
    129.655972848798,
    120.69738496674262,
    126.22504397099074,
    744.8798568061836,
    117.94823728059444,
    129.50694601796175,
    126.10295229552483,
    115.4578348665317,
    131.71189163400325,
    130.7927626135029,
    131.53507525042454,
    121.41414300650337
  ],
  "ep_costs_pe": [
    118.90664242968828,
    124.25863326884203,
    1077.3921695317247,
    706.9903129562595,
    118.97292617038445,
    638.3879497423268,
    846.2761230589152,
    125.96845630550008,
    127.25716868806772,
    133.139731000159,
    871.8727640516564,
    808.2635576834816,
    128.15140891853622,
    794.4659134113424,
    917.5363282708136,
    136.2072771024411,
    132.87857534806452,
    868.0417447400577,
    129.79723581650896,
    120.09603961989534,
    124.55158345947092,
    775.2468889135433,
    116.4810752985719,
    129.13657392896104,
    125.94915738741948,
    115.50676270338776,
    131.09397058559145,
    129.35987561909405,
    130.16887507958768,
    121.53624245403674
  ],
  "ep_basins": [
    2,
    2,
    1,
    1,
    0,
    1,
    1,
    0,
    0,
    2,
    1,
    1,
    0,
    1,
    1,
    2,
    0,
    1,
    2,
    0,
    0,
    1,
    0,
    2,
    2,
    2,
    2,
    0,
    0,
    2
  ]
}