{
  "seed": 1616,
  "n_episodes": 30,
  "ep_costs_hdr": [
    131.30283166933583,
    129.8087880723611,
    666.1186633605024,
    548.4889986946874,
    123.82409503344721,
    125.54396301562527,
    667.799577458963,
    131.95491906730925,
    133.73024435918364,
    135.77316903296114,
    797.8436590871933,
    130.6894455477113,
    121.21377600806451,
    125.82657960069342,
    127.37501628400054,
    551.5280504236972,
    126.81176107244333,
    117.89634409400189,
    122.33406963013152,
    123.97998871261741,
    126.79201095677361,
    130.70389582996853,
    132.13268901468902,
    123.53893252293571,
    118.1942579232267,
    129.60475107676717,
    539.8927838907151,
    119.24012564408955,
    692.6887626138565,
    910.9590257116397
  ],
  "ep_costs_pe": [
    131.06438091102729,
    129.74903702113048,
    722.3112464575044,
    590.0326206531812,
    122.83093319189518,
    124.39386091514726,
    714.9342201232149,
    131.66450402316713,
    133.3499740860991,
    135.18232413387292,
    805.5739908756179,
    129.94665866114596,
    119.30048958884149,
    125.38094343613133,
    125.86945846400624,
    598.1592046837766,
    126.45534853345292,
    116.89585890831903,
    122.0737255440371,
    123.35645473391823,
    126.52164278704666,
    130.28707873728314,
    131.76569264498508,
    123.26124065404491,
    117.113550870371,
    129.40974057841663,
    579.6959484358538,
    118.89401800883275,
    736.3967635017216,
    964.2035983634961
  ],
  "ep_basins": [
    2,
    2,
    1,
    1,
    0,
    0,
    1,
    2,
    2,
    0,
    1,
    0,
    0,
    0,
    0,
    1,
    2,
    0,
    2,
    2,
    2,
    2,
    2,
    0,
    0,
    0,
    1,
    2,
    1,
    1
  ]
}