{
  "seed": 7070,
  "n_episodes": 30,
  "ep_costs_hdr": [
    118.46708434684548,
    118.12788201985963,
    882.2045694255708,
    116.2756086741513,
    130.8734947545224,
    123.65335015274479,
    947.5106293679714,
    368.68580000926545,
    124.44358087888779,
    655.8539661915855,
    122.2507868052477,
    120.7956754224942,
    965.469414935258,
    130.04348001086538,
    133.54626698420165,
    519.3561443224427,
    128.3845328464578,
    115.6657084725512,
    125.61708895140157,
    564.7201135199073,
    127.52673738930473,
    122.14369732647907,
    128.2070293925931,
    124.52954224724367,
    128.02757298744308,
    893.5235675552176,
    126.3906175484535,
    603.6567113891634,
    116.44229035763966,
    125.21341892592235
  ],
  "ep_costs_pe": [
    118.24309653178157,
    116.70013115260689,
    897.8980923148272,
    116.5836189448386,
    129.18639443836906,
    123.68596176971181,
    1042.5004829338982,
    375.2341313079324,
    123.9298989301654,
    739.4335340241157,
    121.85966466763766,
    120.3453843637481,
    1050.2931336903675,
    129.33073409243875,
    133.35031593399557,
    485.6817058412794,
    128.08051153257173,
    115.63239536870219,
    125.58289810834752,
    594.9197573819744,
    127.6074278191749,
    122.14176627572067,
    128.11308155518668,
    124.57668002781499,
    127.29272321823868,
    961.8465571057861,
    125.75561638934161,
    639.6430334785414,
    116.4489511418876,
    124.97640352606392
  ],
  "ep_basins": [
    2,
    0,
    1,
    2,
    0,
    2,
    1,
    1,
    0,
    1,
    0,
    2,
    1,
    0,
    0,
    1,
    2,
    0,
    2,
    1,
    2,
    2,
    2,
    2,
    2,
    1,
    2,
    1,
    2,
    0
  ]
}