{
  "seed": 8585,
  "n_episodes": 30,
  "ep_costs_hdr": [
    116.00071126549764,
    600.9184728869944,
    936.3023419080698,
    796.627162856322,
    129.9546924278708,
    131.63576164797638,
    120.97388696645585,
    652.1560969436664,
    130.4643307998182,
    596.8057495465991,
    132.0447931569357,
    123.423596728891,
    597.286299534794,
    128.00596602614402,
    130.8674745870039,
    125.77073825326416,
    132.8962408720546,
    118.48315609110645,
    755.794023200993,
    125.29610575518565,
    119.36772440266327,
    597.0946989795559,
    129.1318378713198,
    130.6165750811103,
    629.3361523577125,
    126.14255122424602,
    682.2229785701184,
    124.27188455156157,
    714.1691750573528,
    126.48460404043016
  ],
  "ep_costs_pe": [
    115.44579379177051,
    622.2575521602787,
    1003.7660515757168,
    848.0817813980547,
    129.24202058019935,
    131.30215857225764,
    120.6681123206492,
    665.3901282917618,
    129.96990300719463,
    599.2443072249869,
    131.29900384472106,
    123.23040132242167,
    592.8905440424367,
    126.80425766953473,
    130.17533476817428,
    125.20449797821787,
    130.52180033716576,
    116.91110372875211,
    767.2776458526936,
    125.03596560754353,
    119.40745736259876,
    627.1859819010836,
    129.26180146742198,
    129.94358454517246,
    601.2841331669347,
    125.35586730557304,
    705.4752193178448,
    123.75427244165881,
    739.0045361756654,
    126.15791177593886
  ],
  "ep_basins": [
    0,
    1,
    1,
    1,
    0,
    2,
    2,
    1,
    2,
    1,
    0,
    2,
    1,
    0,
    0,
    2,
    0,
    0,
    1,
    0,
    2,
    1,
    0,
    2,
    1,
    0,
    1,
    2,
    1,
    2
  ]
}