{
  "seed": 6363,
  "n_episodes": 30,
  "ep_costs_hdr": [
    385.6619426343849,
    127.3286386860086,
    598.8457229733594,
    127.95877613196097,
    421.4439933115535,
    128.47215268325618,
    434.0440842452815,
    120.57539984257069,
    129.082016191064,
    716.3035705371875,
    129.79771346099284,
    132.4080762099277,
    126.34859617424081,
    596.8424903527342,
    637.8533034998288,
    119.81689684610414,
    527.829964310752,
    120.40423774027703,
    616.1596948411975,
    122.8568833707062,
    130.18931845610223,
    126.3841834621974,
    531.0969661809625,
    121.71682154562377,
    657.9508802065027,
    132.7399413264301,
    126.1361471416485,
    124.73038554939076,
    595.7430628725327,
    131.14316693293722
  ],
  "ep_costs_pe": [
    385.31190531475704,
    127.28298215919884,
    589.1439430833397,
    127.29833245975232,
    428.48821237228367,
    128.04829650563056,
    435.513291983229,
    120.06291385764116,
    128.1209262905459,
    704.289753416482,
    129.42490006390517,
    131.86833577338683,
    126.0631759151529,
    618.2322888123556,
    649.1144210067761,
    118.73810256605798,
    546.5839053283623,
    118.86182174275086,
    647.9848271041797,
    122.70531254339376,
    129.98840409891972,
    126.38620507092426,
    511.40425121612486,
    120.41792352549263,
    673.4438472893098,
    132.29670479609146,
    126.04856658347343,
    124.01182015091585,
    636.7816412920176,
    130.79860815935288
  ],
  "ep_basins": [
    1,
    2,
    1,
    2,
    1,
    2,
    1,
    0,
    2,
    1,
    2,
    0,
    2,
    1,
    1,
    0,
    1,
    0,
    1,
    2,
    2,
    2,
    1,
    0,
    1,
    2,
    2,
    2,
    1,
    2
  ]
}