{
  "seed": 6868,
  "n_episodes": 30,
  "ep_costs_hdr": [
    516.8134443509189,
    116.70822595613645,
    126.45775004635449,
    128.6070042630796,
    120.6841735342867,
    120.65444221437085,
    122.70888406807414,
    126.29479266907487,
    125.07234609179346,
    119.83495628815609,
    117.88710505081137,
    137.8599864560666,
    121.29924237835928,
    125.5766275507262,
    134.21414254943826,
    467.7215855505452,
    131.0160143014068,
    474.3112273302741,
    111.77681557764342,
    128.291426186811,
    119.07551926909233,
    745.5430852111083,
    123.10556794177465,
    128.56965368522538,
    114.61824606992963,
    129.30190773075088,
    704.5037700159046,
    565.2273267697386,
    123.67290482951742,
    499.19730138907545
  ],
  "ep_costs_pe": [
    507.7217302534321,
    115.68692753953992,
    125.57304640097139,
    128.16317601513776,
    119.55022805448837,
    120.2586446884466,
    121.34599358552077,
    126.34168334811247,
    125.56917747171308,
    119.55303159120841,
    117.37043299285746,
    137.83302501396432,
    120.19966382201292,
    125.04394824106996,
    133.49275637531318,
    478.82629167740015,
    130.08652330354187,
    474.67451429182415,
    110.43801519991604,
    127.4497599022638,
    118.69224682906916,
    763.0665022824328,
    122.65517404783141,
    127.96677277346804,
    113.6873582837152,
    129.4252887573511,
    740.3278164583943,
    554.9692016761842,
    123.24706881464897,
    500.97830668397046
  ],
  "ep_basins": [
    1,
    0,
    0,
    0,
    0,
    2,
    0,
    2,
    2,
    0,
    0,
    2,
    0,
    2,
    2,
    1,
    0,
    1,
    0,
    2,
    0,
    1,
    0,
    0,
    0,
    2,
    1,
    1,
    2,
    1
  ]
}