{
  "seed": 505,
  "n_episodes": 30,
  "ep_costs_hdr": [
    132.99590062138685,
    609.0887012777744,
    135.50168970600006,
    132.92594028186772,
    135.62618160241237,
    121.5084813401116,
    136.89096133499456,
    134.50335137712446,
    126.14353521934547,
    797.6718127031348,
    129.3069792472277,
    818.6016200611964,
    121.95398128218032,
    133.46242466925412,
    542.1276470740818,
    125.08847820810433,
    126.14566063225324,
    555.1744253932939,
    128.49138376778836,
    774.0480705953354,
    121.0358197941917,
    742.3951102438745,
    834.1467862445651,
    113.18725789816192,
    117.98965284866046,
    128.23999201965276,
    128.8944107223023,
    941.754948979571,
    118.55371331902762,
    123.7645297758243
  ],
  "ep_costs_pe": [
    132.69761856650956,
    645.1012904950729,
    134.52773087622472,
    132.3730870781814,
    135.16946720803097,
    121.72139400316982,
    136.3382511310914,
    133.5603040619455,
    126.27478384207319,
    792.4349134840157,
    129.08931865423654,
    865.1434152733563,
    121.07987798197804,
    133.1090978440846,
    559.9143486775242,
    123.8006063431825,
    124.46432394754245,
    575.0173973933818,
    127.83777030306018,
    820.8510600428483,
    119.77263795850689,
    767.6418676747098,
    903.0617244122718,
    113.0000460813037,
    117.16751232610422,
    126.4703752855013,
    129.02304928441953,
    1008.4984237734366,
    116.67121730441283,
    121.58760086903645
  ],
  "ep_basins": [
    0,
    1,
    0,
    0,
    0,
    2,
    2,
    0,
    2,
    1,
    2,
    1,
    0,
    2,
    1,
    0,
    0,
    1,
    2,
    1,
    0,
    1,
    1,
    2,
    0,
    0,
    2,
    1,
    0,
    0
  ]
}