{
  "seed": 4141,
  "n_episodes": 30,
  "ep_costs_hdr": [
    124.49333964527862,
    125.02921149971715,
    126.20922493328634,
    125.47805710302944,
    127.34841770313955,
    118.67854644837391,
    627.4417772166099,
    733.3359085034764,
    460.07238020259956,
    117.97521909126452,
    128.6454230511898,
    742.8353811354355,
    126.3058373213815,
    743.1414762369575,
    134.09413712009646,
    119.97235801335341,
    130.10766006959798,
    124.16568441426656,
    119.10746325928298,
    122.82802533740468,
    119.27076104097418,
    661.5878610517718,
    118.72028562297672,
    125.35177970400514,
    115.38621129440351,
    134.2856048291641,
    122.71593822264573,
    122.76880479905196,
    498.194285241745,
    120.46828932755598
  ],
  "ep_costs_pe": [
    124.21631393834598,
    125.23937480027058,
    125.21173594740254,
    124.84436042139575,
    126.85781395633832,
    119.34759365931522,
    681.1681775817425,
    780.6124079021041,
    480.90037790283213,
    117.32618768699645,
    127.77971599583768,
    718.3951811221172,
    123.79039854695525,
    766.0029715890201,
    133.82364931447,
    119.99857167727785,
    129.51118118506673,
    124.3090498845954,
    118.90009400084915,
    122.92458670375646,
    119.29621157520431,
    704.1931409641629,
    118.22765039819512,
    124.34857532083849,
    115.52208428011008,
    133.69488289746963,
    123.07695910086939,
    122.3052129469192,
    503.70630166028525,
    119.57499994528574
  ],
  "ep_basins": [
    2,
    2,
    0,
    0,
    2,
    2,
    1,
    1,
    1,
    2,
    2,
    1,
    0,
    1,
    2,
    2,
    0,
    2,
    0,
    2,
    2,
    1,
    0,
    0,
    2,
    2,
    2,
    0,
    1,
    2
  ]
}