{
  "seed": 6969,
  "n_episodes": 30,
  "ep_costs_hdr": [
    136.12188242966315,
    122.36745074359821,
    134.52815466861057,
    138.45456017516065,
    1447.439216549185,
    131.98205923953176,
    123.05467126056271,
    130.35777227998076,
    124.481758422558,
    133.87483866273894,
    125.03165049222785,
    1138.6674217684015,
    118.37279394869137,
    134.9794347309962,
    126.425697055908,
    1334.9848370906784,
    123.53261550969778,
    118.7452077166321,
    134.69528057562962,
    127.34608950131567,
    127.56557586241746,
    129.34537793200363,
    144.92577159193453,
    122.41173110444105,
    894.7157092327567,
    114.27427039917605,
    1032.2773696230013,
    132.477299426863,
    118.43589232402859,
    972.89289412044
  ],
  "ep_costs_pe": [
    134.28146637650045,
    121.89808703014813,
    133.63637060624626,
    138.5269265450856,
    1604.3488922170507,
    131.6385995472862,
    123.08019621369277,
    128.7166229156076,
    124.3671806827827,
    133.85339961592362,
    124.9921623318367,
    1253.1494836635172,
    117.76502084848036,
    134.3671859080499,
    123.67466769098293,
    1420.4057721519475,
    123.64704909762766,
    118.51648587029514,
    134.5716889540584,
    127.33939372947764,
    127.43032803826677,
    126.75318619191442,
    142.77074906019146,
    122.40782862656421,
    937.3792939113831,
    113.09497089654512,
    1177.044768912607,
    131.96145102958243,
    117.39491587043399,
    1033.4613893896806
  ],
  "ep_basins": [
    0,
    0,
    0,
    0,
    1,
    2,
    0,
    0,
    2,
    2,
    2,
    1,
    0,
    0,
    0,
    1,
    2,
    2,
    2,
    2,
    0,
    0,
    0,
    0,
    1,
    0,
    1,
    2,
    0,
    1
  ]
}