{
  "seed": 303,
  "n_episodes": 30,
  "ep_costs_hdr": [
    135.32464152571794,
    780.8417320919117,
    124.94812117944228,
    122.01649258781633,
    125.55000580965415,
    130.3533303139,
    128.68456663422631,
    391.79287389814016,
    122.02608648340593,
    529.9333373812581,
    119.0941476451203,
    125.14472655600972,
    129.1220009640986,
    121.79398116675773,
    125.2006689444479,
    128.66270109836861,
    128.00945746619584,
    529.5097028831735,
    129.7095468671231,
    127.13691144981496,
    122.96845509148419,
    127.81100101564772,
    533.4565886115306,
    731.6319417834608,
    128.81246017613836,
    138.19224519761858,
    130.61122723840646,
    127.83913289346674,
    130.72973899355043,
    135.1767263783891
  ],
  "ep_costs_pe": [
    133.69995265832637,
    751.3859863726042,
    124.09598929782176,
    121.90133700439594,
    125.13653526045636,
    130.08799773862904,
    128.69186809349546,
    382.6143486811934,
    121.77634912657125,
    561.7282432089036,
    118.76125967191949,
    123.88554656150875,
    127.74887970415266,
    121.8557815636211,
    124.94132245573445,
    128.4192649851699,
    128.24108705723918,
    552.8960793862142,
    129.84778207504962,
    127.0979472403851,
    122.84912199830065,
    126.63430095890118,
    548.7328324362852,
    785.6107980663307,
    128.712450717665,
    136.20177031339927,
    130.25649659140916,
    126.58669848100473,
    130.18008765004396,
    134.46389763427928
  ],
  "ep_basins": [
    0,
    1,
    0,
    2,
    2,
    0,
    2,
    1,
    2,
    1,
    2,
    0,
    0,
    2,
    2,
    2,
    2,
    1,
    2,
    2,
    2,
    0,
    1,
    1,
    2,
    0,
    2,
    0,
    2,
    0
  ]
}