{
  "seed": 9393,
  "n_episodes": 30,
  "ep_costs_hdr": [
    121.70081767123386,
    674.2376964855279,
    136.60860811554798,
    773.7297279931785,
    128.36087136591271,
    125.94108513912545,
    134.65030706570352,
    125.8594435045159,
    125.8326917030892,
    127.31785093229159,
    132.72730596244978,
    128.74353820904417,
    127.40960028292955,
    130.1029755702059,
    117.03405434077034,
    128.77524722384214,
    121.97642205962757,
    128.87681769754266,
    614.8120997664432,
    650.1354385125867,
    133.53297870000554,
    735.4112868332062,
    530.1180778690663,
    124.01460790233975,
    141.9248836381884,
    589.1985513057004,
    131.57768607135606,
    559.3862559688523,
    607.198561995824,
    707.3176554061455
  ],
  "ep_costs_pe": [
    120.2130148149322,
    692.0054137104516,
    136.01529597163355,
    839.5720182800301,
    128.15649812843537,
    125.84508191477602,
    133.80184933757252,
    125.24405115312929,
    125.95963177444563,
    126.5101117796411,
    132.4630415772733,
    128.70919153969172,
    127.10048559798459,
    129.7563341692332,
    116.50365806720625,
    127.53220462919406,
    121.65344105841294,
    128.96095221946965,
    641.436187614447,
    695.9374765075027,
    133.51725352529817,
    786.4380173461783,
    548.8379908263685,
    123.98115988579663,
    142.261927719965,
    578.9440815827795,
    131.53664784025634,
    578.8709271629294,
    620.0845958139506,
    750.8859373394087
  ],
  "ep_basins": [
    0,
    1,
    0,
    1,
    2,
    2,
    0,
    2,
    2,
    0,
    2,
    2,
    2,
    2,
    0,
    0,
    0,
    2,
    1,
    1,
    2,
    1,
    1,
    2,
    2,
    1,
    2,
    1,
    1,
    1
  ]
}