{
  "seed": 5454,
  "n_episodes": 30,
  "ep_costs_hdr": [
    556.4709364236303,
    119.91938373661769,
    130.14965008111062,
    645.7367629394153,
    419.2823304767368,
    120.52549996943104,
    412.19728953211353,
    125.78869634810863,
    134.0533401596999,
    126.96811564707694,
    128.96007354672446,
    490.49936372680236,
    503.84107651839923,
    120.49146205140228,
    132.2879163551826,
    510.90861970180174,
    500.0852285118659,
    131.83850425060757,
    136.05134465719934,
    442.7767241880423,
    134.3072043430412,
    966.615252821942,
    434.34440195596324,
    696.5438846626841,
    121.79891031902454,
    127.82040037374999,
    130.26708762588734,
    135.6131962387485,
    484.0061898508083,
    471.01954683643777
  ],
  "ep_costs_pe": [
    575.3611329937397,
    119.99014792247264,
    128.59621409474184,
    694.8074975903397,
    433.4032668297551,
    120.17626974799207,
    435.6581939045291,
    125.54134588446007,
    134.02600335488563,
    127.01233530250346,
    127.93844889719013,
    504.32446348897355,
    521.8571951572605,
    120.54146707823004,
    131.6862708694924,
    509.6473156695773,
    515.7176915604618,
    131.3453702039354,
    135.8128788299633,
    446.89500475085123,
    132.98035266673415,
    1014.7098316662634,
    435.3156438226143,
    736.2951456333434,
    121.67547730805785,
    124.99765766985851,
    129.74525202040144,
    134.97993286412486,
    512.7450357763663,
    480.37298762015996
  ],
  "ep_basins": [
    1,
    2,
    0,
    1,
    1,
    2,
    1,
    2,
    2,
    2,
    0,
    1,
    1,
    2,
    0,
    1,
    1,
    2,
    2,
    1,
    0,
    1,
    1,
    1,
    2,
    0,
    2,
    2,
    1,
    1
  ]
}