{
  "seed": 8787,
  "n_episodes": 30,
  "ep_costs_hdr": [
    129.9228001435144,
    366.498395443527,
    418.96095058108233,
    125.47146289947241,
    127.50091268721313,
    139.2715208840036,
    419.96614628594125,
    127.86433168625075,
    123.13436943112124,
    546.7990525927822,
    473.9261664535212,
    126.07232450865067,
    129.07139482739487,
    114.34772929175446,
    563.0749147738974,
    646.8234566475901,
    124.64869781420461,
    125.42302212911201,
    133.020561720038,
    123.35903647771597,
    121.58993811347034,
    123.35350508793937,
    922.1064548476196,
    606.8666003676459,
    674.2624218584573,
    130.30993021650417,
    124.80279713825877,
    110.66563729345343,
    541.1790619434272,
    531.1977546986022
  ],
  "ep_costs_pe": [
    129.87970434962128,
    368.3813090436674,
    414.16949801227975,
    125.58212393258442,
    127.20705200991306,
    138.34370071810375,
    414.34878180175,
    128.07122875874512,
    123.17419135825877,
    571.2304665459056,
    488.85585642788277,
    126.07299599423025,
    126.43768061580201,
    113.77514825131078,
    549.0113191288611,
    655.7431832854722,
    122.97613314919394,
    124.78260778612477,
    132.30292444432018,
    123.72960896192562,
    121.3798627978972,
    123.17710482354502,
    1007.2645152933519,
    636.3809403953686,
    711.1022917815262,
    128.9160102657994,
    124.85210478653255,
    110.6737467659302,
    523.123224036938,
    525.584795566225
  ],
  "ep_basins": [
    2,
    1,
    1,
    2,
    2,
    0,
    1,
    2,
    2,
    1,
    1,
    0,
    0,
    0,
    1,
    1,
    0,
    2,
    0,
    2,
    2,
    2,
    1,
    1,
    1,
    0,
    2,
    0,
    1,
    1
  ]
}