{
  "seed": 9898,
  "n_episodes": 30,
  "ep_costs_hdr": [
    134.63967385717655,
    758.8055442194222,
    878.4977415676769,
    1375.3163587926024,
    119.4723450782211,
    125.57843490299993,
    124.77728153670688,
    128.1586863652321,
    130.80606712097847,
    125.27579429346478,
    1262.8878620279713,
    133.830099582406,
    1342.9325382592665,
    972.9050181249909,
    118.66282246793699,
    122.62060277983154,
    124.54286751688868,
    140.4673228365027,
    142.1133960104715,
    120.12874822813251,
    132.5742888290406,
    890.1722409825369,
    120.93382597742824,
    128.6916630985437,
    124.84904066837555,
    118.01510068195141,
    135.32937689771933,
    143.20350119797408,
    129.24543981600655,
    1718.498131321808
  ],
  "ep_costs_pe": [
    133.62351549459376,
    777.6638523053641,
    881.5800499053638,
    1411.3835187405573,
    118.66450266538105,
    124.60212809485733,
    124.1424938181279,
    127.73865937274633,
    129.93749088378652,
    125.32440114530768,
    1256.1735459207184,
    133.58542107918186,
    1389.0098050317192,
    1048.8256187701988,
    118.08982983543194,
    122.46180034515324,
    124.46633117921341,
    140.18452827980488,
    142.14626532706174,
    120.29464194539256,
    131.96659487288503,
    912.8926510206234,
    121.02004919283813,
    127.69033287478658,
    124.47896515113258,
    118.38184224038277,
    134.88645539258937,
    143.03127399723954,
    129.24677059774652,
    1898.0951187441328
  ],
  "ep_basins": [
    0,
    1,
    1,
    1,
    0,
    0,
    0,
    2,
    2,
    2,
    1,
    2,
    1,
    1,
    0,
    0,
    2,
    2,
    2,
    2,
    0,
    1,
    2,
    0,
    2,
    0,
    2,
    0,
    2,
    1
  ]
}