{
  "seed": 10100,
  "n_episodes": 30,
  "ep_costs_hdr": [
    117.4243281963225,
    119.42668502430425,
    461.5716013443538,
    697.3180403494979,
    128.9229165464755,
    116.53613438538798,
    114.92978488164307,
    119.08077542792654,
    391.98989003252893,
    523.1202962084344,
    128.2440018735122,
    133.04508829410608,
    131.61686727538736,
    123.92647465948666,
    461.9389578990902,
    127.16165343812268,
    129.7921052260906,
    115.75589693925794,
    118.62909426069398,
    119.85264635609349,
    109.01177160162177,
    127.10217191089832,
    133.65359393388863,
    130.8976480085121,
    641.2744319638485,
    123.26495315604578,
    678.9383732371717,
    119.62633361674892,
    130.81914962410602,
    114.57937288223073
  ],
  "ep_costs_pe": [
    117.50350728836565,
    118.39133475009447,
    462.3759355354638,
    741.7576117131432,
    128.06711097451372,
    116.76466064319055,
    114.52874280995296,
    118.89423502343286,
    398.90039893724224,
    515.6431667108543,
    126.37186771820241,
    132.80414408715447,
    130.83679798647776,
    123.21567509183866,
    473.0151939191154,
    127.43274176988704,
    129.5764743749356,
    115.55551029161698,
    117.65910380171955,
    119.51025394721952,
    108.65050011354866,
    126.78494878034594,
    133.61231546245295,
    129.49095097724629,
    666.1640911745992,
    123.2820695388988,
    738.2385441860775,
    119.15939593586074,
    130.7109820970929,
    114.01691061115474
  ],
  "ep_basins": [
    2,
    0,
    1,
    1,
    2,
    2,
    0,
    0,
    1,
    1,
    0,
    2,
    2,
    0,
    1,
    2,
    2,
    0,
    0,
    0,
    0,
    2,
    2,
    0,
    1,
    2,
    1,
    0,
    2,
    0
  ]
}