{
  "seed": 5252,
  "n_episodes": 30,
  "ep_costs_hdr": [
    528.5092915089142,
    132.19511947071302,
    730.0353004930633,
    519.8297618161704,
    124.47940367036401,
    122.65167186578972,
    459.7110770345379,
    130.27814886461852,
    127.87019265093777,
    123.6861508128617,
    116.91563065405354,
    133.52108109313906,
    693.7851728644218,
    138.40340303628741,
    578.1264372077715,
    492.52390955680823,
    119.9350484095359,
    516.0712685719534,
    506.59332218910646,
    130.02027183851246,
    129.40944917472407,
    489.74473423533743,
    129.78392144357204,
    121.1131734670825,
    128.20818623325394,
    494.07037394696596,
    124.30297848100578,
    130.31176308283173,
    122.30888340256418,
    124.0507619193229
  ],
  "ep_costs_pe": [
    558.8923485987249,
    131.63257625880925,
    784.8437490925396,
    517.0971073907155,
    123.88077439216273,
    122.09947644613389,
    470.4799091572433,
    127.63671929997469,
    126.81055177786791,
    123.59239476609916,
    116.60508136238472,
    133.0131752710132,
    736.4615691076285,
    137.63383995200707,
    568.8378524482163,
    543.2199586731927,
    118.50688663265473,
    494.26597418680063,
    532.302038368416,
    130.13386267392147,
    128.40746228333248,
    534.7416346264598,
    128.69580011386108,
    120.02644525466633,
    128.06435480570377,
    518.0231353716409,
    123.53328060471445,
    129.91723044076122,
    121.53191109557287,
    123.45506074140374
  ],
  "ep_basins": [
    1,
    0,
    1,
    1,
    0,
    2,
    1,
    0,
    0,
    2,
    2,
    2,
    1,
    2,
    1,
    1,
    0,
    1,
    1,
    2,
    0,
    1,
    0,
    0,
    2,
    1,
    2,
    2,
    0,
    0
  ]
}