{
  "seed": 1919,
  "n_episodes": 30,
  "ep_costs_hdr": [
    124.50960820243846,
    128.0347612515091,
    126.94744686114107,
    133.53545335821826,
    121.01152562640054,
    120.84534314365456,
    126.05187161019023,
    119.15208959352434,
    119.8743334573873,
    705.4980619855684,
    118.36302076955971,
    585.5024373194276,
    128.7066239744835,
    123.66201296452303,
    124.63652726901846,
    443.7435878782904,
    137.94074627276547,
    120.87804270133654,
    118.43387629823603,
    118.12732957269489,
    133.16801618599118,
    122.68617611194503,
    131.177341431402,
    125.64101261098725,
    457.77289394893694,
    127.62165521737676,
    127.36618105280307,
    128.78673494296254,
    513.9011458232284,
    122.58921379097833
  ],
  "ep_costs_pe": [
    123.909841283827,
    127.26436774842192,
    127.00754270813859,
    133.62539001889624,
    119.71045636671427,
    120.65719539701284,
    126.06160502248682,
    119.01426896312522,
    119.68816466527137,
    788.8260736308398,
    117.94201345241532,
    653.175013743785,
    127.69979415336638,
    120.53817222392422,
    124.91479204860984,
    448.22724301756364,
    136.84054307872688,
    120.29567214015606,
    117.95719013647938,
    117.27784804404331,
    133.19272484921947,
    122.55228647540274,
    130.36327490421309,
    124.81031253565511,
    467.06127377611836,
    127.73160011435017,
    126.97796006110696,
    128.31827425436757,
    545.6206696238673,
    122.35788969741918
  ],
  "ep_basins": [
    2,
    0,
    2,
    2,
    0,
    2,
    2,
    0,
    2,
    1,
    0,
    1,
    0,
    0,
    2,
    1,
    0,
    0,
    2,
    0,
    2,
    2,
    0,
    0,
    1,
    2,
    2,
    0,
    1,
    2
  ]
}