{
  "seed": 6565,
  "n_episodes": 30,
  "ep_costs_hdr": [
    117.48636681020717,
    1269.1254783397198,
    127.62706161759677,
    129.34214749037002,
    112.03645440169838,
    781.1196201364347,
    122.19363977305154,
    126.72451277138036,
    133.2084260472035,
    119.1407585205182,
    129.36282560134697,
    791.8086497088127,
    125.22715187866362,
    126.02396098246655,
    789.5889406351838,
    128.79947348200594,
    118.64175719350135,
    1369.3706768635652,
    125.20691296305917,
    123.28199554724848,
    136.29330636373822,
    121.0458060717176,
    742.4008725326818,
    115.15674609397244,
    120.38318999454168,
    1172.079534027647,
    1021.602787429049,
    852.069121772132,
    122.72822079370748,
    124.75933602175328
  ],
  "ep_costs_pe": [
    117.82234269907495,
    1276.881054983439,
    126.5971908803253,
    128.83862686335667,
    111.60211427316476,
    760.7187438322557,
    120.57640261857235,
    125.31436270113802,
    132.31054680640014,
    118.2270233095572,
    129.00451187411713,
    847.5199444898645,
    125.4598625493379,
    125.77011576184321,
    880.5207545906327,
    128.53860329929915,
    117.84003411681151,
    1478.904380885858,
    124.98347238402064,
    123.06532435071527,
    136.36662758708178,
    120.65398539717908,
    773.7599860878559,
    114.62958481407956,
    119.28661423139917,
    1160.5141821626717,
    1078.2553811884957,
    954.0284857600227,
    122.59045348460782,
    125.10198105616527
  ],
  "ep_basins": [
    2,
    1,
    0,
    2,
    0,
    1,
    0,
    0,
    0,
    0,
    2,
    1,
    2,
    2,
    1,
    2,
    0,
    1,
    2,
    2,
    2,
    0,
    1,
    0,
    0,
    1,
    1,
    1,
    2,
    2
  ]
}