{
  "seed": 6767,
  "n_episodes": 30,
  "ep_costs_hdr": [
    127.68435162486321,
    127.74026728306094,
    128.10649510214697,
    129.45697389986222,
    125.34709569261884,
    683.0469404598546,
    125.65295981598318,
    125.001684882617,
    698.9630647652874,
    126.23325536515016,
    118.7529663652633,
    124.57909651006288,
    128.53761696494024,
    829.3473373764554,
    126.49026535848402,
    128.34793624745174,
    127.32316283230017,
    130.221300665535,
    118.50734515846881,
    532.5708787411021,
    711.206085185275,
    131.99973134821062,
    608.2917363455942,
    119.72907757689592,
    123.59088184542593,
    133.6431505377989,
    118.71239593929458,
    128.14147803996372,
    737.6692828398691,
    802.965081142636
  ],
  "ep_costs_pe": [
    126.38753878905561,
    126.23599189490142,
    128.03518619921135,
    129.14367760844368,
    123.48347335106288,
    759.5565712469419,
    125.9750284146359,
    124.87135800315292,
    743.0355493266223,
    125.98297363837717,
    118.43888787097752,
    123.698612117792,
    128.33416383865514,
    851.2361900715495,
    126.15802919172596,
    128.52517189611154,
    126.62986581867739,
    129.9797028342089,
    118.67505643174876,
    566.5833039414578,
    720.1565564818392,
    131.24363552319295,
    645.0437965921452,
    118.42254354808358,
    123.269293491809,
    132.94813771308165,
    118.58223197519,
    128.03257888110087,
    785.0489237160228,
    866.2032385483535
  ],
  "ep_basins": [
    0,
    0,
    2,
    2,
    0,
    1,
    2,
    2,
    1,
    2,
    0,
    0,
    2,
    1,
    2,
    2,
    2,
    2,
    2,
    1,
    1,
    0,
    1,
    0,
    2,
    2,
    2,
    2,
    1,
    1
  ]
}