{
  "seed": 2525,
  "n_episodes": 30,
  "ep_costs_hdr": [
    129.15782095930118,
    140.56841189718975,
    553.6580400004052,
    133.31359495369756,
    118.70054290011825,
    127.68699214709042,
    125.70297948929091,
    132.20866008556072,
    134.3500469399439,
    499.4530372315483,
    132.3268971238111,
    516.9487676590593,
    125.91261849932384,
    476.1406026217086,
    127.44773463489598,
    453.0403034445646,
    395.92193333189306,
    121.6517109864949,
    121.65749854251547,
    129.4688182894237,
    122.5545179120601,
    130.42129181089066,
    381.5804198052597,
    139.00072200547936,
    130.9592402311379,
    126.53735691861884,
    115.03256808947816,
    427.3652966657394,
    128.89044366435718,
    130.25958197489973
  ],
  "ep_costs_pe": [
    127.8480171370526,
    140.32547192989986,
    558.9818580410431,
    132.67315291176942,
    118.41623916438279,
    126.06358287319958,
    125.2948322549472,
    132.39481584185364,
    132.20359290444324,
    490.19920755774046,
    131.78040271584783,
    517.7940304529735,
    124.55783823201087,
    494.7080710677227,
    127.6889310505627,
    480.87487880839615,
    400.70463795468925,
    121.65107453654318,
    121.79595440311235,
    128.6129449510403,
    121.9874464383027,
    129.45122288910494,
    381.41415249616085,
    137.74027673334524,
    130.96865187406817,
    126.44679992079679,
    113.1531389117179,
    411.37275955765193,
    127.69263345973675,
    130.11054707017652
  ],
  "ep_basins": [
    0,
    2,
    1,
    0,
    0,
    0,
    0,
    2,
    0,
    1,
    0,
    1,
    0,
    1,
    2,
    1,
    1,
    2,
    2,
    2,
    0,
    0,
    1,
    0,
    2,
    2,
    0,
    1,
    0,
    2
  ]
}