{
  "seed": 3838,
  "n_episodes": 30,
  "ep_costs_hdr": [
    137.280778896509,
    127.65651396029219,
    128.14685853246502,
    118.88497434395101,
    122.3899061351152,
    125.52781084571048,
    129.77114546296622,
    436.62126067872265,
    519.4923220993169,
    127.22060507028178,
    121.58141036519639,
    126.66278937050684,
    130.81587771067834,
    131.77205093567545,
    594.4671780776282,
    451.44075165689316,
    584.3092252978879,
    133.34119696101828,
    541.9277075058884,
    129.95081422199596,
    129.99510658711392,
    125.6883572742588,
    753.4828569542159,
    128.5436510933096,
    599.7008434543509,
    123.6576145106722,
    122.48412010417306,
    130.6712220037241,
    121.45952789316915,
    126.77660164041467
  ],
  "ep_costs_pe": [
    137.4996767432101,
    125.75856896731032,
    127.88910828227917,
    118.47649250944296,
    120.52370904791104,
    124.53424816690304,
    129.25161271034492,
    435.5679213797406,
    517.7201538998902,
    127.19289502224117,
    121.68660605560676,
    125.61838314102103,
    130.4864661791165,
    131.61341025971527,
    626.5328105341557,
    457.4597341318564,
    573.3419139723546,
    131.48827998968073,
    564.5236530118209,
    130.47656594246138,
    129.71549247979243,
    125.67832985792617,
    775.4278842018686,
    127.67740940631653,
    586.6160451862081,
    123.70024390082455,
    122.2481352909881,
    129.49365951878988,
    121.54412807720205,
    125.40340237728093
  ],
  "ep_basins": [
    2,
    0,
    2,
    2,
    0,
    0,
    2,
    1,
    1,
    2,
    2,
    0,
    2,
    2,
    1,
    1,
    1,
    0,
    1,
    2,
    2,
    2,
    1,
    0,
    1,
    2,
    2,
    0,
    0,
    0
  ]
}