{
  "seed": 2727,
  "n_episodes": 30,
  "ep_costs_hdr": [
    129.13173743772862,
    126.61458171666496,
    120.74623350391482,
    128.97307556859732,
    118.70456680799495,
    132.85528317953964,
    121.24064951689301,
    120.10994119099848,
    842.1514388861327,
    118.54881051019566,
    106.9677416844767,
    134.32442403710618,
    112.46655177490331,
    125.63741536812101,
    127.27468823730386,
    122.86565507986508,
    119.05403212633414,
    783.9739723934754,
    130.90089843471404,
    131.54117547674855,
    122.28069124148887,
    124.39816653662743,
    124.55453539349146,
    127.86697782329774,
    126.04270286254832,
    117.13289708638015,
    689.7337605625993,
    129.07233940642783,
    120.73533444583522,
    1401.6476270445487
  ],
  "ep_costs_pe": [
    129.09762005652087,
    125.88373682991217,
    120.31819660112919,
    128.7679300309962,
    117.7057485267203,
    132.0057080776384,
    121.29452513559899,
    118.84139032816688,
    942.6612010909168,
    116.45215554716177,
    106.2985928219845,
    133.79974254703646,
    111.4712507121089,
    125.30526404183279,
    127.31707399609915,
    123.60388129636947,
    118.21165387526116,
    780.6016188088267,
    130.6821200223531,
    131.0310818453472,
    122.13433510202998,
    122.98237245043103,
    123.26234928926534,
    126.71015790392723,
    125.27676381586159,
    116.87847107410929,
    762.3619699224569,
    129.2238371582238,
    119.36176656246272,
    1551.9200409590524
  ],
  "ep_basins": [
    2,
    2,
    2,
    2,
    0,
    2,
    2,
    0,
    1,
    0,
    0,
    2,
    0,
    0,
    2,
    2,
    0,
    1,
    2,
    2,
    2,
    0,
    0,
    0,
    0,
    2,
    1,
    2,
    0,
    1
  ]
}