{
  "seed": 8282,
  "n_episodes": 30,
  "ep_costs_hdr": [
    133.0789444112812,
    140.60750518085842,
    524.4266895310932,
    110.54792055802729,
    124.59184907846797,
    120.64225341968171,
    122.69524195929576,
    122.65434517910033,
    550.7157026972328,
    122.59888211992994,
    132.84269546581783,
    123.60785814103896,
    628.3240374281066,
    124.95421953497328,
    126.65006805611685,
    608.7829674455937,
    663.8885059754779,
    125.07352270212738,
    647.063413379016,
    132.50647466061295,
    575.8869880638441,
    130.71205162833357,
    610.4090725867559,
    130.40692068526545,
    128.633694204316,
    132.92556882387242,
    130.3829108909205,
    128.81174154239463,
    130.22581765018333,
    543.79462302739
  ],
  "ep_costs_pe": [
    133.15046354246846,
    138.39832595795477,
    545.278130859739,
    109.97322511748158,
    124.15178571838516,
    119.65605791171905,
    121.27591336825382,
    120.97042350959774,
    571.179605410681,
    121.75400809380776,
    131.74067880108282,
    123.7069573334387,
    654.6774021710182,
    124.56549682891617,
    126.95466664660805,
    619.0722043359804,
    688.6434589176273,
    124.31913064269094,
    655.3619804206768,
    132.1950118831645,
    593.1488257956524,
    130.0237724372282,
    630.6149060923833,
    130.77393147835156,
    127.35519351527483,
    131.5472006131457,
    129.92778341117636,
    128.2248877722786,
    129.9538484024906,
    560.8636696635623
  ],
  "ep_basins": [
    2,
    0,
    1,
    0,
    0,
    0,
    0,
    0,
    1,
    0,
    0,
    0,
    1,
    2,
    2,
    1,
    1,
    0,
    1,
    2,
    1,
    0,
    1,
    2,
    0,
    0,
    2,
    2,
    2,
    1
  ]
}