{
  "seed": 5858,
  "n_episodes": 30,
  "ep_costs_hdr": [
    134.10213125688017,
    126.01579254712094,
    121.43257534742952,
    114.90585945885208,
    459.07236694586373,
    124.06071288702728,
    119.87815838907409,
    126.8361320301284,
    124.57732351697497,
    690.6554275705868,
    126.51534820723023,
    130.80068763612078,
    126.32087482199469,
    471.7739372597501,
    125.24136188610738,
    123.76773512108547,
    508.29113920859595,
    128.6702871681456,
    555.3423548198593,
    495.9561080353281,
    124.46375298734083,
    612.8835506063399,
    611.4814186462839,
    487.2694758837089,
    673.4714857312656,
    123.19970672515123,
    519.5311215845594,
    126.5460609789348,
    508.1452992200421,
    132.98182356129703
  ],
  "ep_costs_pe": [
    133.33572248127328,
    125.97895762378826,
    120.21040298407536,
    114.38886064820105,
    466.14438262098594,
    123.80616903109765,
    119.30155363015632,
    126.18676775936412,
    124.69016903517002,
    735.2798760276096,
    126.60255203104879,
    129.65795907877325,
    125.87169090985066,
    457.96853476773725,
    125.23341993706664,
    124.30662223822786,
    517.1980230734731,
    128.6169053549157,
    604.3090232379238,
    515.7635677360962,
    124.09049404945483,
    614.5947191224125,
    636.1696947139955,
    487.88809033186925,
    712.7014434389104,
    122.01952296748759,
    527.8333958348513,
    124.22597748378207,
    538.9953716828021,
    132.84912970401533
  ],
  "ep_basins": [
    0,
    2,
    0,
    0,
    1,
    2,
    0,
    0,
    2,
    1,
    2,
    0,
    0,
    1,
    2,
    2,
    1,
    2,
    1,
    1,
    0,
    1,
    1,
    1,
    1,
    0,
    1,
    0,
    1,
    2
  ]
}