{
  "seed": 1818,
  "n_episodes": 30,
  "ep_costs_hdr": [
    123.49239150948617,
    676.3577198521962,
    514.9431319449218,
    396.95153346214545,
    121.71062534090379,
    694.8200119677377,
    124.50984126052846,
    127.97796137466521,
    137.87807001140277,
    543.6590503471681,
    451.4085237209507,
    134.03698805307152,
    137.12607952040915,
    493.5830473567605,
    518.4573243574259,
    134.83735631182267,
    136.94726776710507,
    130.98049750265335,
    127.324282442865,
    119.89922072639717,
    126.5926493132988,
    123.21458169554494,
    560.5616815957312,
    126.07330286629498,
    116.65934467190789,
    130.06223317605648,
    125.98229952925445,
    133.7340030017594,
    134.63045319920437,
    121.71299792797444
  ],
  "ep_costs_pe": [
    122.23167658226065,
    666.2829651808918,
    516.8808647841456,
    395.442232330965,
    120.99582686263082,
    713.1840180719605,
    124.08494540260055,
    127.76026247815503,
    137.35848782696925,
    531.4725857127165,
    444.58281259521203,
    131.578352581663,
    136.48409230911986,
    501.9969004537854,
    518.2026425011836,
    134.43045009589343,
    136.40489288078322,
    130.76281297460926,
    126.02805542846343,
    119.12918445271336,
    126.11441132501896,
    122.5352684611733,
    554.5021679366621,
    125.15506951140442,
    114.97138061521615,
    129.96281370800776,
    126.10781483072728,
    133.49017510953425,
    134.28823351573791,
    119.95663025671605
  ],
  "ep_basins": [
    0,
    1,
    1,
    1,
    0,
    1,
    2,
    2,
    2,
    1,
    1,
    0,
    2,
    1,
    1,
    0,
    2,
    2,
    0,
    2,
    2,
    0,
    1,
    0,
    0,
    2,
    2,
    2,
    2,
    0
  ]
}