{
  "seed": 8080,
  "n_episodes": 30,
  "ep_costs_hdr": [
    128.0915464193185,
    381.6897380088966,
    130.27051637071006,
    124.07523144020574,
    587.7289806742698,
    136.2434491090923,
    576.8172726243789,
    121.30264041439388,
    130.67982252137097,
    135.2601425043055,
    621.3164008807196,
    499.85923919338114,
    133.65714986977378,
    137.56938957512483,
    594.4770031966257,
    542.267497227705,
    126.04714448778738,
    476.750394829907,
    127.79696125171915,
    383.48219000261753,
    547.5982605744315,
    119.87144773767922,
    125.0929876787204,
    118.70439267135228,
    474.5528797270116,
    124.1912526606152,
    505.66356317953245,
    585.679287424954,
    130.58036254896948,
    126.66729779402496
  ],
  "ep_costs_pe": [
    127.7759588022044,
    381.15849820160264,
    129.60112022038686,
    123.91149206578038,
    609.1735626650636,
    135.62600892463627,
    574.2348538715701,
    120.61122049266235,
    129.23578753485526,
    134.1101835740459,
    619.4307136791701,
    508.099019492985,
    133.09907602945145,
    136.24579109516594,
    569.403609736029,
    550.2863570323861,
    126.16051491536076,
    498.0732341396336,
    127.13743048890046,
    383.4877502870559,
    555.2124943533994,
    118.46179100524184,
    124.72577323798602,
    117.73898678199629,
    484.2710095203159,
    124.24273439820477,
    512.2588967389725,
    634.790287744564,
    129.67619469616224,
    126.4804257069116
  ],
  "ep_basins": [
    2,
    1,
    0,
    2,
    1,
    0,
    1,
    0,
    0,
    0,
    1,
    1,
    0,
    0,
    1,
    1,
    2,
    1,
    0,
    1,
    1,
    0,
    0,
    0,
    1,
    2,
    1,
    1,
    0,
    2
  ]
}