{
  "seed": 5353,
  "n_episodes": 30,
  "ep_costs_hdr": [
    109.37333853147452,
    913.1894034138094,
    663.2054802808885,
    127.81789664875181,
    132.81483709381163,
    127.25922908493715,
    125.49181846545626,
    775.190351571801,
    132.3189855362456,
    622.433861548456,
    124.14583272042084,
    829.0879898291013,
    606.1680971689838,
    812.4923560785506,
    125.87112740149516,
    124.19828099963003,
    684.5348141585291,
    131.95782140211776,
    1466.1751856816936,
    757.2088099136579,
    132.75865192347538,
    116.32766249876944,
    116.12620612403151,
    126.86039641452284,
    709.0175532804793,
    132.5907615326185,
    136.57402140494443,
    136.2435545733085,
    1448.3802908973998,
    128.21646940998966
  ],
  "ep_costs_pe": [
    109.28799357169783,
    1004.9298284996819,
    692.1887853842444,
    128.0216422165068,
    132.56039803470136,
    126.63267700823252,
    124.00703206879362,
    806.9582304912961,
    131.7990853589094,
    640.3740814243113,
    122.61005671790205,
    864.1424775087562,
    644.5489763987079,
    840.944000263399,
    125.8803212751306,
    124.57372460344217,
    708.0200432824032,
    130.67169766788948,
    1570.451016476482,
    834.3532080149223,
    132.218127466472,
    114.99088439943651,
    116.04525465150778,
    126.18545127114,
    747.8687486887316,
    131.9713527747833,
    135.20064945895754,
    135.890593756844,
    1558.253387539179,
    128.03465432833627
  ],
  "ep_basins": [
    0,
    1,
    1,
    2,
    2,
    0,
    0,
    1,
    2,
    1,
    0,
    1,
    1,
    1,
    2,
    0,
    1,
    0,
    1,
    1,
    2,
    0,
    0,
    2,
    1,
    2,
    2,
    2,
    1,
    2
  ]
}