{
  "seed": 3434,
  "n_episodes": 30,
  "ep_costs_hdr": [
    494.2586761153741,
    127.04566437920832,
    706.7082070414781,
    673.1848855144311,
    122.46621569140638,
    124.27802111116652,
    132.49952358470796,
    124.20808538746914,
    563.2854592799055,
    124.16659223176288,
    134.21427094896768,
    123.63820264204381,
    124.80833792491653,
    654.0929069077642,
    125.4421831088018,
    130.93342512562594,
    126.24794921781292,
    122.03349584498083,
    126.43258280820633,
    416.1488101924044,
    123.43403542394246,
    135.31041031476076,
    130.53442224739885,
    579.1750809634588,
    132.4359879525423,
    491.0181266181584,
    491.46297510005274,
    661.174955197146,
    127.72462145858618,
    471.9587744332483
  ],
  "ep_costs_pe": [
    499.8184113043202,
    127.5433673424882,
    731.5448997821977,
    745.8604434566956,
    121.5380122202115,
    123.2940010499246,
    131.72821015126016,
    123.1025522224308,
    587.1104900681064,
    124.60931772781198,
    132.9482004101116,
    123.09439346263821,
    124.98379035047282,
    645.4003605727228,
    123.3680175804854,
    130.6281194072808,
    126.02956755489329,
    122.00856621807438,
    126.14174527225624,
    411.29236862671695,
    123.77703234083741,
    134.39493892905756,
    129.7423796258161,
    586.3904683790737,
    132.75904721128612,
    441.1725748656771,
    482.35060939297284,
    691.1344314655304,
    127.37094254531004,
    477.6483907636593
  ],
  "ep_basins": [
    1,
    2,
    1,
    1,
    0,
    0,
    0,
    0,
    1,
    2,
    0,
    2,
    2,
    1,
    0,
    0,
    2,
    0,
    2,
    1,
    2,
    0,
    0,
    1,
    2,
    1,
    1,
    1,
    0,
    1
  ]
}