{
  "seed": 7171,
  "n_episodes": 30,
  "ep_costs_hdr": [
    124.82369389011053,
    469.8962642883427,
    983.5406122300559,
    130.9706197478507,
    925.2404745371676,
    134.10112062654753,
    567.6022607533862,
    603.0293816745225,
    127.90087069615551,
    121.0369460712152,
    121.10225498335834,
    578.1934910424009,
    123.71712260528086,
    125.02219138487422,
    126.29427276580647,
    808.1183794414138,
    761.9809021341255,
    133.6892703230601,
    129.63560940074888,
    129.7789359990563,
    472.1057483418966,
    126.38401585999922,
    128.9892096199535,
    127.90288875610862,
    132.43007107826244,
    131.87715160747618,
    519.0337692781867,
    508.12391367838836,
    125.69175906047197,
    398.5358871728852
  ],
  "ep_costs_pe": [
    124.64691236261594,
    455.383271246899,
    1021.5400628669355,
    130.80451944049418,
    955.0298930120031,
    132.75591528014277,
    595.603602845599,
    648.9452335045073,
    127.9918027944885,
    121.1341393109924,
    121.01665660588006,
    620.4958194103906,
    122.30051949023051,
    124.24646257150367,
    126.0930131478073,
    841.4752371364776,
    795.4600225089329,
    132.5111898672249,
    129.0580453568599,
    129.35319994848163,
    495.0672409766442,
    126.1536293185158,
    128.77100523135493,
    127.81658969444489,
    132.62376175639244,
    131.01270689659705,
    506.87919522097326,
    543.0216950938714,
    124.44022797323767,
    401.44569189887477
  ],
  "ep_basins": [
    0,
    1,
    1,
    2,
    1,
    0,
    1,
    1,
    2,
    0,
    2,
    1,
    0,
    0,
    2,
    1,
    1,
    0,
    2,
    2,
    1,
    0,
    2,
    2,
    2,
    0,
    1,
    1,
    0,
    1
  ]
}