{
  "seed": 8888,
  "n_episodes": 30,
  "ep_costs_hdr": [
    131.84817881959233,
    128.00034134710918,
    126.45566611618902,
    115.41403354639034,
    1046.3168924951535,
    1371.0159160687565,
    1677.0011600882722,
    129.0407160769642,
    1236.4187521719819,
    122.32434938431712,
    125.89667786816347,
    121.21924117763,
    124.8438727797374,
    125.16318574930155,
    2624.1990140779926,
    130.71460359349356,
    134.91026763751105,
    1201.7532790010441,
    128.25127327591892,
    1379.4038619210942,
    123.29918647737776,
    124.06874773710244,
    686.2212306053416,
    123.84850720707054,
    125.94383705266885,
    126.87318696371216,
    125.29219982725247,
    132.3998949275422,
    1309.3315471540882,
    125.86830732910397
  ],
  "ep_costs_pe": [
    129.58909852479417,
    127.36436149915552,
    125.45477430483056,
    114.80909708543211,
    1120.0904123485277,
    1532.2674348870178,
    1817.6304719242646,
    128.69617790323898,
    1306.5510530198526,
    122.5374722355165,
    125.66017048663184,
    119.24538054618885,
    124.46474375223555,
    121.93885397560867,
    2724.073524867512,
    129.2991873104678,
    133.35976772716285,
    1291.6216053117394,
    125.74464011831144,
    1494.3555613391113,
    123.49676900777612,
    123.72863678743265,
    700.0213403885745,
    123.91472043673897,
    125.23005351009952,
    126.83059888620778,
    125.34962657213195,
    131.6287893377205,
    1437.6489574877164,
    126.07938852680611
  ],
  "ep_basins": [
    0,
    0,
    0,
    0,
    1,
    1,
    1,
    2,
    1,
    2,
    2,
    0,
    2,
    0,
    1,
    0,
    0,
    1,
    0,
    1,
    2,
    0,
    1,
    2,
    0,
    2,
    2,
    2,
    1,
    2
  ]
}