{
  "seed": 9696,
  "n_episodes": 30,
  "ep_costs_hdr": [
    126.71579781160611,
    859.4928769635188,
    128.26393233225173,
    116.24194263249855,
    650.7355117014738,
    130.5257021726672,
    127.1798613356348,
    133.35213636135427,
    129.25191183884343,
    977.2959058111985,
    1053.3322382468127,
    126.48159078472614,
    897.479960366816,
    113.38834406640315,
    672.700575258973,
    131.97323786383316,
    117.08563150894344,
    128.57678278167123,
    132.451762584835,
    122.84633112480553,
    120.44892485671178,
    584.5725425277581,
    1004.121303118652,
    135.7680629038888,
    127.29351116311298,
    129.83764001593505,
    122.33429880468923,
    126.19006457072965,
    124.14543877733625,
    1248.9540945240253
  ],
  "ep_costs_pe": [
    124.83442558686991,
    907.8619519338703,
    127.60735547270176,
    115.53439397772536,
    727.128302172935,
    129.053031400605,
    126.7390515185023,
    131.1114032682896,
    129.74869750477967,
    1004.6936066828824,
    1164.0803897544092,
    126.17614311841541,
    955.6248189984058,
    113.32068923905389,
    691.9543680649707,
    130.71997147519733,
    116.5539865648921,
    126.81129112935916,
    132.1448045406073,
    121.86417357863958,
    120.46195694745107,
    613.87614532893,
    1092.0622171385826,
    135.14661296791041,
    126.86050478259418,
    129.9331971555621,
    121.1490787080322,
    126.25782011193083,
    124.28654440516242,
    1294.5779160278398
  ],
  "ep_basins": [
    0,
    1,
    0,
    0,
    1,
    0,
    0,
    0,
    2,
    1,
    1,
    2,
    1,
    0,
    1,
    0,
    0,
    0,
    2,
    0,
    2,
    1,
    1,
    2,
    2,
    2,
    0,
    0,
    2,
    1
  ]
}