{
  "seed": 5959,
  "n_episodes": 30,
  "ep_costs_hdr": [
    109.3981398244243,
    513.5365275341923,
    442.2154258163653,
    120.91794459669167,
    565.6878400746009,
    128.6101488703957,
    136.25146525755952,
    597.2022804269538,
    116.76460316863539,
    127.49118875388922,
    845.7605992795839,
    137.94082115325628,
    121.69753855787272,
    444.01191068740064,
    123.18502922700739,
    593.4315850921344,
    129.58329149519773,
    566.4231363718177,
    485.67740169577473,
    114.59342352529993,
    479.9265756582717,
    129.72235462105078,
    537.3668215055874,
    110.62311147125163,
    505.33785876457506,
    125.06741275982854,
    133.20500708269566,
    459.96245561725664,
    127.02011719565495,
    122.32059081268065
  ],
  "ep_costs_pe": [
    108.22845919756256,
    536.1738851956229,
    429.5086371132561,
    119.83779850037344,
    618.221290073445,
    127.40749704657256,
    135.6453949736112,
    598.2803345990233,
    116.2714314873998,
    126.57402430990753,
    899.9194053788453,
    136.70667679812868,
    119.73817482277228,
    447.2644078785459,
    120.98650902736873,
    616.2510040690645,
    129.28186512231414,
    573.9443209896322,
    499.902298076769,
    114.78829065246197,
    476.35039648020063,
    129.14962733193144,
    543.0513218339951,
    110.00292196359865,
    506.4694055476167,
    123.61067716670136,
    133.0426403469747,
    467.00737299113126,
    127.33432260818084,
    121.76419903743064
  ],
  "ep_basins": [
    0,
    1,
    1,
    0,
    1,
    2,
    2,
    1,
    0,
    2,
    1,
    0,
    0,
    1,
    0,
    1,
    0,
    1,
    1,
    0,
    1,
    2,
    1,
    0,
    1,
    0,
    2,
    1,
    2,
    2
  ]
}