{
  "seed": 6161,
  "n_episodes": 30,
  "ep_costs_hdr": [
    668.2702463674472,
    123.7740057281585,
    696.3407316720576,
    125.29051368029758,
    1033.3300148185617,
    122.42573530944229,
    120.35711849688862,
    635.1259090329354,
    128.9338062587827,
    638.6275660975537,
    127.52186490064281,
    656.3299664349441,
    745.3458683155645,
    131.39359014341133,
    581.8303017041037,
    131.9419140851158,
    125.38807815706629,
    123.96288362921189,
    562.5500592689506,
    124.45657771995819,
    122.86361927235761,
    740.9639755628532,
    120.51407692022605,
    671.1524064282723,
    658.530975275693,
    998.8362053854668,
    912.1217902762056,
    129.69144287416145,
    564.2049227012448,
    409.9430781756017
  ],
  "ep_costs_pe": [
    673.2548653287218,
    123.4295433034707,
    720.3088636886085,
    123.92594356544164,
    1112.8969321811123,
    122.70552874493107,
    120.50128888260525,
    663.240664830468,
    128.94287312667282,
    650.0005147118784,
    126.52475041073654,
    657.5048472448348,
    766.7576066824903,
    130.10515766377767,
    572.4459214205393,
    129.83027542510987,
    124.44172548576431,
    123.86730498764561,
    586.3281198066669,
    123.30119535011578,
    121.29089722668807,
    740.0822031242762,
    119.25991664132036,
    643.0302979532829,
    682.4414331684198,
    1058.441850231733,
    999.1426999232275,
    128.06537944439293,
    592.4212883991381,
    407.7006298421467
  ],
  "ep_basins": [
    1,
    0,
    1,
    0,
    1,
    2,
    2,
    1,
    2,
    1,
    0,
    1,
    1,
    0,
    1,
    0,
    0,
    2,
    1,
    0,
    0,
    1,
    0,
    1,
    1,
    1,
    1,
    0,
    1,
    1
  ]
}