{
  "seed": 404,
  "n_episodes": 30,
  "ep_costs_hdr": [
    114.25741511235601,
    130.6993794852082,
    124.19966947004444,
    128.06451637496124,
    126.25013259461592,
    131.9724290972693,
    133.4684116460059,
    581.4895543726726,
    132.37064182881795,
    628.6325261659924,
    121.46964442570511,
    123.24711576536325,
    134.08142366975437,
    120.06481232245484,
    117.90638585563113,
    120.90929801435135,
    658.2106119494746,
    580.9508054855066,
    118.5617193161653,
    501.36774309752985,
    125.95627281927514,
    123.0428231342429,
    122.30461098656275,
    518.1983289280959,
    123.13517509309972,
    128.73557027462587,
    751.9843421613839,
    126.42564258100921,
    694.0531698753115,
    136.10116203207087
  ],
  "ep_costs_pe": [
    114.41305133042293,
    128.61386357071618,
    124.19242163234382,
    127.09056837574043,
    125.70863399322252,
    130.83017345027505,
    133.42239291246372,
    599.9916838669734,
    132.28119487646555,
    639.5326498528997,
    119.9642659431287,
    122.60519569034537,
    131.71039612842065,
    119.58594238247466,
    116.53707598121204,
    119.50966853353825,
    667.9077607980163,
    569.5830828295911,
    117.57646937805748,
    519.4745999828165,
    125.63980456202444,
    123.06760530757379,
    122.0192606782428,
    528.9496869613212,
    123.14567892317538,
    128.71296934085206,
    777.5644862486843,
    125.47534182000035,
    709.8386327165787,
    135.4627874349324
  ],
  "ep_basins": [
    0,
    0,
    2,
    0,
    2,
    0,
    2,
    1,
    2,
    1,
    0,
    0,
    0,
    0,
    0,
    0,
    1,
    1,
    0,
    1,
    2,
    2,
    2,
    1,
    2,
    2,
    1,
    0,
    1,
    2
  ]
}