{
  "seed": 8484,
  "n_episodes": 30,
  "ep_costs_hdr": [
    133.4599068477,
    588.7531789893828,
    497.191111483762,
    132.46756305991343,
    133.66562372060747,
    586.2447800164986,
    125.42964830613597,
    683.8709677137062,
    583.7305723889824,
    116.8885770033585,
    535.2361779355085,
    444.68823037527,
    119.75514845505907,
    132.91001719554566,
    562.1907517205157,
    128.9433015916536,
    121.48654740537465,
    565.1981872254632,
    121.85817822425629,
    127.41877923183455,
    126.39738118698112,
    407.94365815557734,
    440.71112701095024,
    121.04222141216192,
    122.82495679330351,
    132.83785999500876,
    115.06166789010696,
    126.97419731502383,
    125.25959457965968,
    134.81287044928374
  ],
  "ep_costs_pe": [
    133.05190580396425,
    608.2889683961638,
    507.05907459038764,
    132.28647707712466,
    132.36308240737998,
    607.3915280604879,
    124.92774217392834,
    668.1145237918862,
    607.4646273409597,
    116.52615851512638,
    537.3393786682523,
    441.5968278130579,
    119.53258736555844,
    131.55484487540753,
    547.732858499644,
    128.54246564650205,
    121.33360124580514,
    614.2312796442416,
    121.2732808230672,
    126.50904553802496,
    124.97811971692795,
    410.20666782504895,
    453.46231194945636,
    119.3667223002759,
    122.96215304554734,
    131.5111335246058,
    114.56262219181087,
    127.18097966476444,
    124.50608363303884,
    135.03565686594916
  ],
  "ep_basins": [
    2,
    1,
    1,
    2,
    0,
    1,
    2,
    1,
    1,
    2,
    1,
    1,
    0,
    0,
    1,
    2,
    2,
    1,
    0,
    2,
    0,
    1,
    1,
    0,
    2,
    0,
    0,
    2,
    2,
    2
  ]
}