{
  "seed": 101,
  "n_episodes": 30,
  "ep_costs_hdr": [
    123.51605922381117,
    444.92576245608956,
    124.0076001249781,
    602.4903182596942,
    454.80190835174733,
    131.08942499625329,
    141.67230177098767,
    852.6482213417515,
    1022.2817399658782,
    131.60570455735072,
    137.6241214067704,
    131.26338304780623,
    683.9719222322589,
    120.09313359181736,
    1036.3767198093863,
    118.9261555237559,
    654.5397508963438,
    502.36000960440737,
    118.71440640411662,
    124.02236047810266,
    522.357846018521,
    123.1670310953655,
    123.50218562777118,
    120.55443515326219,
    121.38401416563849,
    122.5569613673504,
    123.55395732315695,
    127.41005836134828,
    130.08722075836235,
    594.133494408952
  ],
  "ep_costs_pe": [
    121.60940864357198,
    438.31537308505165,
    122.27670935821159,
    614.4737858923944,
    471.14456182309954,
    130.82778162091415,
    141.53739148998477,
    859.5987311201011,
    1036.6151300221168,
    130.54325149774306,
    136.19298318673202,
    130.62496548655145,
    715.7124872177302,
    118.80268516214275,
    1055.2415704267753,
    118.07771491762425,
    715.5909145956887,
    534.1405893294575,
    118.2736600478977,
    123.82011439261211,
    500.27020827049915,
    123.48745224144955,
    122.10432902517901,
    119.95127662307127,
    121.38642131761902,
    120.79055668172882,
    122.61321972189857,
    126.4701504579401,
    130.23252851015442,
    644.4094928760906
  ],
  "ep_basins": [
    0,
    1,
    0,
    1,
    1,
    0,
    2,
    1,
    1,
    2,
    0,
    0,
    1,
    0,
    1,
    0,
    1,
    1,
    0,
    2,
    1,
    2,
    0,
    0,
    2,
    0,
    0,
    2,
    2,
    1
  ]
}