{
  "seed": 7878,
  "n_episodes": 30,
  "ep_costs_hdr": [
    118.83060462067218,
    129.43784418479626,
    141.80101497816412,
    115.12021452202417,
    123.0376069099058,
    129.29051524091142,
    126.20864041865026,
    131.9262518418989,
    1059.8222587302544,
    499.5514239730792,
    770.4593293044521,
    130.19619188954252,
    128.2540865692788,
    118.83065754799132,
    133.96644624831015,
    115.87312363218943,
    125.0537080509534,
    487.96344575756007,
    119.9403682736659,
    119.15316244234705,
    130.35995018787324,
    134.49057058981444,
    130.290862867521,
    126.5912960608939,
    503.6128893687171,
    116.54253203515141,
    126.16002105830324,
    120.35316065998153,
    725.8145608652593,
    125.76998287259657
  ],
  "ep_costs_pe": [
    118.46595384595304,
    129.2244734953919,
    140.98765358817803,
    114.3244934656248,
    121.82393347709973,
    129.52118701161436,
    123.36288184723232,
    131.4043628722431,
    1195.4159747314986,
    526.6308267939102,
    794.468498335402,
    129.3137362907919,
    127.86405034463155,
    118.19867003573759,
    132.8085702779471,
    115.027609992916,
    123.89597407410723,
    547.3478548803786,
    118.8172485323515,
    119.2420297849357,
    129.76487580340364,
    133.5764904698823,
    130.0250192572255,
    127.06205033441084,
    512.7517222879441,
    115.56853287920266,
    126.2052142764669,
    119.31893734923868,
    769.9795901707133,
    124.03322080646156
  ],
  "ep_basins": [
    0,
    2,
    2,
    0,
    0,
    2,
    0,
    2,
    1,
    1,
    1,
    0,
    2,
    0,
    0,
    0,
    0,
    1,
    0,
    0,
    2,
    2,
    2,
    2,
    1,
    0,
    0,
    0,
    1,
    0
  ]
}