{
  "seed": 1313,
  "n_episodes": 30,
  "ep_costs_hdr": [
    129.87700849885485,
    414.8813345998966,
    129.72985980999067,
    673.5119423036576,
    127.36023437302978,
    129.22026966273802,
    602.2754853345459,
    117.33233266670362,
    121.72623053479552,
    473.38011908671376,
    513.2560431246253,
    500.8581481167971,
    127.96807004124437,
    121.33167801441591,
    116.03114749325262,
    690.5133024744651,
    454.19970058033226,
    123.14374460980049,
    126.1174794402686,
    617.2448114479341,
    497.2059512499772,
    122.26945466648189,
    128.36803012420478,
    126.28898749645568,
    125.69955410994135,
    657.0258703939479,
    550.1695157162341,
    585.1266677555075,
    127.09537178028003,
    122.5158616492611
  ],
  "ep_costs_pe": [
    129.51800639053715,
    421.09022997185184,
    129.78036588598084,
    690.259081064307,
    127.10621595250007,
    128.197017068447,
    631.0349822334039,
    117.48034907984047,
    120.54253208567961,
    482.10511167958805,
    528.6527313376098,
    516.161021410252,
    127.5231613036649,
    121.22690046518893,
    115.97402084889926,
    757.4425889972642,
    451.40077457794376,
    121.84582300535513,
    125.04858186886518,
    636.5012185531118,
    507.00482820841853,
    121.79232024923138,
    128.3058017685429,
    124.87005623558646,
    125.8534619966035,
    705.7583620366737,
    569.4308371101538,
    605.4042239790178,
    127.24826760379173,
    121.3018380383977
  ],
  "ep_basins": [
    2,
    1,
    2,
    1,
    2,
    0,
    1,
    2,
    0,
    1,
    1,
    1,
    0,
    2,
    2,
    1,
    1,
    0,
    0,
    1,
    1,
    2,
    2,
    0,
    2,
    1,
    1,
    1,
    2,
    0
  ]
}