{
  "seed": 4646,
  "n_episodes": 30,
  "ep_costs_hdr": [
    556.026702498154,
    794.2735966917694,
    819.3481906225481,
    138.40088723723417,
    654.2331034119593,
    135.2171368585311,
    128.58596554447428,
    133.9552038551457,
    886.7799631066371,
    129.9348214919473,
    800.1004172778913,
    120.91942599273713,
    130.919791350142,
    124.80857777093652,
    125.79604636308295,
    130.1168083540633,
    121.4395511157173,
    135.61156132042368,
    125.07113510489647,
    126.51653472245846,
    121.56049764763314,
    139.16317829758418,
    129.2678239019143,
    127.96043941741057,
    140.88263165661542,
    127.20954153252582,
    121.55872487409796,
    738.9217615699885,
    123.57950511116157,
    120.15025940369807
  ],
  "ep_costs_pe": [
    584.7783671929146,
    827.5448263208866,
    814.510446612719,
    137.80641738156072,
    676.7496903480428,
    134.98273067693094,
    127.91001256933878,
    133.5614214703178,
    916.7295405897962,
    129.21582936681983,
    838.1347904100971,
    119.98802434903286,
    131.20001826913466,
    124.97482860360002,
    124.88967713036243,
    129.10273419245655,
    120.54431644579455,
    134.24141596297122,
    123.77186744348542,
    126.47015314047914,
    119.83405067359595,
    139.65139846661273,
    129.40024310107745,
    127.59869243676836,
    140.36078498657307,
    126.07644019245356,
    120.3631363230523,
    785.6147875368952,
    123.06146972819452,
    119.64344222527488
  ],
  "ep_basins": [
    1,
    1,
    1,
    0,
    1,
    2,
    0,
    2,
    1,
    0,
    1,
    0,
    2,
    2,
    0,
    0,
    0,
    0,
    0,
    2,
    0,
    2,
    2,
    2,
    2,
    0,
    0,
    1,
    0,
    0
  ]
}