{
  "seed": 3737,
  "n_episodes": 30,
  "ep_costs_hdr": [
    131.22517763749906,
    123.93991461593521,
    123.27962879314536,
    120.45799436202358,
    125.78413671464214,
    112.73987756373049,
    572.7026345738765,
    131.9231847572196,
    893.8452896085854,
    128.6130829831749,
    714.7923698314589,
    740.5410200876172,
    129.01033991738723,
    797.9539944886639,
    113.50310998513415,
    125.94920100069825,
    856.8384596344578,
    123.84856400206188,
    120.7697186245373,
    2559.7211145103583,
    831.0558697809857,
    879.1574170564761,
    128.69422230931846,
    124.64923453601713,
    130.6677807515734,
    124.3504915828888,
    123.30199666985281,
    120.1916900346498,
    130.84675424919075,
    1004.5915701546207
  ],
  "ep_costs_pe": [
    131.1983967213715,
    123.64497107285757,
    122.95643131800709,
    119.97867613061985,
    125.75826442276066,
    112.56047641818434,
    565.4395134340796,
    130.78801410197516,
    951.1742833502014,
    126.85375251008558,
    803.8296088868135,
    794.4528511484389,
    129.23463846551604,
    777.9012939974718,
    113.20074134384993,
    125.71852980888089,
    925.8021888406091,
    124.12843208858655,
    120.7861667328364,
    2833.421003404328,
    892.429965900085,
    937.3946943332046,
    127.63932866995076,
    125.1704812181144,
    130.54386617189587,
    124.43447157527777,
    123.25157443015759,
    120.07912611337564,
    128.701405563407,
    1046.462926238474
  ],
  "ep_basins": [
    2,
    2,
    2,
    0,
    2,
    2,
    1,
    0,
    1,
    0,
    1,
    1,
    2,
    1,
    0,
    2,
    1,
    2,
    2,
    1,
    1,
    1,
    2,
    2,
    2,
    2,
    2,
    0,
    0,
    1
  ]
}