{
  "seed": 2222,
  "n_episodes": 30,
  "ep_costs_hdr": [
    130.05685886557217,
    131.75472240826272,
    729.4426171568174,
    122.14059516977333,
    605.3317788971714,
    796.5042318853768,
    121.44237411668186,
    132.5792422885485,
    134.2657463836196,
    131.54500054058582,
    132.9279305921028,
    423.8353292428743,
    146.52527979357066,
    136.59324957785995,
    127.31709703098952,
    645.0272421604199,
    130.90705635658253,
    121.75870739799068,
    131.98579374348557,
    131.1798919586404,
    130.74176048854167,
    129.94420149181744,
    126.80189339348237,
    142.74696011395008,
    660.8234346625871,
    519.9047632932411,
    130.85666802745249,
    832.5080007110249,
    132.1888688998981,
    120.3033046778166
  ],
  "ep_costs_pe": [
    129.63080095866897,
    131.03756523623065,
    770.2958343707918,
    122.21379588196751,
    631.2558138816036,
    884.98625128669,
    121.04317241101108,
    132.68509700664802,
    133.86348619285096,
    131.75182287890394,
    131.93923150963536,
    438.16993142869126,
    144.99901405942236,
    135.49737384811124,
    127.39491593204367,
    653.6795625955747,
    129.86832336918522,
    121.04386772144134,
    130.44629553559275,
    131.39354103657507,
    129.6289975671986,
    129.24201354873446,
    126.84691750222045,
    140.75642668729444,
    682.0661967361954,
    523.6600990128495,
    129.9376790311767,
    960.8324845314087,
    131.7057682960352,
    118.96022510932148
  ],
  "ep_basins": [
    2,
    0,
    1,
    2,
    1,
    1,
    0,
    2,
    2,
    2,
    0,
    1,
    0,
    0,
    2,
    1,
    0,
    0,
    0,
    2,
    0,
    0,
    2,
    0,
    1,
    1,
    0,
    1,
    2,
    0
  ]
}