{
  "seed": 5757,
  "n_episodes": 30,
  "ep_costs_hdr": [
    1288.2459565447352,
    121.55090783645689,
    132.4810742670139,
    1295.2739684870132,
    866.6179909008775,
    125.68913124082425,
    2641.9388677339016,
    691.2714330791525,
    579.6624761121691,
    126.59926649040663,
    120.08463596688317,
    931.5568310811929,
    124.21660200705887,
    135.58137888910233,
    794.1137397051604,
    129.0730544623397,
    127.10426615580559,
    126.90159256126292,
    1087.3120560628524,
    132.34147453498397,
    138.6836804172691,
    130.2557759364981,
    123.08548520885167,
    124.97637134437696,
    814.9211138676299,
    132.7502726781996,
    115.4856630316259,
    133.1824366088821,
    128.85299393268474,
    119.83452267470273
  ],
  "ep_costs_pe": [
    1334.577255257907,
    120.31149056187864,
    132.1666588030059,
    1342.7163211089387,
    895.7173674362386,
    125.46491197487717,
    2927.3217298490945,
    753.18669032164,
    604.4299165862885,
    126.55761733750074,
    118.83532318880445,
    1040.8233906920955,
    122.89410167887202,
    135.35181481724447,
    889.4730200418343,
    128.38094099479147,
    125.5831247160472,
    126.17008585036059,
    1157.350564322533,
    132.26173484739854,
    138.43293040403404,
    129.4185604704199,
    122.56903906437309,
    123.39102835896851,
    865.6814603685629,
    132.4806160270489,
    114.20408172570573,
    132.50977283715062,
    128.75149363036223,
    118.77614024882757
  ],
  "ep_basins": [
    1,
    0,
    2,
    1,
    1,
    2,
    1,
    1,
    1,
    2,
    0,
    1,
    0,
    2,
    1,
    0,
    0,
    0,
    1,
    2,
    2,
    0,
    2,
    0,
    1,
    2,
    0,
    2,
    2,
    0
  ]
}