{
  "seed": 3636,
  "n_episodes": 30,
  "ep_costs_hdr": [
    128.16260985227467,
    127.70291611356258,
    141.58654315414438,
    119.85845968553409,
    575.479729016844,
    118.78206907672227,
    502.0242382924669,
    127.67851042995227,
    137.13345456124617,
    127.95639293002661,
    131.7876965268414,
    133.13255819098296,
    126.1328881685316,
    855.9265203218175,
    126.13262310163545,
    127.29697834902382,
    117.93220348888465,
    758.973468038086,
    131.6386101102613,
    610.3349331268624,
    120.95817666685984,
    127.7444811371585,
    923.424471352666,
    604.6986701043977,
    614.3273210846831,
    128.66614139738164,
    122.24757117368327,
    119.98439918186116,
    131.40602992188045,
    131.32347496385168
  ],
  "ep_costs_pe": [
    127.93877344146341,
    127.496570221101,
    139.8367570183277,
    119.3942062121587,
    588.2646465250256,
    116.79228157974082,
    505.9902521567396,
    126.36009556668718,
    136.46669919148727,
    125.82675343547105,
    130.7538240272892,
    132.6430565658096,
    126.04475820899346,
    891.8362560777741,
    126.33928626142351,
    126.15886784552625,
    116.55903283090694,
    781.7161274916313,
    130.6126446862042,
    634.6754160055108,
    120.72699781411032,
    127.65697456883271,
    988.3933297594368,
    630.7808318543804,
    645.8358370674279,
    128.6526454130881,
    121.69110011746085,
    118.46833803453384,
    131.52275605608773,
    131.5105694316665
  ],
  "ep_basins": [
    0,
    2,
    0,
    0,
    1,
    0,
    1,
    0,
    2,
    0,
    0,
    2,
    2,
    1,
    2,
    0,
    0,
    1,
    0,
    1,
    0,
    2,
    1,
    1,
    1,
    2,
    2,
    0,
    2,
    2
  ]
}