{
  "seed": 4040,
  "n_episodes": 30,
  "ep_costs_hdr": [
    122.24010591852227,
    136.88450445945088,
    130.17708304808139,
    125.14224566278692,
    786.1308530993272,
    121.54021222575355,
    135.10403652174682,
    850.8508795080314,
    594.9603535782729,
    129.0186418235387,
    879.558181842572,
    807.894767061859,
    555.3329300757514,
    133.3321933309457,
    127.29055946697794,
    121.5147342347179,
    480.4675634154564,
    670.7173027917506,
    549.3523675905608,
    666.9004069390172,
    128.0068688836849,
    130.55012189462866,
    588.2217025039929,
    128.41802650319104,
    132.07269164261842,
    121.87767498219638,
    126.95039127018433,
    128.6804906123304,
    120.09321210572936,
    129.51917419697102
  ],
  "ep_costs_pe": [
    122.2770200076685,
    136.8768829651927,
    128.63417459261981,
    124.86212868346352,
    866.6822926349358,
    121.23772754387366,
    134.9415555196931,
    914.1797796731387,
    614.407036699346,
    128.0717311715968,
    899.7683045786237,
    856.0934620401481,
    595.3315611935401,
    133.30963509019975,
    126.86539559584806,
    120.44965135077098,
    503.8023284529987,
    642.7316873410609,
    613.969517588735,
    670.8889535146257,
    127.69477920428648,
    129.9058678327898,
    611.9293429481625,
    128.4165291813727,
    131.72865197052246,
    121.73422341345845,
    125.91567086224637,
    128.08068056247944,
    120.28281661858482,
    129.6939129126073
  ],
  "ep_basins": [
    2,
    2,
    0,
    2,
    1,
    2,
    2,
    1,
    1,
    0,
    1,
    1,
    1,
    0,
    2,
    0,
    1,
    1,
    1,
    1,
    0,
    2,
    1,
    2,
    2,
    2,
    0,
    0,
    2,
    0
  ]
}