{
  "seed": 9999,
  "n_episodes": 30,
  "ep_costs_hdr": [
    528.9704176043971,
    130.17059256806272,
    131.09350732398727,
    131.8279375255468,
    128.04550283593454,
    1241.9786091894641,
    135.6074227309314,
    647.0822963233155,
    1109.1619004917002,
    624.5069811128607,
    117.7487677913195,
    123.17440948101145,
    128.5046461150311,
    128.50058007274959,
    126.16384981065956,
    118.73378865361181,
    1102.685838713623,
    653.599122446104,
    136.76313754389062,
    116.51951581659388,
    139.1252963036795,
    739.816919604427,
    673.0244329955698,
    123.74104485139928,
    124.16856721519073,
    676.1374926584785,
    123.99604222340747,
    123.31724474336563,
    130.97926223349262,
    1137.381055397126
  ],
  "ep_costs_pe": [
    573.2429554914158,
    129.81206020424054,
    131.23256372708275,
    129.90542311943656,
    126.9554120075426,
    1406.064712636515,
    134.5397458792918,
    651.5038122776272,
    1214.6274910404024,
    612.8408374094677,
    117.52821168762974,
    122.8911337266089,
    127.56946939731056,
    128.55255151029897,
    126.07649458805368,
    117.51465347246847,
    1225.7917196818976,
    707.4395554878027,
    135.78937014635252,
    115.3285004022258,
    138.5039007027445,
    708.5683072820237,
    646.7720468328273,
    124.41297485737176,
    123.08252456025347,
    686.0141789473892,
    122.74881796211663,
    122.69508243139218,
    130.6559135664184,
    1276.7919339416705
  ],
  "ep_basins": [
    1,
    2,
    2,
    0,
    0,
    1,
    0,
    1,
    1,
    1,
    0,
    2,
    0,
    2,
    2,
    0,
    1,
    1,
    2,
    0,
    0,
    1,
    1,
    2,
    0,
    1,
    0,
    2,
    2,
    1
  ]
}