{
  "seed": 3131,
  "n_episodes": 30,
  "ep_costs_hdr": [
    551.1190474387909,
    652.1098152859055,
    807.5411502641894,
    124.77186862421594,
    760.6034123613198,
    128.05673010270678,
    141.43289120616657,
    139.20912461910854,
    131.77200013980112,
    642.5882342402557,
    719.4096811111751,
    131.9101315379244,
    130.97861859230903,
    131.49792179355845,
    889.3231256790638,
    132.76322758265758,
    117.56064025739288,
    616.989805096302,
    126.8345853978482,
    122.64814592694584,
    130.45163814456052,
    134.88656651358502,
    128.69600912225653,
    864.6842859260755,
    620.9325561988461,
    118.37220770047045,
    119.44724797040938,
    630.1420028675981,
    131.5851261370266,
    134.45525203810726
  ],
  "ep_costs_pe": [
    569.0035678543651,
    682.063162326054,
    780.1229059848989,
    123.52581551581675,
    730.3207819733966,
    127.56455859269485,
    140.94858551964396,
    139.25893574443342,
    131.6519441327117,
    614.0658006781302,
    705.25870224794,
    131.28309465857788,
    130.96711387483373,
    130.83259784604127,
    972.9799488315326,
    132.82972954676865,
    115.74617351617573,
    601.9072918386697,
    125.96758569755967,
    122.16161433062241,
    130.05360581013784,
    134.43030699734277,
    128.4044482933195,
    915.9747327562575,
    616.376159015776,
    117.64595408336527,
    119.09872854344027,
    656.4010066525826,
    131.559930182005,
    133.94233996376022
  ],
  "ep_basins": [
    1,
    1,
    1,
    0,
    1,
    0,
    2,
    2,
    2,
    1,
    1,
    0,
    2,
    2,
    1,
    2,
    0,
    1,
    0,
    0,
    2,
    2,
    2,
    1,
    1,
    0,
    0,
    1,
    2,
    0
  ]
}