{
  "seed": 7474,
  "n_episodes": 30,
  "ep_costs_hdr": [
    134.79384832947053,
    124.90382400060733,
    128.83026060045077,
    607.104645876642,
    542.0084689319455,
    478.5273783745914,
    120.90742782457582,
    129.0980738885952,
    590.6666763156069,
    128.5657854670271,
    129.9705919441583,
    126.62903328275414,
    122.44593401760467,
    599.0733235647843,
    120.32788912868712,
    136.00763547669058,
    128.46907899088254,
    134.86922431133914,
    126.36319829612192,
    131.63382656014085,
    699.0374113676897,
    127.41614691515143,
    942.0973746457767,
    131.39144713124014,
    552.8472943042455,
    137.60257458478003,
    436.4246915715897,
    122.21346532499867,
    138.5363056654014,
    651.0177896244412
  ],
  "ep_costs_pe": [
    134.29012317657416,
    124.84884666503231,
    128.83489421306643,
    627.1029108625168,
    549.1701463373339,
    498.2846206900985,
    121.38955276682447,
    128.44123454736558,
    608.2264300052618,
    128.4233960158525,
    129.49802008738246,
    124.98571736714653,
    121.746867953052,
    634.0947566891248,
    119.95377968530912,
    135.41528745756887,
    126.56883119167021,
    134.24573889230004,
    125.27297210229383,
    130.8166638207978,
    708.9926017479756,
    125.79325241957297,
    919.1584875771251,
    130.03667904941122,
    550.9736841118039,
    137.246617172994,
    421.79921143301294,
    121.38088863412237,
    137.60746379732817,
    681.9500368621292
  ],
  "ep_basins": [
    2,
    2,
    2,
    1,
    1,
    1,
    2,
    0,
    1,
    2,
    2,
    0,
    0,
    1,
    0,
    2,
    0,
    2,
    0,
    0,
    1,
    0,
    1,
    0,
    1,
    2,
    1,
    2,
    0,
    1
  ]
}