{
  "seed": 9292,
  "n_episodes": 30,
  "ep_costs_hdr": [
    124.50707842670396,
    1018.147841697892,
    134.04869896585294,
    123.60596744234225,
    123.32981571099768,
    468.33727420147494,
    121.19250665208703,
    130.5357249231597,
    134.61363427898416,
    134.10264873693856,
    130.589068067264,
    133.5824634362704,
    126.60102227497924,
    133.33338027607962,
    123.12539579163546,
    133.0417443474269,
    125.64539253439585,
    134.3798336002663,
    651.1149756546761,
    578.8572673299625,
    667.3179644991615,
    117.81316951365395,
    904.4483143316475,
    121.40556568108205,
    129.58205615994245,
    651.3221145518932,
    126.7211823018282,
    131.41030046903856,
    454.77957144523094,
    128.23646830562598
  ],
  "ep_costs_pe": [
    123.57578098977143,
    1092.6509405897857,
    133.83420069111577,
    123.48097838303826,
    123.51088112570663,
    469.7057347090454,
    120.7054731390596,
    130.46427503499925,
    134.58450689071253,
    132.5658776390079,
    129.9926674588848,
    131.83842287515148,
    125.51090983703119,
    132.90709553713748,
    123.2299694804452,
    130.0457355718558,
    124.93733820509777,
    133.9745841468704,
    635.4053320338788,
    604.6855799836139,
    710.8033341657072,
    117.3810694547679,
    894.276356442727,
    121.21372660835259,
    128.7379890052302,
    667.9203508465088,
    126.6910666694643,
    130.84849414993644,
    461.7369306470206,
    127.7655619721234
  ],
  "ep_basins": [
    0,
    1,
    2,
    2,
    0,
    1,
    0,
    2,
    2,
    0,
    0,
    0,
    0,
    2,
    2,
    0,
    0,
    2,
    1,
    1,
    1,
    0,
    1,
    2,
    2,
    1,
    2,
    2,
    1,
    2
  ]
}