{
  "seed": 2424,
  "n_episodes": 30,
  "ep_costs_hdr": [
    586.5612798874286,
    740.6683142775374,
    601.9024225490703,
    129.3670266832508,
    118.00082167488738,
    546.8649512552082,
    495.18597376944,
    615.0429669634105,
    126.46610515870407,
    118.67778512439016,
    464.4863520060645,
    117.9319457578058,
    753.8529769236941,
    124.11263004248308,
    523.9208145289299,
    131.30883800901478,
    123.6373073254255,
    135.1441369244084,
    135.50456878662018,
    129.4169337896436,
    121.94020661821828,
    122.0671989807077,
    127.30645219343506,
    588.3913596389106,
    428.7375012937096,
    119.4255292938552,
    130.55052824928765,
    740.5198980656132,
    133.68510563302513,
    131.36730265221073
  ],
  "ep_costs_pe": [
    610.311603176616,
    785.676648136116,
    630.7403300046453,
    127.67271851299385,
    117.36960570367587,
    549.979855757623,
    503.0290716179927,
    628.8832521694092,
    124.83910766055325,
    118.68493160496548,
    483.1166455779677,
    115.74090275475419,
    805.7829831898108,
    123.31359673930044,
    535.998275036916,
    129.92439266109125,
    122.90401389350328,
    134.97683596723877,
    135.13123698914694,
    129.24047402194526,
    121.91446420289257,
    121.06210095868735,
    127.34645893344302,
    571.9854882562207,
    416.65083297822434,
    116.6427659404589,
    128.8482330102312,
    810.9651445433657,
    133.91815394350607,
    131.40638892092826
  ],
  "ep_basins": [
    1,
    1,
    1,
    0,
    0,
    1,
    1,
    1,
    0,
    2,
    1,
    0,
    1,
    2,
    1,
    0,
    0,
    2,
    2,
    2,
    2,
    0,
    2,
    1,
    1,
    0,
    0,
    1,
    2,
    2
  ]
}