{
  "seed": 4949,
  "n_episodes": 30,
  "ep_costs_hdr": [
    470.7166350407194,
    944.5220549175626,
    467.2921521809344,
    453.59234409713594,
    129.6147890623861,
    135.35510705966794,
    124.64071214524155,
    126.2859697486833,
    606.4857082008663,
    120.26881267954276,
    129.83666008593545,
    120.53276076207311,
    126.96957733141375,
    121.77745535022082,
    487.33430207787103,
    134.80324033633954,
    844.5177556333132,
    504.42377508997674,
    118.70078017640272,
    123.06759588625961,
    128.78085805876614,
    124.73069426792705,
    505.8967841211473,
    123.96825658082976,
    611.4900409825932,
    127.24737669652488,
    127.43849375627956,
    131.15341449141656,
    125.17376537428648,
    406.2540211689428
  ],
  "ep_costs_pe": [
    474.93257678264916,
    966.1213493092083,
    477.69658783830215,
    450.3012435757331,
    129.41235118223457,
    133.23125034408957,
    123.66554253782594,
    124.61669837527937,
    650.6454337105118,
    119.52122570803006,
    129.92109572597073,
    120.60614037956496,
    127.30518212772905,
    120.41408833128277,
    485.58033117248345,
    132.9454241296553,
    923.6513369722634,
    511.7911422685799,
    117.36606307450678,
    123.03700823513033,
    128.35820631925463,
    124.7187643561067,
    525.0248478333573,
    122.9572713659611,
    625.7663777350907,
    127.15152874359964,
    127.44920835160441,
    130.95987852903295,
    124.80133458472456,
    417.64151266343725
  ],
  "ep_basins": [
    1,
    1,
    1,
    1,
    2,
    0,
    0,
    0,
    1,
    2,
    0,
    2,
    2,
    0,
    1,
    0,
    1,
    1,
    0,
    2,
    0,
    2,
    1,
    0,
    1,
    2,
    2,
    2,
    2,
    1
  ]
}