{
  "seed": 6464,
  "n_episodes": 30,
  "ep_costs_hdr": [
    1100.0676641944397,
    118.39117748654161,
    126.40318257579521,
    125.93551410825474,
    118.93588488013232,
    1053.1248059741276,
    897.9967852972513,
    127.42863888367113,
    127.70871345146237,
    122.95924930952019,
    128.85160646535178,
    677.90182942305,
    140.7595190513936,
    131.93743166176614,
    115.01147754302691,
    122.40870540412301,
    123.41038213601063,
    458.8244963079093,
    126.43718780066455,
    131.157390830052,
    121.61704024489863,
    129.29809175293872,
    751.8947472880752,
    907.8085631086357,
    112.69619497436231,
    127.44460997555372,
    1250.204000864911,
    829.5928034048476,
    711.6486967730865,
    656.0371745928144
  ],
  "ep_costs_pe": [
    1132.6994066341258,
    118.28349262274196,
    125.42635442451015,
    124.70810673491393,
    117.91832676526519,
    1121.4450723660486,
    941.7516154375024,
    127.3159529573066,
    126.9419002344567,
    122.95003005246942,
    128.41547803053552,
    725.5867701019637,
    140.08845661199118,
    131.8943447316632,
    115.26213514018472,
    121.78691146952553,
    123.53085179065776,
    479.7469592143965,
    126.01401198247068,
    129.92283936481775,
    122.21950342312873,
    129.2535386371896,
    711.002966857373,
    931.2721125069975,
    112.42359276419951,
    126.15507342060222,
    1369.8484662491487,
    857.2986352035017,
    756.9162279443558,
    715.9011573009554
  ],
  "ep_basins": [
    1,
    2,
    0,
    0,
    0,
    1,
    1,
    2,
    0,
    2,
    2,
    1,
    0,
    0,
    2,
    0,
    2,
    1,
    0,
    0,
    2,
    2,
    1,
    1,
    2,
    0,
    1,
    1,
    1,
    1
  ]
}