{
  "seed": 9494,
  "n_episodes": 30,
  "ep_costs_hdr": [
    685.5621264901014,
    115.11645087636366,
    755.8310708211789,
    582.7973615842352,
    528.9444944225885,
    137.1282080235691,
    790.0918474486429,
    129.30302506481416,
    128.94713533918988,
    128.2730295831455,
    131.1695517760945,
    129.15929165901508,
    125.20254506235263,
    135.2885362172667,
    134.9049341946668,
    122.16772333462113,
    519.363829247403,
    969.6045633876757,
    583.4798981578392,
    533.0735651205105,
    135.01684759536522,
    122.92240269795664,
    124.34556301154251,
    584.2692693138414,
    611.0361549312252,
    127.45183778563867,
    127.23499003527564,
    137.14707030954273,
    130.31858529093725,
    136.23642870166742
  ],
  "ep_costs_pe": [
    718.829611714675,
    114.06761266827743,
    797.8419282703474,
    539.7912633021019,
    540.4503038158886,
    136.94538430617652,
    849.3672842148417,
    128.966170849133,
    129.40150487369593,
    127.91900466444028,
    130.52976916573627,
    128.87310287535593,
    124.03412070039802,
    135.0765402398571,
    134.35625873722685,
    121.1860038363646,
    499.32370865331956,
    1049.4828218267962,
    601.1426873813648,
    568.5472861900511,
    133.18437382509282,
    121.42350382084796,
    123.96523725497411,
    614.8029504604582,
    629.3427128452037,
    126.86496689284928,
    126.51002899293692,
    137.30203701473232,
    127.23455406535405,
    135.93385023094805
  ],
  "ep_basins": [
    1,
    0,
    1,
    1,
    1,
    2,
    1,
    2,
    2,
    2,
    2,
    2,
    0,
    2,
    2,
    0,
    1,
    1,
    1,
    1,
    0,
    0,
    0,
    1,
    1,
    0,
    0,
    2,
    0,
    2
  ]
}