{
  "seed": 8686,
  "n_episodes": 30,
  "ep_costs_hdr": [
    137.8201392517215,
    129.27570874694283,
    126.88700499002726,
    124.57328973167532,
    121.72466532690171,
    1059.3594392128293,
    129.9095906444521,
    711.994802792262,
    119.26187324960765,
    134.25628083907048,
    122.66447033748325,
    126.397366055783,
    131.2046108120744,
    127.51316211564888,
    818.061100098407,
    126.66018756902731,
    429.33114644189124,
    695.8153564597305,
    787.6457117495256,
    128.98983205881,
    126.85266895798507,
    129.5019252873354,
    505.159477784448,
    125.4424216660318,
    125.82499003503273,
    1003.0040535293545,
    126.22778874269235,
    1070.5108680551416,
    129.79166445524217,
    132.69570707121485
  ],
  "ep_costs_pe": [
    137.5792919594313,
    128.99503859042412,
    126.6059248397916,
    123.11716076002287,
    121.15407903396753,
    1188.8778461269449,
    128.2260303160561,
    787.6439556843637,
    118.50494793064038,
    132.42662251491026,
    121.23914371275869,
    126.010925458778,
    131.26249615431894,
    127.3758760565769,
    863.7225334677827,
    126.18861886546568,
    445.5460776564511,
    721.853251393661,
    869.6895260681417,
    129.28791532239123,
    125.60847983729995,
    129.23375027458113,
    507.5878969055309,
    125.27546750932845,
    124.85683871878975,
    1021.0184816795003,
    126.10692881707217,
    1152.4917766011706,
    129.92409228204158,
    132.49955957469942
  ],
  "ep_basins": [
    2,
    2,
    0,
    0,
    2,
    1,
    0,
    1,
    0,
    0,
    0,
    2,
    2,
    2,
    1,
    0,
    1,
    1,
    1,
    0,
    0,
    2,
    1,
    2,
    0,
    1,
    2,
    1,
    2,
    2
  ]
}