{
  "seed": 2323,
  "n_episodes": 30,
  "ep_costs_hdr": [
    869.0388911009672,
    124.87092782258301,
    125.26493209248187,
    118.93315463281006,
    617.9078832095738,
    132.68885144219877,
    1011.5880546049117,
    123.01673127317123,
    133.2423575387661,
    124.9223070748615,
    684.7367162428611,
    121.81713770043476,
    114.71643664659811,
    121.78509830331717,
    119.29413993702265,
    130.43445696625557,
    606.3941341629921,
    441.1962153209172,
    127.1608947637304,
    113.56562451647525,
    712.8388252675693,
    119.06071920173915,
    700.6969751558024,
    749.9618873528337,
    523.2003609623225,
    525.6447147664168,
    123.89834148771737,
    124.57048550447605,
    453.24864504460606,
    131.41532568182828
  ],
  "ep_costs_pe": [
    957.7031160836846,
    124.78299881325302,
    124.77610901960881,
    117.01938437016504,
    648.7592382250754,
    132.36502642913308,
    1019.028842902932,
    123.54475650645018,
    132.77031880397382,
    123.46983966519576,
    786.3911121625339,
    122.01333223627906,
    114.28386430545038,
    119.97336843160149,
    119.38209791113911,
    129.1223285010468,
    653.7533761056904,
    464.79268244199295,
    127.21657548522165,
    113.26776252635524,
    804.4836518346084,
    118.0227745557045,
    754.1370894953088,
    802.1879004558742,
    563.5456395335009,
    550.1956569209615,
    122.81648161779688,
    123.83212799549923,
    458.34043726159894,
    131.4607784767618
  ],
  "ep_basins": [
    1,
    2,
    2,
    0,
    1,
    2,
    1,
    2,
    2,
    0,
    1,
    2,
    0,
    0,
    2,
    0,
    1,
    1,
    0,
    0,
    1,
    0,
    1,
    1,
    1,
    1,
    0,
    0,
    1,
    2
  ]
}