{
  "seed": 5151,
  "n_episodes": 30,
  "ep_costs_hdr": [
    135.27642703370174,
    453.588070090037,
    125.75524898727213,
    125.7885599407374,
    127.48041932836091,
    137.20572827519868,
    148.29960757163045,
    121.1897348416953,
    114.79182419344833,
    133.92314900964857,
    130.14758177820886,
    125.36981636812703,
    130.78101395925353,
    117.31583384485327,
    124.76373092097309,
    127.37418306418795,
    122.8462524269823,
    133.8660188464924,
    134.32634802505873,
    134.31000374315644,
    530.0764344089201,
    127.68688873673531,
    127.42034253131206,
    503.5903714989893,
    912.6758114721385,
    139.20968896449222,
    527.5957227692857,
    122.57165729887505,
    135.14432908530176,
    125.00748070147682
  ],
  "ep_costs_pe": [
    133.7114249165382,
    449.0392195538826,
    125.93980087312141,
    125.24362419251337,
    127.41580766572794,
    134.93594707168742,
    147.65565452708213,
    120.90694234186387,
    115.1067321851557,
    134.45739252009275,
    129.76413735254565,
    124.8503827094518,
    129.93864896363297,
    116.30445302634395,
    125.11060154208101,
    127.15339677207763,
    121.883319010314,
    132.17508212522722,
    132.68284895735837,
    133.91407421165525,
    567.996661505182,
    128.2440871109675,
    127.71530449138136,
    523.087715434198,
    955.3146217062374,
    138.2492743316017,
    537.1934515527837,
    121.03032256761412,
    135.8753677625829,
    124.35212735701978
  ],
  "ep_basins": [
    0,
    1,
    0,
    0,
    0,
    0,
    0,
    0,
    2,
    2,
    2,
    0,
    0,
    0,
    2,
    0,
    0,
    0,
    0,
    2,
    1,
    2,
    2,
    1,
    1,
    0,
    1,
    0,
    2,
    0
  ]
}