{
  "seed": 4343,
  "n_episodes": 30,
  "ep_costs_hdr": [
    575.0648538449354,
    122.58729977391671,
    566.2643487095718,
    126.2077406098107,
    131.28810131879618,
    529.8763885840657,
    777.8932127616685,
    875.5778913159348,
    134.74647751643957,
    136.90425043517214,
    775.198164047526,
    125.04549765184896,
    132.25195930019666,
    112.6053016248475,
    112.38309532050596,
    125.81649612314838,
    128.8714337954045,
    135.3683532196119,
    131.9387988984397,
    568.2659605601414,
    134.48515773958525,
    127.33055455751142,
    120.20743250594869,
    610.9016664752813,
    135.7272205971129,
    624.4086062414879,
    633.8605191706114,
    641.0283948604097,
    662.507691499977,
    134.42014891572873
  ],
  "ep_costs_pe": [
    536.2778885457781,
    121.75667693693705,
    599.5782518280747,
    125.40711600710286,
    131.60691122415747,
    556.1360846518949,
    852.4552590877211,
    899.6564345604164,
    133.1046139111192,
    136.49731951912898,
    794.1806998698414,
    124.01704911587326,
    131.64442529172888,
    111.52596479741486,
    111.5621118434723,
    125.71439728651882,
    129.28323736266907,
    134.9502354213566,
    131.6000543476348,
    577.4833908907573,
    132.77892438971665,
    127.06752317900909,
    119.51421460729578,
    670.1364313093577,
    135.9054208956281,
    664.8951097029088,
    674.9272958120231,
    602.6509734795966,
    707.4651835882373,
    132.90821479701194
  ],
  "ep_basins": [
    1,
    0,
    1,
    0,
    2,
    1,
    1,
    1,
    0,
    2,
    1,
    0,
    2,
    0,
    0,
    0,
    2,
    2,
    2,
    1,
    0,
    2,
    0,
    1,
    2,
    1,
    1,
    1,
    1,
    0
  ]
}