{
  "seed": 6262,
  "n_episodes": 30,
  "ep_costs_hdr": [
    114.28042627221873,
    619.282077108342,
    132.84510463227397,
    470.4685328791627,
    113.31764054493574,
    555.8669719248112,
    116.50011621480787,
    519.2007009406146,
    125.3408057321614,
    624.857201643786,
    732.5847384983336,
    129.756263899815,
    442.64830557567683,
    124.87917056090045,
    139.89219844978052,
    813.3511149745143,
    123.84436649753923,
    986.059863746915,
    128.92668322795794,
    604.349279445444,
    134.39143714050607,
    123.21780109809492,
    727.2934362373865,
    129.21154017921174,
    497.4521066452335,
    124.94266987702237,
    121.51085369664682,
    553.6525687872453,
    125.80974077860051,
    133.4347109172388
  ],
  "ep_costs_pe": [
    112.97172346855943,
    661.4444816072765,
    132.599597320978,
    493.4133688907657,
    113.2151988907048,
    536.2166872821165,
    114.60898620746985,
    539.4049393491086,
    123.73699292727336,
    652.8726084314276,
    757.6007044095192,
    128.69562685986034,
    451.4627594093248,
    124.48858594984664,
    139.0979141098498,
    868.272909654003,
    123.93156100434882,
    970.6941438946226,
    127.94448121065454,
    639.3109825109598,
    134.0308633877887,
    123.0035771574835,
    743.57234857485,
    128.88748416919174,
    514.9441290649479,
    125.1767123931399,
    121.30681230300314,
    559.6715827029135,
    124.96125301441839,
    133.27665274261858
  ],
  "ep_basins": [
    0,
    1,
    2,
    1,
    2,
    1,
    0,
    1,
    0,
    1,
    1,
    0,
    1,
    2,
    0,
    1,
    2,
    1,
    0,
    1,
    2,
    2,
    1,
    2,
    1,
    2,
    2,
    1,
    0,
    2
  ]
}