{
  "seed": 4242,
  "n_episodes": 30,
  "ep_costs_hdr": [
    116.37065771836,
    629.9865363024787,
    497.04032551499455,
    134.17780899255357,
    125.92572350877097,
    125.93647662413048,
    120.35128445826325,
    419.3423499159135,
    126.91041788894688,
    608.7101183775541,
    121.2005042259874,
    630.0944601139807,
    588.7535794711359,
    125.25305854430077,
    128.01370764600412,
    648.6438518925552,
    448.10648521978004,
    129.91889345285244,
    126.15437574781735,
    425.9354460294536,
    617.3851902083601,
    109.63744440001693,
    135.40742256612882,
    126.9681079442334,
    123.72683334659533,
    120.80713230082779,
    130.00612036238718,
    127.61408610805137,
    126.16910001868212,
    126.32202403327035
  ],
  "ep_costs_pe": [
    116.37099696553251,
    652.8948231370114,
    492.03227090219747,
    132.73711734717355,
    125.3329150971895,
    125.35441331107053,
    120.31391431406934,
    428.6695374470605,
    127.03744761555097,
    629.3276943789716,
    120.95562254697741,
    653.3083814161199,
    608.2445366486747,
    125.21291418996778,
    128.12611923141515,
    705.4194856780352,
    478.46301511429635,
    129.20461766393973,
    126.00923834327303,
    411.8389861765416,
    660.6745726192806,
    109.34340592669741,
    134.7033741032557,
    126.7619163532739,
    122.56547130767115,
    120.16328897253587,
    129.8071268110568,
    127.9864616400846,
    126.24132832574008,
    126.21088686442859
  ],
  "ep_basins": [
    0,
    1,
    1,
    0,
    2,
    2,
    2,
    1,
    2,
    1,
    2,
    1,
    1,
    2,
    2,
    1,
    1,
    0,
    2,
    1,
    1,
    0,
    2,
    2,
    0,
    0,
    2,
    2,
    2,
    2
  ]
}