{
  "seed": 1111,
  "n_episodes": 30,
  "ep_costs_hdr": [
    127.09602918881497,
    134.71688235781522,
    129.36862929827214,
    130.41350260982506,
    433.67795964929434,
    518.8066686123332,
    400.5022591498762,
    587.3025513160219,
    129.72498510681808,
    134.77962689151772,
    133.68947702298937,
    125.8866244659594,
    135.34067527864536,
    128.40457697662444,
    122.09595359493366,
    129.80198868947446,
    131.14159009701535,
    591.3269478945634,
    135.51725716415996,
    135.00116993845774,
    136.99414791243038,
    124.28570838749503,
    123.97952334338993,
    498.49445566056784,
    133.3407699219688,
    119.78938303206311,
    637.1056481648711,
    132.87939493176228,
    570.0411649650453,
    122.2336799217539
  ],
  "ep_costs_pe": [
    126.82447611475986,
    134.33786637684622,
    127.84180566937853,
    128.48525389529902,
    434.65468807125404,
    558.4730200074586,
    405.5245041575309,
    576.877788535411,
    128.71756012619932,
    134.28268400735797,
    132.78452780190568,
    125.59627753584304,
    134.85399178154526,
    127.98642614055612,
    120.77591334275373,
    128.3927239056138,
    129.86219870816382,
    623.9538956473275,
    134.67672341047046,
    134.88125224527587,
    136.0026804496995,
    122.66039552908676,
    123.9022833161262,
    495.90446375613305,
    132.98103059293877,
    119.58086367391564,
    637.3744808989559,
    132.12083177713362,
    581.0551283610342,
    121.71720860738125
  ],
  "ep_basins": [
    2,
    2,
    0,
    0,
    1,
    1,
    1,
    1,
    0,
    2,
    2,
    2,
    2,
    2,
    0,
    0,
    0,
    1,
    0,
    2,
    0,
    0,
    0,
    1,
    0,
    0,
    1,
    2,
    1,
    0
  ]
}