{
  "seed": 1515,
  "n_episodes": 30,
  "ep_costs_hdr": [
    111.50334598430398,
    988.1730399417779,
    111.8473479095749,
    676.2203334840872,
    132.84487139373238,
    524.5727774820377,
    453.0966891152851,
    540.2294355470283,
    124.7958879342232,
    600.3735157291314,
    561.4439689768878,
    126.29556943252902,
    475.7026800132041,
    120.15888669836961,
    464.10936576374206,
    133.37536314078312,
    559.9779873850936,
    125.06196319260333,
    125.0167226011102,
    125.27109931266999,
    125.44073174967598,
    122.56105397495898,
    126.71034735061649,
    114.58532941775816,
    132.31156879395925,
    137.3218307376411,
    684.6025350641538,
    117.12336828914832,
    132.75910332107082,
    567.8024332862713
  ],
  "ep_costs_pe": [
    111.31509854366583,
    1050.9285251618292,
    111.71979704034032,
    716.1545070274564,
    131.58044922873273,
    548.7318069820583,
    450.1370026101207,
    571.364474216159,
    124.25400839318242,
    636.1039036493581,
    546.7315125597183,
    125.14451563066598,
    487.86673472552116,
    120.12751226019522,
    456.0508018057502,
    132.84138940374822,
    557.1859609856186,
    123.89627161238712,
    125.27155042399481,
    125.06318432944879,
    125.28631510109322,
    122.81914982954962,
    125.33550749827394,
    114.36335577559531,
    132.49536503442346,
    135.82435674835358,
    740.1315360258826,
    116.10891105226372,
    132.8205921941984,
    585.8265852481243
  ],
  "ep_basins": [
    0,
    1,
    0,
    1,
    0,
    1,
    1,
    1,
    2,
    1,
    1,
    0,
    1,
    2,
    1,
    0,
    1,
    0,
    2,
    2,
    2,
    2,
    0,
    0,
    2,
    0,
    1,
    0,
    2,
    1
  ]
}