{
  "seed": 7575,
  "n_episodes": 30,
  "ep_costs_hdr": [
    138.0742468955177,
    644.9290504822084,
    517.1993714960819,
    505.02253919930274,
    131.05093755478916,
    126.10282383387901,
    119.29527754988733,
    137.78159662190276,
    131.83640544279334,
    125.6958421599315,
    124.55557998689432,
    128.16798260570985,
    768.614461852636,
    126.31384083708636,
    127.40442266352264,
    128.28637493388945,
    482.5121240547455,
    522.2731032321278,
    580.8243796388442,
    140.63072666402408,
    634.7911785395244,
    558.8261695564233,
    129.2113725337831,
    482.8379088800479,
    126.75697432186523,
    905.8527965541421,
    126.37156284518659,
    143.41846739127388,
    582.9671719637525,
    122.93745419935985
  ],
  "ep_costs_pe": [
    136.65109459853866,
    652.1257763235732,
    535.2854027676149,
    510.9563510102882,
    130.6389767993792,
    125.4804958949896,
    117.74365755777553,
    136.65499243792763,
    130.99580718532974,
    125.51193014166434,
    124.61620969684249,
    127.68179040629951,
    825.7580903008567,
    125.04420482241599,
    127.3539591540873,
    128.06997769549454,
    489.20489837831843,
    527.6167358411028,
    602.827715125301,
    139.0517199956697,
    646.2598194773694,
    571.2834494056743,
    127.89928896528592,
    496.5450461787016,
    126.58429389269979,
    937.7711493721347,
    126.2579450352457,
    143.01411030601122,
    614.5841745718519,
    122.2055824313473
  ],
  "ep_basins": [
    0,
    1,
    1,
    1,
    2,
    2,
    0,
    0,
    0,
    2,
    2,
    0,
    1,
    0,
    2,
    2,
    1,
    1,
    1,
    0,
    1,
    1,
    0,
    1,
    2,
    1,
    2,
    0,
    1,
    2
  ]
}