{
  "seed": 5656,
  "n_episodes": 30,
  "ep_costs_hdr": [
    123.08994424361815,
    121.11989328902195,
    127.03928620027905,
    122.92225237368861,
    565.4562006126142,
    607.0706443250157,
    121.39363546834964,
    135.63006997557488,
    134.61976747292294,
    129.8192811639144,
    139.96994757295636,
    133.79894938934265,
    132.68452644615576,
    135.20236821100636,
    128.45946395826098,
    131.47934707007065,
    626.3859819707554,
    673.619255914214,
    126.93988256505622,
    506.3064011663631,
    130.41131466809256,
    123.38086848737842,
    129.9978359184783,
    739.8304451977235,
    126.64589271501728,
    124.56695986453077,
    125.90194800034402,
    125.8172569840528,
    136.4861362365154,
    122.09246296958428
  ],
  "ep_costs_pe": [
    123.01893549443179,
    120.96584000015781,
    127.15184293301878,
    123.10694831915387,
    600.2410900122876,
    580.6455389606467,
    120.91884175798349,
    135.82376008042,
    133.85452779895334,
    129.45321536760906,
    139.36064479722023,
    134.2852575810708,
    130.38382676473645,
    135.38655322938087,
    128.099566818683,
    129.719136267819,
    622.0386163225367,
    741.1753552654178,
    125.60268999908047,
    539.8072955782021,
    129.8518693096024,
    123.87621781116671,
    129.38574898112233,
    715.5565445540282,
    126.31403952289703,
    124.20066992570538,
    125.6006365678528,
    125.43624519247432,
    136.3817714205374,
    122.43406242987561
  ],
  "ep_basins": [
    2,
    2,
    2,
    2,
    1,
    1,
    0,
    2,
    0,
    2,
    0,
    2,
    0,
    2,
    2,
    0,
    1,
    1,
    0,
    1,
    2,
    2,
    0,
    1,
    2,
    0,
    2,
    2,
    2,
    2
  ]
}