{
  "seed": 7979,
  "n_episodes": 30,
  "ep_costs_hdr": [
    540.8592485547348,
    580.5589673180635,
    121.3876436529173,
    636.1984099363972,
    127.00390625929644,
    624.8647686878331,
    117.53250170567516,
    668.0928316926787,
    124.81871091329296,
    852.2304135538833,
    762.2304008500047,
    130.95593414487496,
    710.4002309571546,
    819.8057507617614,
    125.60605103293052,
    138.420991672799,
    614.4759701052678,
    629.8555028748448,
    957.4638010152163,
    119.12615808147231,
    129.02358897030018,
    133.6599029521902,
    127.24715459964474,
    127.68556957768692,
    130.03337646403375,
    132.85971439710136,
    128.043604389678,
    753.114064270842,
    118.59716114652082,
    115.47246890964124
  ],
  "ep_costs_pe": [
    548.7584264468503,
    582.233314190779,
    119.77877038137878,
    666.4244747350275,
    126.52855726750653,
    645.9078603078625,
    116.03581314903671,
    698.9259247172486,
    124.13171933490665,
    850.1204211986374,
    739.9494677929156,
    129.61992322802968,
    746.6527273462885,
    866.5565031433993,
    125.55548847749095,
    138.42677406540759,
    636.9387192446277,
    656.828618075804,
    1038.82553685059,
    117.97314186108488,
    128.22416543873493,
    133.50756470156813,
    127.2646481614162,
    126.59326873456223,
    130.0959422453594,
    132.61690252114013,
    126.53798567697804,
    729.1993174309055,
    117.69413233398257,
    115.7536620364412
  ],
  "ep_basins": [
    1,
    1,
    0,
    1,
    2,
    1,
    0,
    1,
    0,
    1,
    1,
    0,
    1,
    1,
    2,
    2,
    1,
    1,
    1,
    0,
    0,
    2,
    2,
    0,
    0,
    2,
    0,
    1,
    0,
    0
  ]
}