{
  "seed": 4444,
  "n_episodes": 30,
  "ep_costs_hdr": [
    117.19395428938677,
    122.9095613058081,
    127.49857146899639,
    132.82892539350152,
    136.12874379859707,
    132.7371471965697,
    541.9403832584308,
    529.5150524947154,
    681.2062181808695,
    408.9055547150324,
    546.5240195662498,
    117.64800403456779,
    131.24993830723065,
    130.1181445350044,
    819.4619497995938,
    122.48946330725715,
    669.973016921073,
    124.09030058024973,
    476.45617521953136,
    120.43104539567844,
    418.4992465347916,
    129.93817893096895,
    521.8394930062344,
    664.9625360162229,
    121.22145492514777,
    131.0068994481284,
    657.7282994331882,
    128.79770282786643,
    127.95489516493838,
    668.6257203087011
  ],
  "ep_costs_pe": [
    116.91795498910122,
    123.0602086795007,
    127.73435710859344,
    132.6365515142435,
    134.70873348860113,
    131.62069851441447,
    572.1354722967,
    486.3273679667835,
    733.144291739357,
    408.9194233492421,
    552.1679640853379,
    116.76702892861552,
    131.03763498592753,
    129.29355489383653,
    875.8863450024845,
    121.95905890879766,
    753.033553336254,
    123.67041730767772,
    490.21149624008035,
    120.07251361896873,
    437.17313007693724,
    129.7882089014309,
    489.40852911127587,
    712.905065932947,
    119.23589460273509,
    131.01914900955688,
    646.072105221848,
    128.649784715387,
    128.16677982982958,
    727.0641868292201
  ],
  "ep_basins": [
    0,
    2,
    2,
    2,
    0,
    0,
    1,
    1,
    1,
    1,
    1,
    0,
    2,
    2,
    1,
    0,
    1,
    0,
    1,
    2,
    1,
    2,
    1,
    1,
    0,
    2,
    1,
    2,
    2,
    1
  ]
}