{
  "seed": 1212,
  "n_episodes": 30,
  "ep_costs_hdr": [
    122.70933707788663,
    127.24752049472855,
    120.31846069878759,
    132.14100066709898,
    122.79840371838652,
    707.6107619427014,
    127.5023779667134,
    724.7099305750976,
    127.8245659563689,
    121.57434259647377,
    123.84223118010681,
    841.2797447299663,
    125.6167730419855,
    124.39137725175357,
    134.62667719913892,
    125.55992106170899,
    138.03635907080033,
    130.79038750272574,
    720.5445568382503,
    124.6188967599202,
    131.6181226512697,
    131.7029179202974,
    127.47544655397758,
    137.93697701590074,
    124.37325695884756,
    132.69282815144138,
    893.0122976662116,
    613.9390564622965,
    126.55345745869883,
    130.04426225699592
  ],
  "ep_costs_pe": [
    122.89214419131034,
    125.34375414609848,
    119.53812490855628,
    131.60225368119382,
    121.15411530925525,
    728.3974967255155,
    127.52834351921422,
    759.4541108060591,
    126.50808927626696,
    120.35203241533533,
    122.95011173450737,
    901.8641961756327,
    125.77881733303208,
    124.07397665140314,
    133.0336918722015,
    125.02184571395306,
    138.0091583549117,
    130.9790440230937,
    752.2424413313562,
    124.45697058756907,
    131.91676881748728,
    131.1314784396393,
    127.26119922195531,
    138.12534701730098,
    123.0736537554761,
    132.1823987883728,
    942.7842821086122,
    620.851083377262,
    125.99151477110799,
    128.80204636347315
  ],
  "ep_basins": [
    2,
    0,
    0,
    0,
    0,
    1,
    2,
    1,
    0,
    0,
    0,
    1,
    2,
    2,
    0,
    2,
    2,
    2,
    1,
    2,
    2,
    0,
    2,
    2,
    0,
    2,
    1,
    1,
    0,
    0
  ]
}