{
  "seed": 1717,
  "n_episodes": 30,
  "ep_costs_hdr": [
    128.83360022025295,
    596.5279218651827,
    138.89699628338542,
    132.02746994864478,
    599.7056693260828,
    122.87800762919179,
    135.87615606541473,
    128.7336287382674,
    118.97328787810346,
    137.50242183930402,
    133.10242388124001,
    122.32245328688387,
    123.8566998547522,
    535.3691558679634,
    466.76133763662096,
    549.4672549920457,
    132.12717552137772,
    118.86267604150642,
    129.51450051684589,
    130.8157996678934,
    126.28156329558976,
    137.68947819110284,
    132.5425599390284,
    125.29037895048758,
    621.3509491714107,
    128.5240290539203,
    121.31704436582422,
    138.6980017676718,
    551.054358254528,
    128.0995803072348
  ],
  "ep_costs_pe": [
    128.75015731799905,
    566.7292715426437,
    139.0563299645027,
    130.5589569768676,
    601.1651599929913,
    121.82430626149562,
    135.8099899207176,
    128.96144320739492,
    118.66103234692241,
    137.56853666234605,
    132.38193933475185,
    121.42989242522665,
    122.73517636315223,
    528.2272980500245,
    478.6918232613114,
    553.2546233106218,
    130.65366483112174,
    117.93045354259287,
    129.65943266836157,
    130.14224043117707,
    124.50868783773339,
    137.7244314089308,
    131.70188435640782,
    125.03640060440983,
    633.5559802674895,
    128.1890481074893,
    121.09638781306344,
    137.80978555026618,
    576.8220398459231,
    126.64968017892774
  ],
  "ep_basins": [
    2,
    1,
    2,
    0,
    1,
    0,
    2,
    2,
    0,
    2,
    0,
    0,
    2,
    1,
    1,
    1,
    0,
    0,
    2,
    2,
    0,
    2,
    2,
    2,
    1,
    2,
    2,
    0,
    1,
    0
  ]
}