{
  "seed": 9191,
  "n_episodes": 30,
  "ep_costs_hdr": [
    122.71058514964488,
    120.26745355768492,
    132.89993536636544,
    992.6302942601761,
    955.5687432818495,
    124.04485835282064,
    127.10160564754193,
    127.0770494421008,
    123.26449449181712,
    141.90828374796257,
    673.6305640554237,
    131.5311016810341,
    122.09913439857677,
    884.7796683414645,
    131.08089158508056,
    140.82299183186586,
    133.35688458498456,
    125.77478625923182,
    119.56494402000895,
    129.0622504518299,
    883.0178520226417,
    896.2110456683871,
    131.45859043696697,
    132.6504275969001,
    127.34806759283487,
    128.44611054201104,
    121.19686838553191,
    957.113939191163,
    137.42958613960226,
    131.27443065004098
  ],
  "ep_costs_pe": [
    123.05264210495008,
    119.72775171252238,
    132.7632562119061,
    1075.1485054399925,
    1039.634194532613,
    123.67066687758906,
    127.30470717244721,
    127.43798782989754,
    123.3205952604194,
    141.56806319706573,
    707.2985786296051,
    130.83740513884422,
    121.9432205934165,
    887.8534592165084,
    131.22507549820455,
    138.54858463161463,
    132.02607037208872,
    125.38693877811505,
    118.41562726058918,
    128.9858605252585,
    941.6970988100682,
    909.98548312789,
    131.57550856244205,
    130.0727634754225,
    125.67990570254871,
    126.86019151634628,
    120.80231919037034,
    981.0560556097095,
    136.24931299201276,
    130.6623338263265
  ],
  "ep_basins": [
    2,
    2,
    2,
    1,
    1,
    0,
    2,
    2,
    0,
    0,
    1,
    0,
    2,
    1,
    2,
    0,
    0,
    2,
    0,
    2,
    1,
    1,
    2,
    0,
    0,
    0,
    2,
    1,
    0,
    2
  ]
}