{
  "seed": 4848,
  "n_episodes": 30,
  "ep_costs_hdr": [
    468.5107696049581,
    122.97065895515172,
    130.25598568082657,
    129.6234175556383,
    529.5926052030146,
    572.7270821096274,
    586.737157469845,
    429.2925831375094,
    130.46690690974444,
    679.7531050228063,
    121.77574827594644,
    124.05734232114132,
    539.8018679667626,
    126.6117701152659,
    134.70664262937152,
    664.806605071685,
    129.2671841821787,
    509.87749050112427,
    628.5519456420525,
    637.0029948660616,
    128.11029525240315,
    120.60441178576026,
    129.97532862534757,
    124.81377714831972,
    119.92746259500936,
    129.4037217615236,
    122.19033027481923,
    125.63948750517692,
    130.43651663773437,
    134.73494706008248
  ],
  "ep_costs_pe": [
    495.9796615449611,
    121.51373191823231,
    129.6471789315898,
    128.11266017733772,
    545.7852822486773,
    586.6377108020797,
    597.3311056172121,
    428.09231564314,
    128.0896290471727,
    724.2246596479941,
    120.25957656030253,
    122.91087218104461,
    539.6995886852228,
    126.59232395136698,
    133.4858871267615,
    708.5491660688059,
    129.650071824321,
    539.5232257909456,
    678.1921348974355,
    702.04036504936,
    126.46417987021594,
    120.51918121441638,
    129.83609810089385,
    125.21015955594866,
    119.25018665214765,
    128.8911075807047,
    121.57940275390995,
    125.55856273118727,
    129.96404498785304,
    134.63910936999434
  ],
  "ep_basins": [
    1,
    0,
    0,
    0,
    1,
    1,
    1,
    1,
    0,
    1,
    0,
    0,
    1,
    2,
    0,
    1,
    2,
    1,
    1,
    1,
    0,
    2,
    0,
    2,
    2,
    0,
    0,
    2,
    2,
    2
  ]
}