{
  "seed": 606,
  "n_episodes": 30,
  "ep_costs_hdr": [
    1031.9988332379808,
    1735.114863453118,
    117.90191259796,
    130.9947534160444,
    957.4936502722898,
    127.08975444432805,
    132.7817643070249,
    135.4386537467243,
    132.517404479277,
    128.06589220184406,
    123.7781846055772,
    128.42873971164028,
    907.0516490697656,
    127.35695751385572,
    1190.5348498537485,
    1277.2340521860817,
    126.16640329710047,
    1922.5791969280199,
    125.46644351947022,
    132.84684003292253,
    1480.5397628161809,
    125.28016084495533,
    614.4784780927156,
    127.00559679041689,
    133.79781449808775,
    1796.3167832082697,
    120.62539455613816,
    2314.207908480249,
    131.56847681070343,
    125.3695396919523
  ],
  "ep_costs_pe": [
    1147.855881917041,
    1885.2846188813812,
    117.63059520219244,
    130.95275269088484,
    1013.1247094244042,
    125.61761721100841,
    133.15794885028362,
    135.4898258921521,
    132.76680692791058,
    128.06120951316046,
    123.28524385346942,
    128.6952863848504,
    1057.113665968319,
    126.74830442103608,
    1307.645046317401,
    1371.4542213848395,
    125.40709095389849,
    2006.4251550132017,
    124.58944379791195,
    132.78986171194384,
    1548.691976157573,
    124.58442466277816,
    680.6886071552527,
    127.38647939497844,
    131.96325416417878,
    1908.0368292635283,
    119.52158983589204,
    2458.2447213811115,
    130.25323683971894,
    123.59545792831209
  ],
  "ep_basins": [
    1,
    1,
    2,
    2,
    1,
    0,
    2,
    2,
    2,
    2,
    2,
    2,
    1,
    2,
    1,
    1,
    0,
    1,
    0,
    2,
    1,
    2,
    1,
    2,
    0,
    1,
    0,
    1,
    0,
    0
  ]
}