{
  "seed": 909,
  "n_episodes": 30,
  "ep_costs_hdr": [
    1032.4315440988019,
    643.3756869241025,
    118.12293979643971,
    123.39681079484654,
    138.77140218974284,
    134.17534436152673,
    118.97894739249872,
    113.85738485271155,
    127.56171548123832,
    514.392287167038,
    136.37658321295604,
    129.20037099176255,
    131.2084188938732,
    125.50776528052764,
    717.5658617677707,
    495.5171573374545,
    520.4219105264846,
    137.98072502639243,
    128.59325494375258,
    130.86380813561843,
    719.0317116864384,
    584.7219858202282,
    124.19719569234658,
    537.0705680829486,
    127.29657572760742,
    126.67427634894241,
    527.235548908662,
    736.9444965296301,
    129.66430577715178,
    444.65612955254517
  ],
  "ep_costs_pe": [
    1146.2400961807155,
    688.6676422392966,
    117.1895743280857,
    122.09303231583948,
    139.25714006644083,
    133.62110179470017,
    118.47647266483933,
    113.16927190874746,
    127.64003225607576,
    528.0006827684737,
    135.88001907400238,
    128.62492580173472,
    130.0575387371906,
    125.5553371465436,
    771.0723996010381,
    514.2712819459142,
    551.6458603739314,
    137.57736632569342,
    128.7153613243015,
    130.36501426081028,
    716.1457815772089,
    576.4310002549095,
    123.2039452217613,
    568.2036429982109,
    127.45172185284548,
    126.33402875419668,
    520.923330014132,
    803.8303614182175,
    129.50247121780694,
    438.7160763094859
  ],
  "ep_basins": [
    1,
    1,
    0,
    0,
    2,
    2,
    2,
    0,
    2,
    1,
    2,
    2,
    2,
    2,
    1,
    1,
    1,
    2,
    2,
    2,
    1,
    1,
    0,
    1,
    2,
    2,
    1,
    1,
    2,
    1
  ]
}