{
  "seed": 3232,
  "n_episodes": 30,
  "ep_costs_hdr": [
    710.1178217917466,
    128.4831222310222,
    115.6147730393789,
    132.0521422612256,
    458.8740701130439,
    134.12544711566034,
    114.36956287754873,
    125.97225506719522,
    1028.4228209727976,
    134.7276879223414,
    465.9255083574473,
    125.51420228163326,
    122.58802930815533,
    134.0459850306805,
    556.2187195003114,
    130.31362663356074,
    814.2948173298306,
    130.02092195278334,
    129.92881758629494,
    121.39897490588925,
    126.48068854000236,
    734.7778764022354,
    133.14609363375268,
    143.3218239687313,
    121.57892739675563,
    136.5271061437469,
    632.9924209445062,
    649.6807775108962,
    121.44708830447352,
    123.6138155779103
  ],
  "ep_costs_pe": [
    758.4768669084621,
    128.51312275368394,
    115.22254821762324,
    131.50217948909875,
    462.681552030472,
    134.08923200577863,
    112.92261701513648,
    126.00541526841943,
    1110.6694612331812,
    134.21430223841585,
    474.8194520734112,
    124.66314547111631,
    121.18928569561372,
    134.23320460714712,
    570.159242242169,
    130.513254583795,
    894.0990367638489,
    129.19804425075915,
    127.22822848500653,
    119.71417219282317,
    125.29582677220289,
    808.2208115522442,
    133.0323490699219,
    143.06745455841516,
    120.88768604089498,
    136.29961582267862,
    656.3778435284869,
    650.4006272393685,
    120.0655419029488,
    122.43637971604198
  ],
  "ep_basins": [
    1,
    2,
    0,
    2,
    1,
    2,
    0,
    2,
    1,
    0,
    1,
    0,
    0,
    2,
    1,
    2,
    1,
    2,
    0,
    0,
    0,
    1,
    2,
    2,
    0,
    2,
    1,
    1,
    0,
    0
  ]
}