{
  "seed": 4545,
  "n_episodes": 30,
  "ep_costs_hdr": [
    517.1620683147936,
    585.8646066651737,
    869.4984259323938,
    936.196162985655,
    498.4098640910863,
    134.59077328239445,
    136.6648173285551,
    139.66423030902394,
    133.61043192501054,
    584.2606525703545,
    133.15636869912498,
    132.2130741271188,
    129.38280565845372,
    133.422457190333,
    132.3342972003502,
    766.9781392469904,
    907.4112257798855,
    136.77588952768323,
    124.79350916927841,
    134.39507700840693,
    126.10377005071237,
    137.3221072281923,
    145.62587353184057,
    737.2389877632609,
    137.40750536161477,
    128.1129978842447,
    127.81638959280097,
    124.9715934810192,
    134.46570183265766,
    1134.7272122870927
  ],
  "ep_costs_pe": [
    518.8036323958218,
    608.2031471480835,
    913.3026268366455,
    937.0553462932935,
    482.70203380586474,
    133.40621035471574,
    136.5028283453952,
    139.24063697186315,
    130.35105874664487,
    595.2925674456752,
    132.1375767592112,
    131.72390389030278,
    129.3299961340722,
    132.79306976457963,
    132.1778524030314,
    770.2937435117883,
    939.1488693685986,
    135.6613777653791,
    124.97850333382675,
    133.7629494884479,
    125.99722049641557,
    137.11616791179765,
    144.97243781743734,
    769.4984686038136,
    137.21348314902548,
    127.5817778695608,
    127.83019709631434,
    124.97380924828403,
    133.50737244115746,
    1221.6617935201969
  ],
  "ep_basins": [
    1,
    1,
    1,
    1,
    1,
    0,
    2,
    2,
    0,
    1,
    2,
    2,
    0,
    0,
    2,
    1,
    1,
    0,
    2,
    2,
    2,
    0,
    2,
    1,
    2,
    2,
    2,
    2,
    2,
    1
  ]
}