{
  "seed": 808,
  "n_episodes": 30,
  "ep_costs_hdr": [
    641.9323785312986,
    120.7996291154875,
    128.39794782125878,
    117.33049966843123,
    119.83051446184353,
    476.26397384950013,
    122.04141854173582,
    126.39010884721213,
    124.05725146791926,
    129.61468884629446,
    125.55731723120792,
    774.2053257201096,
    123.10389802358311,
    455.84524077098166,
    128.59376083189133,
    529.5562775699714,
    129.9337577381388,
    126.20813378395417,
    130.14431859781624,
    122.03370010442008,
    456.468279144268,
    130.7558617485283,
    118.7266120799384,
    136.43746512466572,
    129.60125531628194,
    127.72516201845308,
    128.16295420009084,
    457.6364696511635,
    125.35125810150338,
    125.9471026609919
  ],
  "ep_costs_pe": [
    686.5969961345739,
    120.45327662014012,
    128.59498268043887,
    116.56537756690494,
    120.26836911417763,
    481.1010140596982,
    121.07296323661515,
    126.314166129022,
    124.27378088377958,
    129.33622930063808,
    125.3026104794126,
    821.2348259855686,
    122.6003329432839,
    470.2783299954618,
    128.47170879005586,
    552.7145361418395,
    129.72224925087153,
    126.33587504769409,
    130.2775426531635,
    121.21971909191463,
    440.7244673065251,
    130.2887431445837,
    118.20143258197683,
    134.72218347064776,
    129.72762197696483,
    127.69899602425872,
    127.42059248144267,
    460.77672165647346,
    126.08930892984817,
    125.24173240788426
  ],
  "ep_basins": [
    1,
    0,
    2,
    0,
    2,
    1,
    0,
    0,
    2,
    2,
    2,
    1,
    0,
    1,
    2,
    1,
    2,
    2,
    2,
    2,
    1,
    2,
    0,
    0,
    2,
    2,
    0,
    1,
    2,
    0
  ]
}