{
  "seed": 9797,
  "n_episodes": 30,
  "ep_costs_hdr": [
    124.96313518434758,
    128.20103327571698,
    114.24859542907737,
    616.7021634550275,
    124.1005109168049,
    541.9027132299652,
    124.50249770522034,
    127.16894920799177,
    120.5052563387379,
    126.38176049850682,
    125.51419482131891,
    545.3721553969605,
    123.27021060608345,
    121.46400735693078,
    137.08176723331673,
    642.6951571095499,
    125.6198477780417,
    132.32012777772238,
    530.4442216320784,
    138.59342636044846,
    548.3801248719891,
    121.99660045725348,
    122.16559569383342,
    719.0373889509864,
    121.79384579106531,
    786.7786087325699,
    121.03340673785648,
    128.91213531301645,
    137.25557465621267,
    122.95088189138596
  ],
  "ep_costs_pe": [
    125.1804740022927,
    128.27772985125443,
    113.81671120969114,
    651.0396642317806,
    124.39520122634099,
    568.692487832055,
    124.23555520939104,
    126.29862910390273,
    120.44439961597148,
    126.24438671776149,
    125.67188979998886,
    554.7756586463915,
    122.7795714868032,
    121.14313260577302,
    136.81117763390455,
    633.1650221941612,
    125.38992124983113,
    132.2001275650336,
    545.4861724963843,
    138.33263764901918,
    562.2804471001656,
    120.58649962819997,
    121.90426374731949,
    762.6749355348509,
    121.34770878803843,
    832.4714477929642,
    121.20399398030109,
    128.88777459899845,
    137.01151747038637,
    122.57369583057404
  ],
  "ep_basins": [
    2,
    2,
    0,
    1,
    2,
    1,
    0,
    0,
    2,
    2,
    2,
    1,
    2,
    0,
    2,
    1,
    2,
    2,
    1,
    2,
    1,
    0,
    0,
    1,
    0,
    1,
    2,
    2,
    2,
    2
  ]
}