{
  "seed": 2929,
  "n_episodes": 30,
  "ep_costs_hdr": [
    134.0655306625728,
    827.3328583296071,
    131.7391907306344,
    421.85428768070574,
    127.07694488706476,
    133.0697775760467,
    130.24655149841018,
    869.1708322390346,
    137.46365752735966,
    130.00668951518227,
    129.21771037790765,
    947.8651636727548,
    132.26576574920173,
    134.37216058774126,
    780.6334845331444,
    115.43828058263828,
    126.75726538552439,
    622.2127561846823,
    131.57545933238987,
    118.88194156906779,
    127.28719551191283,
    125.87520401006294,
    123.62572818631672,
    712.317658167959,
    696.0667317966855,
    126.9670993525407,
    134.81795392709202,
    129.17017678067015,
    680.9996766383409,
    122.73363351957212
  ],
  "ep_costs_pe": [
    131.81603565902228,
    882.166996803027,
    131.35427592884383,
    425.43758129594306,
    127.0174332347452,
    133.50036515532497,
    129.59026382157523,
    830.2658641715018,
    137.17614034963458,
    130.29864420517669,
    129.2506475843378,
    993.7229776488211,
    131.77713510016275,
    134.21900215121832,
    805.7777176385665,
    114.03898452107994,
    126.97738280684383,
    638.0588149330713,
    131.4022399263152,
    119.36838636221628,
    127.15660994880339,
    123.36510885251973,
    123.6653482665658,
    731.2232418135068,
    707.360919723405,
    122.66044195819227,
    134.54712632357896,
    128.42476288890433,
    721.9502088834455,
    121.46431187353721
  ],
  "ep_basins": [
    0,
    1,
    2,
    1,
    2,
    2,
    0,
    1,
    0,
    2,
    2,
    1,
    0,
    2,
    1,
    0,
    2,
    1,
    2,
    2,
    2,
    0,
    2,
    1,
    1,
    0,
    2,
    0,
    1,
    0
  ]
}