{
  "seed": 3535,
  "n_episodes": 30,
  "ep_costs_hdr": [
    130.01952223796638,
    664.8795784950293,
    120.37961823031318,
    527.3969882111846,
    543.0160229921305,
    118.71662099247487,
    125.65168872451622,
    121.3833504619455,
    134.40643177012797,
    921.9514042046495,
    539.0528817990456,
    126.71356478676267,
    132.33774768533686,
    125.87289621090319,
    122.66785042394339,
    529.7767493271359,
    124.96659630236417,
    562.4636199894652,
    130.92502021408703,
    123.13620408396807,
    122.13105287392167,
    137.54175214628708,
    120.98391308642327,
    121.90181738271397,
    828.8407407919503,
    429.359451737478,
    124.13116684764599,
    990.0639776898372,
    122.94045951412855,
    630.4209986629235
  ],
  "ep_costs_pe": [
    129.64501369476176,
    712.8067237978835,
    119.85565317126681,
    521.6289113522847,
    587.1759243100583,
    118.84938729026591,
    124.40777250596899,
    120.22356119293889,
    134.2078145718693,
    970.0472442339691,
    567.709657031142,
    124.68900327013529,
    131.24333734281456,
    125.49874133667761,
    121.14692679697687,
    535.7623231177241,
    124.32636068139237,
    561.8861755024753,
    130.41171162785847,
    122.08007044851931,
    122.33393796459106,
    136.90459336347257,
    120.25888182086165,
    121.38905350966573,
    918.9408253538054,
    435.1990612222,
    123.99976233465932,
    964.5397925138865,
    122.57459655872609,
    652.6760884164817
  ],
  "ep_basins": [
    2,
    1,
    0,
    1,
    1,
    2,
    0,
    0,
    2,
    1,
    1,
    0,
    0,
    2,
    0,
    1,
    0,
    1,
    2,
    0,
    2,
    2,
    2,
    0,
    1,
    1,
    0,
    1,
    2,
    1
  ]
}