{
  "seed": 7373,
  "n_episodes": 30,
  "ep_costs_hdr": [
    1025.7745500919675,
    729.5372519619477,
    131.43925480460246,
    606.0521892300555,
    125.66755951323258,
    832.9838427382766,
    541.2937530557055,
    127.97052076154144,
    133.00602035331667,
    133.9749032486144,
    694.8006965627605,
    559.0069322576463,
    131.43220183251873,
    129.05686255887895,
    131.94299417337515,
    849.9615235911934,
    757.7065450786781,
    123.56740277052991,
    794.6891423019354,
    1030.359696923261,
    132.05672415227178,
    431.47944729797666,
    132.98434054698672,
    746.3878367250842,
    529.1862363326879,
    121.44996998472493,
    665.3478599725645,
    134.8730996334387,
    959.1864866367004,
    129.4017615859639
  ],
  "ep_costs_pe": [
    1103.2223859283797,
    764.5182377909048,
    130.7909289205655,
    654.189257323769,
    124.99056880626097,
    819.8393171046806,
    581.1805876802811,
    127.60931978568344,
    132.49572300185278,
    133.55452609113087,
    740.4698502991259,
    579.5722548725395,
    129.13032919466752,
    128.95616554145712,
    130.9981738664212,
    788.4732754304468,
    722.430047498638,
    121.96926110095049,
    882.0357634071886,
    1058.4884206984457,
    130.30523315614428,
    439.93310936440093,
    131.7586768364276,
    808.5006464721599,
    483.2382658078083,
    121.53470305879651,
    738.0593312009963,
    133.57463984421435,
    1065.6254881141704,
    128.4222070959852
  ],
  "ep_basins": [
    1,
    1,
    0,
    1,
    0,
    1,
    1,
    2,
    0,
    0,
    1,
    1,
    0,
    2,
    0,
    1,
    1,
    0,
    1,
    1,
    0,
    1,
    0,
    1,
    1,
    2,
    1,
    0,
    1,
    0
  ]
}