{
  "seed": 8989,
  "n_episodes": 30,
  "ep_costs_hdr": [
    131.3302712533546,
    127.95234811509674,
    124.72502039141875,
    128.65624735702966,
    131.1715890495696,
    118.03697988586359,
    736.2822373134053,
    405.4358681121651,
    122.73596619900445,
    415.62263442545554,
    458.20622087926137,
    565.6989940317424,
    134.32251564870427,
    123.82095723915393,
    126.60736362188716,
    131.40820089090195,
    667.9132685265141,
    115.86015311966844,
    128.22407340314533,
    127.31006789458878,
    133.72556646815303,
    130.11488605213816,
    120.62672823988703,
    127.97960573965766,
    134.91940535974345,
    119.98544958596283,
    131.5492135108843,
    127.47382163483253,
    540.5396428451288,
    126.90841331446137
  ],
  "ep_costs_pe": [
    130.68002150776488,
    127.60581658785502,
    124.52909808053059,
    128.1665874172253,
    130.87255000211502,
    118.46711814942546,
    718.9506454937814,
    402.9146534099956,
    122.40942387874563,
    419.16066754370513,
    449.02140228980375,
    622.1174494034765,
    133.85869423683144,
    123.90925942532473,
    125.61096042810064,
    131.14844200882115,
    714.7201962733836,
    115.36054393938443,
    127.08256657782101,
    127.354947961224,
    133.32077075219357,
    129.38558178226103,
    120.02055646352304,
    127.40997518343862,
    134.68283027545698,
    119.22975843876489,
    131.47747117832827,
    126.99866916518742,
    583.8508420994739,
    126.10723366776723
  ],
  "ep_basins": [
    2,
    2,
    2,
    0,
    0,
    0,
    1,
    1,
    0,
    1,
    1,
    1,
    2,
    2,
    0,
    2,
    1,
    2,
    0,
    2,
    2,
    2,
    2,
    2,
    2,
    0,
    2,
    0,
    1,
    0
  ]
}