{
  "seed": 2121,
  "n_episodes": 30,
  "ep_costs_hdr": [
    674.8995375129892,
    117.17533146759003,
    130.59571183792215,
    126.38395814612613,
    133.97522001611554,
    793.9200780286502,
    127.54738090049244,
    615.1065586299538,
    114.8082927951563,
    129.22910325351327,
    123.36513030684979,
    812.5117266751957,
    132.15402059640715,
    127.64238778337374,
    571.1026686041489,
    128.76358425372908,
    510.02287417439106,
    121.71174906320529,
    602.2635049861941,
    131.02936981958018,
    134.48281375468983,
    656.4921337893695,
    125.79251211137472,
    118.39437992435974,
    138.02907990096892,
    124.49176925114297,
    588.2530269562845,
    595.324390066579,
    128.88818709018676,
    112.54892553999412
  ],
  "ep_costs_pe": [
    698.4227842028928,
    116.09697386569123,
    130.24895390718004,
    125.15226364649507,
    133.61359532409028,
    810.0849593013023,
    127.73049936714781,
    624.3258229301493,
    113.41488321429905,
    126.1470634381808,
    122.41889794092315,
    805.2345403188181,
    131.4558854171915,
    127.4719879390051,
    574.3387296884956,
    126.13656514569571,
    506.05918749189607,
    120.1714039457448,
    612.6195159679633,
    131.18706496449227,
    134.4651584505039,
    678.5835102779661,
    125.30052833860611,
    118.01845754507448,
    137.48994999504143,
    123.93899898718443,
    588.2153757221834,
    611.384575634691,
    127.82761631861719,
    111.68702827933704
  ],
  "ep_basins": [
    1,
    0,
    2,
    0,
    2,
    1,
    2,
    1,
    0,
    0,
    0,
    1,
    0,
    2,
    1,
    0,
    1,
    0,
    1,
    2,
    2,
    1,
    2,
    0,
    2,
    2,
    1,
    1,
    0,
    0
  ]
}