{
  "seed": 7777,
  "n_episodes": 30,
  "ep_costs_hdr": [
    935.2834946916477,
    123.77962559951305,
    890.2910612608031,
    1503.5293716174615,
    142.82416648042843,
    129.6044636465812,
    126.09028761807197,
    133.13620074317845,
    704.161083320761,
    120.47822186412522,
    131.31495195867478,
    1181.4686863357892,
    129.09003402570988,
    127.30720646863941,
    134.1078181960542,
    135.9432787193912,
    1052.1001903220676,
    135.1318879963682,
    120.78833682434214,
    132.38198644104972,
    129.8011245830701,
    132.02776445139276,
    128.80912649660326,
    145.23211814060016,
    118.8393230514897,
    119.47913323395933,
    137.29080360288216,
    121.74849792488357,
    876.4403718632756,
    130.40103269403244
  ],
  "ep_costs_pe": [
    965.283632447444,
    124.11957612174461,
    946.0147510601741,
    1493.3089955165751,
    141.93927114840056,
    129.7632843136438,
    125.94021464035191,
    133.22937784396777,
    647.2422768763712,
    120.42825204492968,
    129.792182461136,
    1273.5346596970087,
    127.90999681383988,
    127.6877190871906,
    133.69146765806897,
    135.34119970529167,
    1084.6329968144446,
    134.20650705154276,
    121.10031036408817,
    132.55462877380162,
    129.53309625087184,
    130.1525393029824,
    128.39781051031514,
    144.60908122776183,
    117.8603315592062,
    118.83462293351597,
    136.16842151363554,
    121.52648658958206,
    967.0892848345399,
    129.7543315988873
  ],
  "ep_basins": [
    1,
    2,
    1,
    1,
    0,
    0,
    2,
    2,
    1,
    2,
    0,
    1,
    0,
    2,
    0,
    0,
    1,
    0,
    2,
    2,
    0,
    0,
    2,
    0,
    0,
    2,
    0,
    0,
    1,
    0
  ]
}