{
  "seed": 9090,
  "n_episodes": 30,
  "ep_costs_hdr": [
    135.17003913400856,
    129.84121988751605,
    117.65194431030488,
    122.79000599724155,
    125.7224084200497,
    125.29529842577837,
    129.50433260422375,
    505.273568722068,
    555.5413170552474,
    629.466322112724,
    514.1539228571462,
    123.76825480622125,
    471.38468957246283,
    121.26735328516851,
    130.84148424752433,
    544.0615355112986,
    701.6478331068582,
    112.4385608394298,
    135.80378571380427,
    128.61714048703394,
    132.59386078223494,
    125.7696789740149,
    132.50163994863675,
    120.752354246382,
    112.41697845419155,
    471.49801136883593,
    377.1726763919532,
    119.92571277423461,
    623.7884950568999,
    477.17730373198447
  ],
  "ep_costs_pe": [
    133.82285195605192,
    129.3093386350541,
    116.73444601801968,
    122.0736888410216,
    124.02711145093511,
    125.3264378055285,
    129.62975418459436,
    532.4217565911426,
    562.0689657342554,
    648.9673749758088,
    546.3183092807192,
    122.17706128372811,
    480.43006911128197,
    120.64189084658788,
    130.7933920044189,
    573.4719875566904,
    769.7510768125949,
    111.61473518945839,
    134.6400565850157,
    126.56886296811267,
    131.55753081695053,
    125.83483167889983,
    132.3054319978858,
    119.09382832975962,
    112.53182460536682,
    493.0639878363392,
    376.58203378156725,
    119.5614676600089,
    663.9944692385175,
    497.4155972925435
  ],
  "ep_basins": [
    0,
    2,
    0,
    0,
    0,
    2,
    2,
    1,
    1,
    1,
    1,
    0,
    1,
    0,
    2,
    1,
    1,
    0,
    0,
    0,
    0,
    2,
    2,
    0,
    0,
    1,
    1,
    2,
    1,
    1
  ]
}