{
  "seed": 3030,
  "n_episodes": 30,
  "ep_costs_hdr": [
    524.96115277169,
    680.7484161683499,
    124.01617755989834,
    126.82329670217452,
    122.69451952257563,
    466.3689750352802,
    640.1431734588352,
    120.98388650906588,
    136.56792536696435,
    124.39822358597628,
    118.3223379601505,
    132.84212526918316,
    123.83916697424063,
    131.41604004012925,
    500.9517511597629,
    423.9511697714802,
    538.6730529880699,
    126.63367139317792,
    447.5111172701872,
    123.18571715193072,
    459.08319671352393,
    119.38175388360875,
    123.4473190866318,
    126.68384453016427,
    118.6805176956378,
    123.39214151148565,
    131.85816065683562,
    135.76366638053923,
    131.20517827067562,
    118.73276779173666
  ],
  "ep_costs_pe": [
    568.6346963800488,
    747.6376514142416,
    123.6939906037269,
    126.0641766925522,
    122.64690086113617,
    469.10355151340633,
    703.8143630011111,
    120.54109979870697,
    135.3927312526706,
    123.60965023289513,
    117.64925538513938,
    131.87686771728644,
    122.92405901544565,
    130.59566720068844,
    508.75199283691,
    428.7368740502846,
    568.7915616225132,
    125.89610441107016,
    456.8988050656613,
    122.85528080918637,
    463.4893874571135,
    117.89738150435595,
    122.9836882211142,
    126.54396688997831,
    118.72540387596987,
    123.56327002581025,
    130.6963827128753,
    134.90512264142416,
    131.17849892937892,
    116.97778368510762
  ],
  "ep_basins": [
    1,
    1,
    2,
    2,
    2,
    1,
    1,
    2,
    0,
    0,
    0,
    0,
    0,
    2,
    1,
    1,
    1,
    0,
    1,
    2,
    1,
    0,
    0,
    2,
    2,
    2,
    0,
    0,
    2,
    0
  ]
}