{
  "seed": 2020,
  "n_episodes": 30,
  "ep_costs_hdr": [
    417.2466478750882,
    135.532252885863,
    128.54943254981768,
    128.91542733749614,
    132.5607390879082,
    130.60893942425182,
    122.96420435614726,
    125.71627732765542,
    125.07211020334877,
    130.97084440559775,
    476.97015198187364,
    116.32976541542979,
    137.7479240347724,
    510.7064541888637,
    134.66328711554996,
    130.27212368776176,
    480.4650983169419,
    553.1981012905111,
    125.91217803956748,
    132.86212103452104,
    124.12533430626246,
    637.1173709340982,
    125.77433397804022,
    483.40965207612123,
    124.90928115210251,
    531.0070906911798,
    124.81915908498178,
    134.99672126165424,
    122.34778516458047,
    137.45935932871373
  ],
  "ep_costs_pe": [
    439.44317822162174,
    134.92607042442833,
    126.86470423330218,
    129.07448463339807,
    131.14071956928152,
    130.3170944416909,
    122.87622295975476,
    124.62474759604201,
    123.25309480831977,
    131.21101640817056,
    494.8922734534569,
    115.09165409950045,
    135.9477827666333,
    540.7546166607734,
    134.62049022384116,
    130.31903249503915,
    486.82676521448286,
    601.4197285797588,
    124.06661505492855,
    131.66738915293516,
    124.36235060877195,
    611.4498055406406,
    126.16756740881598,
    473.47814379443633,
    124.26623860025533,
    550.0944651701296,
    125.03222999501716,
    134.47882187525767,
    122.11134070612721,
    136.79122725342174
  ],
  "ep_basins": [
    1,
    2,
    0,
    2,
    0,
    2,
    2,
    0,
    0,
    2,
    1,
    0,
    0,
    1,
    2,
    2,
    1,
    1,
    0,
    0,
    2,
    1,
    2,
    1,
    2,
    1,
    2,
    2,
    2,
    2
  ]
}