{
  "seed": 3939,
  "n_episodes": 30,
  "ep_costs_hdr": [
    130.88629877828777,
    125.84697509681226,
    129.78350889654013,
    136.74703308340753,
    814.5141375332469,
    448.5697006656982,
    566.6140388714613,
    542.1210481892143,
    125.02839377849074,
    559.8691465793823,
    132.15140905877257,
    136.93036260626727,
    140.12550536578948,
    468.0920213689719,
    125.71346511687172,
    531.1687916027372,
    128.22099282534546,
    130.97973717628136,
    131.17573769997597,
    128.11406631574746,
    134.5103290609946,
    122.03524793147761,
    129.40052004352822,
    130.11256733247072,
    127.13202117988023,
    432.90800864218755,
    129.82679234496283,
    792.8949962780554,
    129.5804440622975,
    136.32750764005934
  ],
  "ep_costs_pe": [
    130.65488995287103,
    125.00058315202504,
    129.7036245259071,
    136.72247502867867,
    863.0302959228898,
    462.8135622078383,
    568.3367307160701,
    551.5293051511132,
    123.12806340922214,
    552.7357745104167,
    131.8626146287277,
    136.37790900347895,
    139.19090852418375,
    477.65439600624165,
    125.20132915576711,
    558.9912025307241,
    127.85638985656985,
    130.55554811312166,
    131.05168219244882,
    127.99258945596527,
    134.05757992001722,
    121.13546160947348,
    129.1477429075517,
    129.15834847935108,
    126.83816952712307,
    450.1650247976914,
    129.88733011392546,
    802.0228196851677,
    128.65341333890188,
    136.10909514469571
  ],
  "ep_basins": [
    2,
    0,
    0,
    2,
    1,
    1,
    1,
    1,
    0,
    1,
    0,
    2,
    0,
    1,
    0,
    1,
    2,
    2,
    2,
    2,
    2,
    0,
    2,
    2,
    2,
    1,
    2,
    1,
    0,
    2
  ]
}