{
  "burden_adherence_hdr_nominal": 1.0,
  "circadian_adherence_hdr_nominal": 1.0,
  "gaussian_calibration_abs_error": 0.0011718750000000028,
  "hdr_vs_open_loop_gain_nominal": 0.0006109831835878746,
  "hdr_vs_pooled_gain_nominal": -0.00973258164849249,
  "hdr_vs_pooled_estimated_gain_nominal": -0.003470185662195445,
  "hdr_vs_pooled_estimated_gain_maladaptive": 0.06165962369563915,
  "hdr_vs_pooled_estimated_gain_adaptive": -0.013428447095184592,
  "hdr_maladaptive_win_rate": 0.8181818181818182,
  "benchmark_a_ci_lo": 0.02285882058617679,
  "benchmark_a_ci_hi": 0.10580860926231642,
  "pooled_estimated_vs_oracle_cost_ratio": 0.99142809677449,
  "heavy_tail_calibration_degradation": 0.07117187500000001,
  "mode_error_fit_r2": 0.9987822326760408,
  "mode_error_fit_slope": 0.17431084771831898,
  "n_episode_rows": 3072,
  "safety_delta_vs_pooled_nominal": -0.0013020833333333148,
  "selected_policies": [
    "open_loop",
    "pooled_lqr",
    "basin_lqr",
    "hdr_main",
    "pooled_lqr_estimated"
  ],
  "selected_scenarios": [
    "nominal",
    "model_mismatch"
  ],
  "target_drift_fit_r2": 0.998745289112454,
  "target_drift_fit_slope": 3.2656541499248526
}