{
  "burden_adherence_hdr_nominal": 1.0,
  "circadian_adherence_hdr_nominal": 1.0,
  "gaussian_calibration_abs_error": 6.510416666666297e-05,
  "hdr_vs_open_loop_gain_nominal": 0.00023021297675554633,
  "hdr_vs_pooled_gain_nominal": -0.003130316898038356,
  "hdr_vs_pooled_estimated_gain_nominal": -0.0016975932790497647,
  "hdr_vs_pooled_estimated_gain_maladaptive": 0.034641586866095475,
  "hdr_vs_pooled_estimated_gain_adaptive": -0.004373425547972423,
  "hdr_maladaptive_win_rate": 0.8,
  "benchmark_a_ci_lo": 0.016312594563877063,
  "benchmark_a_ci_hi": 0.05352034426269242,
  "pooled_estimated_vs_oracle_cost_ratio": 0.9961593112214495,
  "heavy_tail_calibration_degradation": 0.07006510416666667,
  "mode_error_fit_r2": 0.9994029381036693,
  "mode_error_fit_slope": 0.17302914596559132,
  "n_episode_rows": 15360,
  "safety_delta_vs_pooled_nominal": 0.0015625000000000222,
  "selected_policies": [
    "open_loop",
    "pooled_lqr",
    "basin_lqr",
    "hdr_main",
    "pooled_lqr_estimated"
  ],
  "selected_scenarios": [
    "nominal",
    "model_mismatch"
  ],
  "target_drift_fit_r2": 0.9987967581719573,
  "target_drift_fit_slope": 3.525501655201276
}