{
  "burden_adherence_hdr_nominal": 1.0,
  "circadian_adherence_hdr_nominal": 1.0,
  "gaussian_calibration_abs_error": 6.510416666666297e-05,
  "hdr_vs_open_loop_gain_nominal": 0.00023021297675554633,
  "hdr_vs_pooled_gain_nominal": -0.003130316898038356,
  "heavy_tail_calibration_degradation": 0.07006510416666667,
  "mode_error_fit_r2": 0.9994029381036693,
  "mode_error_fit_slope": 0.17302914596559132,
  "n_episode_rows": 15360,
  "safety_delta_vs_pooled_nominal": 0.0015625000000000222,
  "selected_policies": [
    "open_loop",
    "pooled_lqr",
    "basin_lqr",
    "hdr_main"
  ],
  "selected_scenarios": [
    "nominal",
    "model_mismatch"
  ],
  "target_drift_fit_r2": 0.9987967581719573,
  "target_drift_fit_slope": 3.525501655201276
}