{
  "state_dim": 8,
  "obs_dim": 16,
  "basins": {
    "0": {
      "rho": 0.7200000000000021,
      "rank_O": 8,
      "cond_O": 1.3797934039685347,
      "O_singular_values": [
        1.8146789346037555,
        1.7039441317857815,
        1.647274457424881,
        1.5125876678745906,
        1.4582709932386961,
        1.4018101074643454,
        1.361277684108139,
        1.315181627470034
      ],
      "gramian_eigenvalues": [
        3.2930596356946205,
        2.903425604247202,
        2.713513138084437,
        2.287921453006293,
        2.126554289721373,
        1.9650715773892,
        1.853076933250818,
        1.7297027132347278
      ],
      "gramian_min_eig": 1.7297027132347278,
      "per_axis": {
        "HPA": {
          "index": 0,
          "O_col_norm": 1.5209517212935857,
          "gramian_diag": 2.313294138505922,
          "latent": false
        },
        "immune": {
          "index": 1,
          "O_col_norm": 1.5075513287480125,
          "gramian_diag": 2.272711008809898,
          "latent": false
        },
        "E": {
          "index": 2,
          "O_col_norm": 1.591557214286943,
          "gramian_diag": 2.5330543663488143,
          "latent": true
        },
        "mito": {
          "index": 3,
          "O_col_norm": 1.5793986636914985,
          "gramian_diag": 2.4945001388704915,
          "latent": true
        },
        "P": {
          "index": 4,
          "O_col_norm": 1.541015447766394,
          "gramian_diag": 2.374728610254659,
          "latent": true
        },
        "sleep": {
          "index": 5,
          "O_col_norm": 1.3789170945445113,
          "gramian_diag": 1.9014123536270768,
          "latent": false
        },
        "metab": {
          "index": 6,
          "O_col_norm": 1.4384290573384133,
          "gramian_diag": 2.069078152995476,
          "latent": false
        },
        "cardio": {
          "index": 7,
          "O_col_norm": 1.7069114139920478,
          "gramian_diag": 2.9135465752163325,
          "latent": false
        }
      }
    },
    "1": {
      "rho": 0.960000000000003,
      "rank_O": 8,
      "cond_O": 2.3197902271745767,
      "O_singular_values": [
        3.195831506510155,
        2.807758055837562,
        2.365482125329125,
        1.922008268691245,
        1.8247729488689588,
        1.6407771216708869,
        1.484783124464639,
        1.3776381454984254
      ],
      "gramian_eigenvalues": [
        10.213339018002964,
        7.883505300120712,
        5.595505685251592,
        3.6941157849175164,
        3.329796314923914,
        2.692149562998598,
        2.2045809266949745,
        1.897886859932341
      ],
      "gramian_min_eig": 1.897886859932341,
      "per_axis": {
        "HPA": {
          "index": 0,
          "O_col_norm": 1.7019735412958898,
          "gramian_diag": 2.8967139352712716,
          "latent": false
        },
        "immune": {
          "index": 1,
          "O_col_norm": 2.1028590391399224,
          "gramian_diag": 4.422016138492477,
          "latent": false
        },
        "E": {
          "index": 2,
          "O_col_norm": 2.2918190507119394,
          "gramian_diag": 5.252434561206172,
          "latent": true
        },
        "mito": {
          "index": 3,
          "O_col_norm": 2.436556220801458,
          "gramian_diag": 5.936806217126283,
          "latent": true
        },
        "P": {
          "index": 4,
          "O_col_norm": 2.41862270192549,
          "gramian_diag": 5.849735774269356,
          "latent": true
        },
        "sleep": {
          "index": 5,
          "O_col_norm": 1.7233091911659688,
          "gramian_diag": 2.969794568357105,
          "latent": false
        },
        "metab": {
          "index": 6,
          "O_col_norm": 2.2156933710037015,
          "gramian_diag": 4.909297114309747,
          "latent": false
        },
        "cardio": {
          "index": 7,
          "O_col_norm": 2.296536771708696,
          "gramian_diag": 5.274081143810201,
          "latent": false
        }
      }
    },
    "2": {
      "rho": 0.5499999999999992,
      "rank_O": 8,
      "cond_O": 1.3408118321540077,
      "O_singular_values": [
        1.6104311855309612,
        1.477090365417847,
        1.3956842709459987,
        1.360592550091007,
        1.3215836978926438,
        1.311233379873142,
        1.2634911924062493,
        1.201086645352623
      ],
      "gramian_eigenvalues": [
        2.5934886033306563,
        2.18179594761023,
        1.9479345841660642,
        1.8512120873631503,
        1.7465834705355947,
        1.7193329764935437,
        1.5964099932881655,
        1.442609129644417
      ],
      "gramian_min_eig": 1.442609129644417,
      "per_axis": {
        "HPA": {
          "index": 0,
          "O_col_norm": 1.4008784362206113,
          "gramian_diag": 1.9624603930679048,
          "latent": false
        },
        "immune": {
          "index": 1,
          "O_col_norm": 1.3044747804887586,
          "gramian_diag": 1.701654452931195,
          "latent": false
        },
        "E": {
          "index": 2,
          "O_col_norm": 1.3334709444892652,
          "gramian_diag": 1.7781447597970932,
          "latent": true
        },
        "mito": {
          "index": 3,
          "O_col_norm": 1.3482774573316272,
          "gramian_diag": 1.8178521019486373,
          "latent": true
        },
        "P": {
          "index": 4,
          "O_col_norm": 1.2372830044511982,
          "gramian_diag": 1.530869233103784,
          "latent": true
        },
        "sleep": {
          "index": 5,
          "O_col_norm": 1.4542433801956467,
          "gramian_diag": 2.1148238088428606,
          "latent": false
        },
        "metab": {
          "index": 6,
          "O_col_norm": 1.4535346076374656,
          "gramian_diag": 2.1127628555998017,
          "latent": false
        },
        "cardio": {
          "index": 7,
          "O_col_norm": 1.4355483924760397,
          "gramian_diag": 2.060799187140542,
          "latent": false
        }
      }
    }
  },
  "verdict": "OBSERVABLE",
  "proceed_to_kalman": "YES"
}